ID_ACCIDENTE,ANYO,MES,DIA_SEMANA,HORA,COD_PROVINCIA,COD_MUNICIPIO,ISLA,ZONA,ZONA_AGRUPADA,CARRETERA,KM,SENTIDO_1F,TITULARIDAD_VIA,TIPO_VIA,TIPO_ACCIDENTE,TOTAL_MU24H,TOTAL_HG24H,TOTAL_HL24H,TOTAL_VICTIMAS_24H,TOTAL_MU30DF,TOTAL_HG30DF,TOTAL_HL30DF,TOTAL_VICTIMAS_30DF,TOTAL_VEHICULOS,TOT_PEAT_MU24H,TOT_BICI_MU24H,TOT_CICLO_MU24H,TOT_MOTO_MU24H,TOT_TUR_MU24H,TOT_FURG_MU24H,TOT_CAM_MENOS3500_MU24H,TOT_CAM_MAS3500_MU24H,TOT_BUS_MU24H,TOT_OTRO_MU24H,TOT_SINESPECIF_MU24H,TOT_PEAT_MU30DF,TOT_BICI_MU30DF,TOT_CICLO_MU30DF,TOT_MOTO_MU30DF,TOT_TUR_MU30DF,TOT_FURG_MU30DF,TOT_CAM_MENOS3500_MU30DF,TOT_CAM_MAS3500_MU30DF,TOT_BUS_MU30DF,TOT_VMP_MU30DF,TOT_OTRO_MU30DF,TOT_SINESPECIF_MU30DF,NUDO,NUDO_INFO,CARRETERA_CRUCE,PRIORI_NORMA,PRIORI_AGENTE,PRIORI_SEMAFORO,PRIORI_VERT_STOP,PRIORI_VERT_CEDA,PRIORI_HORIZ_STOP,PRIORI_HORIZ_CEDA,PRIORI_MARCAS,PRIORI_PEA_NO_ELEV,PRIORI_PEA_ELEV,PRIORI_MARCA_CICLOS,PRIORI_CIRCUNSTANCIAL,PRIORI_OTRA,CONDICION_NIVEL_CIRCULA,CONDICION_FIRME,CONDICION_ILUMINACION,CONDICION_METEO,CONDICION_NIEBLA,CONDICION_VIENTO,VISIB_RESTRINGIDA_POR,ACERA,TRAZADO_PLANTA
11722,2024,1,7,12,8,08305,,1,1,N-340,1213,4,1,6,4,0,0,1,1,0,0,1,1,2,0,0,0,0,0,0,0,0,0,0,0,0,0,0,0,0,0,0,0,0,0,0,0,1,999,,999,999,999,999,999,999,999,999,999,999,999,999,999,999,1,1,1,,,999,998,4
11723,2024,1,7,14,8,00000,,1,1,BV-2122,8.5,4,5,6,8,0,0,2,2,0,0,2,2,1,0,0,0,0,0,0,0,0,0,0,0,0,0,0,0,0,0,0,0,0,0,0,0,1,999,,999,999,999,999,999,999,999,999,999,999,999,999,999,999,3,1,1,,,999,998,4
11724,2024,1,7,16,8,08200,,1,1,C-245,11,4,5,6,6,0,0,1,1,0,0,1,1,1,0,0,0,0,0,0,0,0,0,0,0,0,0,0,0,0,0,0,0,0,0,0,0,1,999,,999,999,999,999,999,999,999,999,999,999,999,999,999,999,1,1,1,,,999,998,4
11725,2024,1,7,16,8,08051,,1,1,B-124,12.9,4,5,6,19,0,0,1,1,0,0,1,1,1,0,0,0,0,0,0,0,0,0,0,0,0,0,0,0,0,0,0,0,0,0,0,0,1,999,,999,999,999,999,999,999,999,999,999,999,999,999,999,999,1,1,1,,,999,998,4
11726,2024,1,3,16,8,08298,,3,2,No inventariada,,4,5,14,7,0,0,1,1,0,0,1,1,1,0,0,0,0,0,0,0,0,0,0,0,0,0,0,0,0,0,0,0,0,0,0,0,2,2,,1,0,0,0,0,0,0,0,0,0,0,0,0,999,1,1,1,,,17,999,998
11727,2024,1,4,9,8,08102,,3,2,No inventariada,,4,5,14,7,0,0,1,1,0,0,1,1,1,0,0,0,0,0,0,0,0,0,0,0,0,0,0,0,0,0,0,0,0,0,0,0,2,1,,0,0,1,0,0,0,0,0,0,0,0,0,0,999,1,1,1,,,17,999,998
11728,2024,1,4,8,8,08298,,3,2,No inventariada,,4,5,14,7,0,0,1,1,0,0,1,1,1,0,0,0,0,0,0,0,0,0,0,0,0,0,0,0,0,0,0,0,0,0,0,0,2,2,,0,0,1,0,0,0,0,0,0,0,0,0,0,999,1,1,1,,,17,999,998
11729,2024,1,3,21,8,08121,,3,2,No inventariada,,4,5,14,4,0,0,1,1,0,0,1,1,2,0,0,0,0,0,0,0,0,0,0,0,0,0,0,0,0,0,0,0,0,0,0,0,1,999,,999,999,999,999,999,999,999,999,999,999,999,999,999,999,1,4,1,,,17,998,998
11730,2024,1,1,6,8,08121,,3,2,No inventariada,,4,5,14,2,0,1,0,1,0,1,0,1,2,0,0,0,0,0,0,0,0,0,0,0,0,0,0,0,0,0,0,0,0,0,0,0,2,4,,0,0,0,0,0,0,0,0,0,0,0,0,1,999,1,4,1,,,17,998,998
11731,2024,1,1,14,8,08015,,3,2,No inventariada,,4,5,14,4,0,0,1,1,0,0,1,1,3,0,0,0,0,0,0,0,0,0,0,0,0,0,0,0,0,0,0,0,0,0,0,0,2,1,,0,0,0,0,0,0,0,0,0,0,0,0,1,999,1,1,1,,,17,998,998
11732,2024,1,7,19,8,08019,,3,2,No inventariada,,4,5,14,2,0,0,2,2,0,0,2,2,2,0,0,0,0,0,0,0,0,0,0,0,0,0,0,0,0,0,0,0,0,0,0,0,2,1,,999,999,999,999,999,999,999,999,999,999,999,999,999,999,1,5,1,1,,999,998,998
11733,2024,1,3,15,8,08019,,3,2,No inventariada,,4,5,14,3,0,0,1,1,0,0,1,1,2,0,0,0,0,0,0,0,0,0,0,0,0,0,0,0,0,0,0,0,0,0,0,0,1,999,,999,999,999,999,999,999,999,999,999,999,999,999,999,999,1,1,1,1,,999,998,998
11734,2024,1,4,21,8,08019,,3,2,No inventariada,,4,5,14,3,0,0,2,2,0,0,2,2,2,0,0,0,0,0,0,0,0,0,0,0,0,0,0,0,0,0,0,0,0,0,0,0,2,1,,999,999,999,999,999,999,999,999,999,999,999,999,999,999,1,5,1,1,,999,998,998
11735,2024,1,4,21,8,08019,,3,2,No inventariada,,4,5,14,1,0,0,1,1,0,0,1,1,2,0,0,0,0,0,0,0,0,0,0,0,0,0,0,0,0,0,0,0,0,0,0,0,2,1,,999,999,999,999,999,999,999,999,999,999,999,999,999,999,1,5,1,1,,999,998,998
11736,2024,1,4,17,8,08019,,3,2,No inventariada,,4,5,14,2,0,0,1,1,0,0,1,1,2,0,0,0,0,0,0,0,0,0,0,0,0,0,0,0,0,0,0,0,0,0,0,0,2,1,,999,999,999,999,999,999,999,999,999,999,999,999,999,999,1,1,1,1,,999,998,998
11737,2024,1,6,1,8,08019,,1,1,B-20,11.3,4,5,14,9,0,0,1,1,0,0,1,1,1,0,0,0,0,0,0,0,0,0,0,0,0,0,0,0,0,0,0,0,0,0,0,0,1,999,,999,999,999,999,999,999,999,999,999,999,999,999,999,999,1,5,1,1,,999,998,4
11738,2024,1,7,22,8,08019,,3,2,No inventariada,,4,5,14,2,0,0,1,1,0,0,1,1,2,0,0,0,0,0,0,0,0,0,0,0,0,0,0,0,0,0,0,0,0,0,0,0,2,1,,999,999,999,999,999,999,999,999,999,999,999,999,999,999,1,5,1,1,,999,998,998
11739,2024,1,1,6,8,08019,,3,2,No inventariada,,4,5,14,20,0,0,1,1,0,0,1,1,2,0,0,0,0,0,0,0,0,0,0,0,0,0,0,0,0,0,0,0,0,0,0,0,1,999,,999,999,999,999,999,999,999,999,999,999,999,999,999,999,1,1,1,1,,999,998,998
11740,2024,1,1,14,8,08019,,3,2,No inventariada,,4,5,14,2,0,0,1,1,0,0,1,1,2,0,0,0,0,0,0,0,0,0,0,0,0,0,0,0,0,0,0,0,0,0,0,0,2,2,,999,999,999,999,999,999,999,999,999,999,999,999,999,999,1,1,1,1,,999,998,998
11741,2024,1,1,17,8,08019,,3,2,No inventariada,,4,5,14,3,0,0,1,1,0,0,1,1,2,0,0,0,0,0,0,0,0,0,0,0,0,0,0,0,0,0,0,0,0,0,0,0,1,999,,999,999,999,999,999,999,999,999,999,999,999,999,999,999,1,1,1,1,,999,998,998
11742,2024,1,1,17,8,08019,,3,2,No inventariada,,4,5,14,2,0,0,2,2,0,0,2,2,2,0,0,0,0,0,0,0,0,0,0,0,0,0,0,0,0,0,0,0,0,0,0,0,2,1,,999,999,999,999,999,999,999,999,999,999,999,999,999,999,1,1,1,1,,999,998,998
11743,2024,1,5,17,8,08266,,1,1,BP-1413,4.2,4,5,6,2,0,0,1,1,0,0,1,1,1,0,0,0,0,0,0,0,0,0,0,0,0,0,0,0,0,0,0,0,0,0,0,0,2,4,,0,0,0,0,0,0,0,0,0,0,0,0,1,999,1,1,1,,,999,998,4
11744,2024,1,1,10,8,08279,,1,1,C-16,24,4,5,2,4,0,0,2,2,0,0,2,2,3,0,0,0,0,0,0,0,0,0,0,0,0,0,0,0,0,0,0,0,0,0,0,0,2,,,0,0,0,0,0,0,0,0,0,0,0,0,1,999,1,1,1,,,999,998,4
11745,2024,1,1,11,8,08252,,1,1,AP-7,146.5,4,1,2,4,0,0,2,2,0,0,2,2,9,0,0,0,0,0,0,0,0,0,0,0,0,0,0,0,0,0,0,0,0,0,0,0,1,999,,999,999,999,999,999,999,999,999,999,999,999,999,999,999,1,1,1,,,999,998,4
11746,2024,1,1,8,8,08135,,1,1,C-35,28.5,4,5,6,2,0,0,1,1,0,0,1,1,2,0,0,0,0,0,0,0,0,0,0,0,0,0,0,0,0,0,0,0,0,0,0,0,2,4,,0,0,0,0,0,0,0,0,0,0,0,0,1,999,1,1,1,,,999,998,4
11747,2024,1,1,8,8,08213,,1,1,BV-4511,3.3,1,3,6,1,0,1,1,2,0,1,1,2,3,0,0,0,0,0,0,0,0,0,0,0,0,0,0,0,0,0,0,0,0,0,0,0,1,999,,999,999,999,999,999,999,999,999,999,999,999,999,999,2,1,1,1,,,17,998,1
11748,2024,1,1,15,8,08073,,1,1,A-2,609.5,4,1,3,3,0,0,1,1,0,0,1,1,2,0,0,0,0,0,0,0,0,0,0,0,0,0,0,0,0,0,0,0,0,0,0,0,1,999,,999,999,999,999,999,999,999,999,999,999,999,999,999,999,1,1,1,,,999,998,4
11749,2024,1,1,14,8,08077,,1,1,C-32,62.6,4,5,3,6,0,0,1,1,0,0,1,1,2,0,0,0,0,0,0,0,0,0,0,0,0,0,0,0,0,0,0,0,0,0,0,0,1,999,,999,999,999,999,999,999,999,999,999,999,999,999,999,999,1,1,1,,,999,998,4
11750,2024,1,3,12,8,08200,,3,2,No inventariada,,4,5,14,9,0,0,1,1,0,0,1,1,1,0,0,0,0,0,0,0,0,0,0,0,0,0,0,0,0,0,0,0,0,0,0,0,1,999,,999,999,999,999,999,999,999,999,999,999,999,999,999,999,3,1,3,,,17,998,998
11751,2024,1,6,12,8,08089,,3,2,No inventariada,,4,5,14,7,0,0,1,1,0,0,1,1,1,0,0,0,0,0,0,0,0,0,0,0,0,0,0,0,0,0,0,0,0,0,0,0,2,1,,0,0,0,0,0,0,0,0,0,0,0,0,1,999,1,1,1,,,17,999,998
11752,2024,1,5,11,8,08121,,3,2,No inventariada,,4,5,14,7,0,0,1,1,0,0,1,1,1,0,0,0,0,0,0,0,0,0,0,0,0,0,0,0,0,0,0,0,0,0,0,0,1,999,,999,999,999,999,999,999,999,999,999,999,999,999,999,999,1,1,1,,,17,999,998
11753,2024,1,2,7,8,08073,,3,2,No inventariada,,4,5,14,2,0,0,1,1,0,0,1,1,2,0,0,0,0,0,0,0,0,0,0,0,0,0,0,0,0,0,0,0,0,0,0,0,2,1,,0,0,1,0,0,0,0,0,0,0,0,0,0,999,1,4,1,,,17,998,998
11754,2024,1,5,19,8,08107,,3,2,No inventariada,,4,5,14,9,0,0,1,1,0,0,1,1,1,0,0,0,0,0,0,0,0,0,0,0,0,0,0,0,0,0,0,0,0,0,0,0,1,999,,999,999,999,999,999,999,999,999,999,999,999,999,999,999,1,4,1,,,17,998,998
11755,2024,1,1,9,8,08252,,3,2,No inventariada,,4,5,14,7,0,0,1,1,0,0,1,1,1,0,0,0,0,0,0,0,0,0,0,0,0,0,0,0,0,0,0,0,0,0,0,0,1,999,,999,999,999,999,999,999,999,999,999,999,999,999,999,999,1,1,1,,,17,999,998
11756,2024,1,5,20,8,08101,,3,2,No inventariada,,4,5,14,2,0,0,1,1,0,0,1,1,2,0,0,0,0,0,0,0,0,0,0,0,0,0,0,0,0,0,0,0,0,0,0,0,2,4,,1,0,0,0,0,0,0,0,0,0,0,0,0,999,1,4,1,,,17,998,998
11757,2024,1,5,13,8,08101,,3,2,No inventariada,,4,5,14,9,0,0,1,1,0,0,1,1,1,0,0,0,0,0,0,0,0,0,0,0,0,0,0,0,0,0,0,0,0,0,0,0,1,999,,999,999,999,999,999,999,999,999,999,999,999,999,999,999,3,1,1,,,17,998,998
11758,2024,1,1,16,8,08101,,3,2,No inventariada,,4,5,14,9,0,0,1,1,0,0,1,1,1,0,0,0,0,0,0,0,0,0,0,0,0,0,0,0,0,0,0,0,0,0,0,0,1,999,,999,999,999,999,999,999,999,999,999,999,999,999,999,999,1,1,1,,,17,999,998
11759,2024,1,7,20,8,08101,,3,2,No inventariada,,4,5,14,7,0,0,1,1,0,0,1,1,1,0,0,0,0,0,0,0,0,0,0,0,0,0,0,0,0,0,0,0,0,0,0,0,1,999,,999,999,999,999,999,999,999,999,999,999,999,999,999,999,1,4,1,,,17,999,998
11760,2024,1,1,5,8,08019,,1,1,B-10,10.8,4,5,14,6,1,1,2,4,1,1,2,4,1,0,0,0,0,0,1,0,0,0,0,0,0,0,0,0,0,1,0,0,0,0,0,0,1,999,,999,999,999,999,999,999,999,999,999,999,999,999,999,1,1,5,1,1,,1,998,4
11761,2024,1,5,9,8,08019,,3,2,No inventariada,,4,5,14,20,0,0,1,1,0,0,1,1,2,0,0,0,0,0,0,0,0,0,0,0,0,0,0,0,0,0,0,0,0,0,0,0,1,999,,999,999,999,999,999,999,999,999,999,999,999,999,999,999,1,1,1,1,,999,998,998
11762,2024,1,5,13,8,08019,,3,2,No inventariada,,4,5,14,7,0,0,1,1,0,0,1,1,1,0,0,0,0,0,0,0,0,0,0,0,0,0,0,0,0,0,0,0,0,0,0,0,2,1,,999,999,999,999,999,999,999,999,999,999,999,999,999,999,1,1,1,1,,999,999,998
11763,2024,1,5,19,8,08019,,3,2,No inventariada,,4,5,14,7,0,0,1,1,0,0,1,1,1,0,0,0,0,0,0,0,0,0,0,0,0,0,0,0,0,0,0,0,0,0,0,0,1,999,,999,999,999,999,999,999,999,999,999,999,999,999,999,999,1,1,1,1,,999,999,998
11764,2024,1,7,19,8,08019,,3,2,No inventariada,,4,5,14,6,0,0,1,1,0,0,1,1,2,0,0,0,0,0,0,0,0,0,0,0,0,0,0,0,0,0,0,0,0,0,0,0,1,999,,999,999,999,999,999,999,999,999,999,999,999,999,999,999,1,5,1,1,,999,998,998
11765,2024,1,1,17,8,08019,,3,2,No inventariada,,4,5,14,20,0,0,1,1,0,0,1,1,1,0,0,0,0,0,0,0,0,0,0,0,0,0,0,0,0,0,0,0,0,0,0,0,2,1,,999,999,999,999,999,999,999,999,999,999,999,999,999,999,1,1,1,1,,999,998,998
11766,2024,1,1,18,8,08019,,1,1,B-10,12.2,4,1,3,20,0,0,1,1,0,0,1,1,4,0,0,0,0,0,0,0,0,0,0,0,0,0,0,0,0,0,0,0,0,0,0,0,1,999,,999,999,999,999,999,999,999,999,999,999,999,999,999,999,1,1,1,1,,999,998,4
11767,2024,1,2,8,8,08019,,3,2,No inventariada,,4,5,14,20,0,0,1,1,0,0,1,1,2,0,0,0,0,0,0,0,0,0,0,0,0,0,0,0,0,0,0,0,0,0,0,0,1,999,,999,999,999,999,999,999,999,999,999,999,999,999,999,999,1,1,1,1,,999,998,998
11768,2024,1,2,11,8,08019,,3,2,No inventariada,,4,5,14,7,0,0,1,1,0,0,1,1,1,0,0,0,0,0,0,0,0,0,0,0,0,0,0,0,0,0,0,0,0,0,0,0,1,999,,999,999,999,999,999,999,999,999,999,999,999,999,999,999,1,1,1,1,,999,999,998
11769,2024,1,2,11,8,08019,,3,2,No inventariada,,4,5,14,20,0,0,1,1,0,0,1,1,1,0,0,0,0,0,0,0,0,0,0,0,0,0,0,0,0,0,0,0,0,0,0,0,2,1,,999,999,999,999,999,999,999,999,999,999,999,999,999,999,1,1,1,1,,999,998,998
11770,2024,1,2,13,8,08019,,1,1,B-10,6.8,4,5,14,20,0,0,1,1,0,0,1,1,2,0,0,0,0,0,0,0,0,0,0,0,0,0,0,0,0,0,0,0,0,0,0,0,1,999,,999,999,999,999,999,999,999,999,999,999,999,999,999,999,1,1,1,1,,999,998,4
11771,2024,1,2,13,8,08019,,3,2,No inventariada,,4,5,14,7,0,0,2,2,0,0,2,2,1,0,0,0,0,0,0,0,0,0,0,0,0,0,0,0,0,0,0,0,0,0,0,0,2,1,,999,999,999,999,999,999,999,999,999,999,999,999,999,999,1,1,1,1,,999,999,998
11772,2024,1,1,21,8,08019,,3,2,No inventariada,,4,5,14,3,0,0,1,1,0,0,1,1,2,0,0,0,0,0,0,0,0,0,0,0,0,0,0,0,0,0,0,0,0,0,0,0,2,2,,999,999,999,999,999,999,999,999,999,999,999,999,999,999,1,1,1,1,,999,998,998
11773,2024,1,2,14,8,08019,,3,2,No inventariada,,4,5,14,3,0,0,1,1,0,0,1,1,2,0,0,0,0,0,0,0,0,0,0,0,0,0,0,0,0,0,0,0,0,0,0,0,1,999,,999,999,999,999,999,999,999,999,999,999,999,999,999,999,1,1,1,1,,999,998,998
11774,2024,1,5,16,8,08019,,3,2,No inventariada,,4,5,14,20,0,0,5,5,0,0,5,5,2,0,0,0,0,0,0,0,0,0,0,0,0,0,0,0,0,0,0,0,0,0,0,0,1,999,,999,999,999,999,999,999,999,999,999,999,999,999,999,999,1,1,1,1,,999,998,998
11775,2024,1,2,21,8,08019,,3,2,No inventariada,,4,5,14,2,0,0,1,1,0,0,1,1,2,0,0,0,0,0,0,0,0,0,0,0,0,0,0,0,0,0,0,0,0,0,0,0,2,1,,999,999,999,999,999,999,999,999,999,999,999,999,999,999,1,5,1,1,,999,998,998
11776,2024,1,1,12,8,08301,,3,2,No inventariada,,4,5,14,4,0,0,1,1,0,0,1,1,2,0,0,0,0,0,0,0,0,0,0,0,0,0,0,0,0,0,0,0,0,0,0,0,1,999,,999,999,999,999,999,999,999,999,999,999,999,999,999,999,1,1,1,,,17,998,998
11777,2024,1,1,17,8,08089,,3,2,No inventariada,,4,5,14,2,0,0,1,1,0,0,1,1,2,0,0,0,0,0,0,0,0,0,0,0,0,0,0,0,0,0,0,0,0,0,0,0,1,999,,999,999,999,999,999,999,999,999,999,999,999,999,999,999,1,1,1,,,17,998,998
11778,2024,1,5,21,8,08125,,1,1,C-58,4.5,4,5,2,19,0,0,2,2,0,0,2,2,1,0,0,0,0,0,0,0,0,0,0,0,0,0,0,0,0,0,0,0,0,0,0,0,2,,,0,0,0,0,0,0,0,0,0,0,0,0,1,999,1,6,1,,,999,998,4
11779,2024,1,6,10,8,08262,,1,1,C-55,21.5,4,5,6,4,0,0,9,9,0,0,9,9,3,0,0,0,0,0,0,0,0,0,0,0,0,0,0,0,0,0,0,0,0,0,0,0,1,999,,999,999,999,999,999,999,999,999,999,999,999,999,999,999,3,1,1,,,999,998,4
11780,2024,1,1,10,8,08205,,1,1,AP-7,158.7,4,1,2,3,0,0,1,1,0,0,1,1,2,0,0,0,0,0,0,0,0,0,0,0,0,0,0,0,0,0,0,0,0,0,0,0,1,999,,999,999,999,999,999,999,999,999,999,999,999,999,999,999,1,1,1,,,999,998,4
11781,2024,1,2,7,8,08305,,1,1,C-15,15.9,4,5,6,3,0,0,2,2,0,0,2,2,2,0,0,0,0,0,0,0,0,0,0,0,0,0,0,0,0,0,0,0,0,0,0,0,2,,,0,0,0,0,0,0,0,0,0,0,0,0,1,999,1,1,1,,,999,998,4
11782,2024,1,2,13,8,08205,,1,1,AP-7,159.3,4,1,2,3,0,0,2,2,0,0,2,2,2,0,0,0,0,0,0,0,0,0,0,0,0,0,0,0,0,0,0,0,0,0,0,0,1,999,,999,999,999,999,999,999,999,999,999,999,999,999,999,999,1,1,1,,,999,998,4
11783,2024,1,2,14,8,08019,,1,1,C-58,0,4,5,2,4,0,0,3,3,0,0,3,3,3,0,0,0,0,0,0,0,0,0,0,0,0,0,0,0,0,0,0,0,0,0,0,0,2,,,0,0,0,0,0,0,0,0,0,0,0,0,1,999,1,1,1,,,999,998,4
11784,2024,1,2,16,8,08245,,1,1,B-20,18.1,4,1,2,4,0,0,3,3,0,0,3,3,3,0,0,0,0,0,0,0,0,0,0,0,0,0,0,0,0,0,0,0,0,0,0,0,1,999,,999,999,999,999,999,999,999,999,999,999,999,999,999,999,1,1,1,,,999,998,4
11785,2024,1,1,14,8,08285,,3,2,No inventariada,,4,5,14,7,0,0,1,1,0,0,1,1,1,0,0,0,0,0,0,0,0,0,0,0,0,0,0,0,0,0,0,0,0,0,0,0,1,999,,999,999,999,999,999,999,999,999,999,999,999,999,999,999,1,1,1,,,17,999,998
11786,2024,1,3,13,8,08285,,3,2,No inventariada,,4,5,14,4,0,0,1,1,0,0,1,1,2,0,0,0,0,0,0,0,0,0,0,0,0,0,0,0,0,0,0,0,0,0,0,0,2,2,,1,0,0,0,0,0,0,0,0,0,0,0,0,999,1,1,1,,,17,998,998
11787,2024,1,5,11,8,08285,,3,2,No inventariada,,4,5,14,4,0,0,1,1,0,0,1,1,2,0,0,0,0,0,0,0,0,0,0,0,0,0,0,0,0,0,0,0,0,0,0,0,2,2,,1,0,0,0,0,0,0,0,0,0,0,0,0,999,1,1,1,,,17,998,998
11788,2024,1,1,19,8,08285,,3,2,No inventariada,,4,5,14,7,0,0,1,1,0,0,1,1,1,0,0,0,0,0,0,0,0,0,0,0,0,0,0,0,0,0,0,0,0,0,0,0,1,999,,999,999,999,999,999,999,999,999,999,999,999,999,999,999,1,1,1,,,17,999,998
11789,2024,1,2,15,8,08285,,3,2,No inventariada,,4,5,14,9,0,0,1,1,0,0,1,1,1,0,0,0,0,0,0,0,0,0,0,0,0,0,0,0,0,0,0,0,0,0,0,0,1,999,,999,999,999,999,999,999,999,999,999,999,999,999,999,999,8,1,1,,,17,998,998
11790,2024,1,2,7,8,08118,,3,2,No inventariada,,4,5,14,2,0,0,1,1,0,0,1,1,2,0,0,0,0,0,0,0,0,0,0,0,0,0,0,0,0,0,0,0,0,0,0,0,2,2,,0,0,0,0,0,0,0,0,0,0,0,0,1,999,1,1,1,,,17,998,998
11791,2024,1,2,17,8,08180,,3,2,No inventariada,,4,5,14,2,0,0,1,1,0,0,1,1,2,0,0,0,0,0,0,0,0,0,0,0,0,0,0,0,0,0,0,0,0,0,0,0,2,1,,0,0,0,0,0,0,0,0,0,0,0,0,1,999,1,1,1,,,17,998,998
11792,2024,1,1,20,8,08298,,3,2,No inventariada,,4,5,14,7,0,0,1,1,0,0,1,1,1,0,0,0,0,0,0,0,0,0,0,0,0,0,0,0,0,0,0,0,0,0,0,0,1,999,,999,999,999,999,999,999,999,999,999,999,999,999,999,999,1,4,1,,,17,999,998
11793,2024,1,2,18,8,08019,,3,2,No inventariada,,4,5,14,2,0,0,1,1,0,0,1,1,2,0,0,0,0,0,0,0,0,0,0,0,0,0,0,0,0,0,0,0,0,0,0,0,2,1,,999,999,999,999,999,999,999,999,999,999,999,999,999,999,1,1,1,1,,999,998,998
11794,2024,1,6,15,8,08019,,1,1,B-20,8.9,4,5,14,20,0,0,2,2,0,0,2,2,2,0,0,0,0,0,0,0,0,0,0,0,0,0,0,0,0,0,0,0,0,0,0,0,1,999,,999,999,999,999,999,999,999,999,999,999,999,999,999,999,1,5,1,1,,999,998,4
11795,2024,1,6,18,8,08019,,3,2,No inventariada,,4,5,14,2,0,0,3,3,0,0,3,3,2,0,0,0,0,0,0,0,0,0,0,0,0,0,0,0,0,0,0,0,0,0,0,0,2,1,,999,999,999,999,999,999,999,999,999,999,999,999,999,999,1,5,1,1,,999,998,998
11796,2024,1,5,15,8,08019,,3,2,No inventariada,,4,5,14,3,0,0,1,1,0,0,1,1,2,0,0,0,0,0,0,0,0,0,0,0,0,0,0,0,0,0,0,0,0,0,0,0,2,2,,999,999,999,999,999,999,999,999,999,999,999,999,999,999,1,1,1,1,,999,998,998
11797,2024,1,5,15,8,08019,,3,2,No inventariada,,4,5,14,3,0,0,1,1,0,0,1,1,2,0,0,0,0,0,0,0,0,0,0,0,0,0,0,0,0,0,0,0,0,0,0,0,2,1,,999,999,999,999,999,999,999,999,999,999,999,999,999,999,1,1,1,1,,999,998,998
11798,2024,1,5,17,8,08019,,1,1,B-20,9,4,5,14,20,0,0,1,1,0,0,1,1,3,0,0,0,0,0,0,0,0,0,0,0,0,0,0,0,0,0,0,0,0,0,0,0,1,999,,999,999,999,999,999,999,999,999,999,999,999,999,999,999,1,1,1,1,,999,998,4
11799,2024,1,6,15,8,08019,,3,2,No inventariada,,4,5,14,7,0,0,1,1,0,0,1,1,1,0,0,0,0,0,0,0,0,0,0,0,0,0,0,0,0,0,0,0,0,0,0,0,1,999,,999,999,999,999,999,999,999,999,999,999,999,999,999,999,1,1,1,1,,999,999,998
11800,2024,1,7,12,8,08019,,3,2,No inventariada,,4,5,14,1,0,0,1,1,0,0,1,1,2,0,0,0,0,0,0,0,0,0,0,0,0,0,0,0,0,0,0,0,0,0,0,0,2,1,,999,999,999,999,999,999,999,999,999,999,999,999,999,999,1,1,1,1,,999,998,998
11801,2024,1,6,21,8,08019,,3,2,No inventariada,,4,5,14,20,0,0,1,1,0,0,1,1,2,0,0,0,0,0,0,0,0,0,0,0,0,0,0,0,0,0,0,0,0,0,0,0,1,999,,999,999,999,999,999,999,999,999,999,999,999,999,999,999,1,5,1,1,,999,998,998
11802,2024,1,1,5,8,08019,,3,2,No inventariada,,4,5,14,2,0,0,2,2,0,0,2,2,2,0,0,0,0,0,0,0,0,0,0,0,0,0,0,0,0,0,0,0,0,0,0,0,2,1,,999,999,999,999,999,999,999,999,999,999,999,999,999,999,1,5,1,1,,999,998,998
11803,2024,1,5,8,8,08019,,3,2,No inventariada,,4,5,14,2,0,0,1,1,0,0,1,1,2,0,0,0,0,0,0,0,0,0,0,0,0,0,0,0,0,0,0,0,0,0,0,0,2,1,,999,999,999,999,999,999,999,999,999,999,999,999,999,999,1,1,1,1,,999,998,998
11804,2024,1,1,19,8,08019,,3,2,No inventariada,,4,5,14,20,0,0,1,1,0,0,1,1,2,0,0,0,0,0,0,0,0,0,0,0,0,0,0,0,0,0,0,0,0,0,0,0,2,1,,999,999,999,999,999,999,999,999,999,999,999,999,999,999,1,5,1,1,,999,998,998
11805,2024,1,2,12,8,08019,,3,2,No inventariada,,4,5,14,20,0,0,1,1,0,0,1,1,1,0,0,0,0,0,0,0,0,0,0,0,0,0,0,0,0,0,0,0,0,0,0,0,1,999,,999,999,999,999,999,999,999,999,999,999,999,999,999,999,1,1,1,1,,999,998,998