ID_ACCIDENTE,ANYO,MES,DIA_SEMANA,HORA,COD_PROVINCIA,COD_MUNICIPIO,ISLA,ZONA,ZONA_AGRUPADA,CARRETERA,KM,SENTIDO_1F,TITULARIDAD_VIA,TIPO_VIA,TIPO_ACCIDENTE,TOTAL_MU24H,TOTAL_HG24H,TOTAL_HL24H,TOTAL_VICTIMAS_24H,TOTAL_MU30DF,TOTAL_HG30DF,TOTAL_HL30DF,TOTAL_VICTIMAS_30DF,TOTAL_VEHICULOS,TOT_PEAT_MU24H,TOT_BICI_MU24H,TOT_CICLO_MU24H,TOT_MOTO_MU24H,TOT_TUR_MU24H,TOT_FURG_MU24H,TOT_CAM_MENOS3500_MU24H,TOT_CAM_MAS3500_MU24H,TOT_BUS_MU24H,TOT_OTRO_MU24H,TOT_SINESPECIF_MU24H,TOT_PEAT_MU30DF,TOT_BICI_MU30DF,TOT_CICLO_MU30DF,TOT_MOTO_MU30DF,TOT_TUR_MU30DF,TOT_FURG_MU30DF,TOT_CAM_MENOS3500_MU30DF,TOT_CAM_MAS3500_MU30DF,TOT_BUS_MU30DF,TOT_VMP_MU30DF,TOT_OTRO_MU30DF,TOT_SINESPECIF_MU30DF,NUDO,NUDO_INFO,CARRETERA_CRUCE,PRIORI_NORMA,PRIORI_AGENTE,PRIORI_SEMAFORO,PRIORI_VERT_STOP,PRIORI_VERT_CEDA,PRIORI_HORIZ_STOP,PRIORI_HORIZ_CEDA,PRIORI_MARCAS,PRIORI_PEA_NO_ELEV,PRIORI_PEA_ELEV,PRIORI_MARCA_CICLOS,PRIORI_CIRCUNSTANCIAL,PRIORI_OTRA,CONDICION_NIVEL_CIRCULA,CONDICION_FIRME,CONDICION_ILUMINACION,CONDICION_METEO,CONDICION_NIEBLA,CONDICION_VIENTO,VISIB_RESTRINGIDA_POR,ACERA,TRAZADO_PLANTA
12317,2024,2,4,14,8,08073,,3,2,No inventariada,,4,5,14,9,0,0,1,1,0,0,1,1,1,0,0,0,0,0,0,0,0,0,0,0,0,0,0,0,0,0,0,0,0,0,0,0,1,999,,999,999,999,999,999,999,999,999,999,999,999,999,999,999,1,1,1,,,17,999,998
12318,2024,1,1,7,8,08015,,3,2,No inventariada,,4,5,14,7,0,0,1,1,0,0,1,1,1,0,0,0,0,0,0,0,0,0,0,0,0,0,0,0,0,0,0,0,0,0,0,0,2,1,,0,0,1,0,0,0,0,0,0,0,0,0,0,999,1,2,1,,,17,999,998
12319,2024,2,7,12,8,08194,,3,2,No inventariada,,4,5,14,19,0,0,1,1,0,0,1,1,1,0,0,0,0,0,0,0,0,0,0,0,0,0,0,0,0,0,0,0,0,0,0,0,2,4,,0,0,0,0,0,0,0,0,0,0,0,0,1,2,1,1,1,,,1,998,998
12320,2024,2,2,11,8,08298,,1,1,C-154,0.6,4,5,6,4,0,0,2,2,0,0,2,2,2,0,0,0,0,0,0,0,0,0,0,0,0,0,0,0,0,0,0,0,0,0,0,0,2,4,,0,0,0,0,0,0,0,0,0,0,0,0,1,999,1,1,1,,,999,998,4
12321,2024,2,4,15,8,08279,,1,1,C-58,19.4,4,5,2,3,0,0,1,1,0,0,1,1,2,0,0,0,0,0,0,0,0,0,0,0,0,0,0,0,0,0,0,0,0,0,0,0,1,999,,999,999,999,999,999,999,999,999,999,999,999,999,999,999,1,1,1,,,999,998,4
12322,2024,2,1,12,8,08022,,1,1,C-16,96.5,4,5,3,19,0,0,1,1,0,0,1,1,1,0,0,0,0,0,0,0,0,0,0,0,0,0,0,0,0,0,0,0,0,0,0,0,1,999,,999,999,999,999,999,999,999,999,999,999,999,999,999,999,1,1,1,,,999,998,4
12323,2024,2,1,12,8,08194,,1,1,C-31,209.4,4,5,2,20,0,0,1,1,0,0,1,1,3,0,0,0,0,0,0,0,0,0,0,0,0,0,0,0,0,0,0,0,0,0,0,0,2,2,,0,0,0,0,0,0,0,0,0,0,0,0,1,999,1,1,1,,,999,998,4
12324,2024,2,1,14,8,08196,,1,1,A-2,594.8,4,1,3,3,0,0,1,1,0,0,1,1,2,0,0,0,0,0,0,0,0,0,0,0,0,0,0,0,0,0,0,0,0,0,0,0,1,999,,999,999,999,999,999,999,999,999,999,999,999,999,999,999,1,1,1,,,999,998,4
12325,2024,2,1,16,8,08231,,1,1,C-15,3.7,4,5,3,9,0,0,1,1,0,0,1,1,1,0,0,0,0,0,0,0,0,0,0,0,0,0,0,0,0,0,0,0,0,0,0,0,2,,,1,0,0,0,0,0,0,0,0,0,0,0,0,999,1,1,1,,,999,998,4
12326,2024,2,1,19,8,08125,,1,1,C-58,4.5,4,5,2,9,0,0,1,1,0,0,1,1,1,0,0,0,0,0,0,0,0,0,0,0,0,0,0,0,0,0,0,0,0,0,0,0,2,,,0,0,0,0,0,0,0,0,0,0,0,0,1,999,8,6,1,,,999,998,4
12327,2024,2,5,14,8,08089,,3,2,No inventariada,,4,5,14,2,0,0,1,1,0,0,1,1,2,0,0,0,0,0,0,0,0,0,0,0,0,0,0,0,0,0,0,0,0,0,0,0,1,999,,999,999,999,999,999,999,999,999,999,999,999,999,999,999,1,1,1,,,17,998,998
12328,2024,1,6,11,8,08200,,3,2,No inventariada,,4,5,14,7,0,0,2,2,0,0,2,2,1,0,0,0,0,0,0,0,0,0,0,0,0,0,0,0,0,0,0,0,0,0,0,0,1,999,,999,999,999,999,999,999,999,999,999,999,999,999,999,999,1,1,1,,,17,999,998
12329,2024,1,5,20,8,08307,,3,2,No inventariada,,4,5,14,2,0,0,1,1,0,0,1,1,2,0,0,0,0,0,0,0,0,0,0,0,0,0,0,0,0,0,0,0,0,0,0,0,1,999,,999,999,999,999,999,999,999,999,999,999,999,999,999,999,1,4,1,,,17,998,998
12330,2024,2,1,8,8,08121,,2,2,No inventariada,,4,5,14,4,0,0,3,3,0,0,3,3,3,0,0,0,0,0,0,0,0,0,0,0,0,0,0,0,0,0,0,0,0,0,0,0,2,2,,0,0,1,0,0,0,0,0,0,0,0,0,0,999,1,1,1,,,17,998,4
12331,2024,2,6,12,8,08121,,3,2,No inventariada,,4,5,14,7,0,0,1,1,0,0,1,1,1,0,0,0,0,0,0,0,0,0,0,0,0,0,0,0,0,0,0,0,0,0,0,0,2,2,,0,0,0,0,0,0,0,0,0,0,0,0,1,999,1,1,1,,,17,999,998
12332,2024,2,6,7,8,08298,,3,2,No inventariada,,4,5,14,2,0,0,1,1,0,0,1,1,2,0,0,0,0,0,0,0,0,0,0,0,0,0,0,0,0,0,0,0,0,0,0,0,1,999,,999,999,999,999,999,999,999,999,999,999,999,999,999,999,3,4,1,,,17,998,998
12333,2024,2,5,15,8,08015,,3,2,No inventariada,,4,5,14,6,0,0,1,1,0,0,1,1,2,0,0,0,0,0,0,0,0,0,0,0,0,0,0,0,0,0,0,0,0,0,0,0,2,1,,0,0,1,0,0,0,0,0,0,0,0,0,0,999,1,1,1,,,17,999,998
12334,2024,2,5,9,8,08101,,3,2,No inventariada,,4,5,14,4,0,0,1,1,0,0,1,1,2,0,0,0,0,0,0,0,0,0,0,0,0,0,0,0,0,0,0,0,0,0,0,0,1,999,,999,999,999,999,999,999,999,999,999,999,999,999,999,999,1,1,1,,,17,998,998
12335,2024,2,6,0,8,08015,,3,2,No inventariada,,4,5,14,3,0,0,1,1,0,0,1,1,2,0,0,0,0,0,0,0,0,0,0,0,0,0,0,0,0,0,0,0,0,0,0,0,1,999,,999,999,999,999,999,999,999,999,999,999,999,999,999,999,1,4,1,,,17,998,998
12336,2024,1,3,11,8,08019,,3,2,No inventariada,,4,5,14,2,0,0,1,1,0,0,1,1,2,0,0,0,0,0,0,0,0,0,0,0,0,0,0,0,0,0,0,0,0,0,0,0,2,1,,999,999,999,999,999,999,999,999,999,999,999,999,999,999,1,1,1,1,,999,998,998
12337,2024,1,6,13,8,08019,,1,1,C-31,208.7,4,5,2,4,0,1,1,2,0,1,1,2,2,0,0,0,0,0,0,0,0,0,0,0,0,0,0,0,0,0,0,0,0,0,0,0,1,999,,999,999,999,999,999,999,999,999,999,999,999,999,999,3,1,1,1,1,,1,998,4
12338,2024,1,2,7,8,08019,,3,2,No inventariada,,4,5,14,2,0,0,1,1,0,0,1,1,2,0,0,0,0,0,0,0,0,0,0,0,0,0,0,0,0,0,0,0,0,0,0,0,2,1,,999,999,999,999,999,999,999,999,999,999,999,999,999,999,1,1,1,1,,999,998,998
12339,2024,2,4,9,8,08019,,3,2,No inventariada,,4,5,14,2,0,0,1,1,0,0,1,1,2,0,0,0,0,0,0,0,0,0,0,0,0,0,0,0,0,0,0,0,0,0,0,0,2,1,,999,999,999,999,999,999,999,999,999,999,999,999,999,999,1,1,1,1,,999,998,998
12340,2024,2,4,12,8,08019,,3,2,No inventariada,,4,5,14,2,0,0,1,1,0,0,1,1,2,0,0,0,0,0,0,0,0,0,0,0,0,0,0,0,0,0,0,0,0,0,0,0,1,999,,999,999,999,999,999,999,999,999,999,999,999,999,999,999,1,1,1,1,,999,998,998
12341,2024,2,4,21,8,08019,,3,2,No inventariada,,4,5,14,20,0,0,1,1,0,0,1,1,3,0,0,0,0,0,0,0,0,0,0,0,0,0,0,0,0,0,0,0,0,0,0,0,1,999,,999,999,999,999,999,999,999,999,999,999,999,999,999,999,1,5,1,1,,999,998,998
12342,2024,2,5,15,8,08019,,3,2,No inventariada,,4,5,14,20,0,0,1,1,0,0,1,1,2,0,0,0,0,0,0,0,0,0,0,0,0,0,0,0,0,0,0,0,0,0,0,0,2,4,,999,999,999,999,999,999,999,999,999,999,999,999,999,999,1,1,1,1,,999,998,998
12343,2024,2,6,10,8,08019,,3,2,No inventariada,,4,5,14,2,0,0,3,3,0,0,3,3,3,0,0,0,0,0,0,0,0,0,0,0,0,0,0,0,0,0,0,0,0,0,0,0,2,1,,999,999,999,999,999,999,999,999,999,999,999,999,999,999,1,1,1,1,,999,998,998
12344,2024,2,1,19,8,08019,,3,2,No inventariada,,4,5,14,20,0,0,1,1,0,0,1,1,1,0,0,0,0,0,0,0,0,0,0,0,0,0,0,0,0,0,0,0,0,0,0,0,2,2,,999,999,999,999,999,999,999,999,999,999,999,999,999,999,1,5,1,1,,999,998,998
12345,2024,2,1,13,8,08019,,3,2,No inventariada,,4,5,14,6,0,0,1,1,0,0,1,1,1,0,0,0,0,0,0,0,0,0,0,0,0,0,0,0,0,0,0,0,0,0,0,0,2,1,,999,999,999,999,999,999,999,999,999,999,999,999,999,999,1,1,1,1,,999,998,998
12346,2024,2,2,21,8,08019,,3,2,No inventariada,,4,5,14,20,0,0,1,1,0,0,1,1,2,0,0,0,0,0,0,0,0,0,0,0,0,0,0,0,0,0,0,0,0,0,0,0,1,999,,999,999,999,999,999,999,999,999,999,999,999,999,999,999,1,5,1,1,,999,998,998
12347,2024,1,4,8,8,08015,,3,2,No inventariada,,4,5,14,3,0,0,1,1,0,0,1,1,2,0,0,0,0,0,0,0,0,0,0,0,0,0,0,0,0,0,0,0,0,0,0,0,1,999,,999,999,999,999,999,999,999,999,999,999,999,999,999,999,1,1,1,,,17,998,998
12348,2024,1,4,19,8,08279,,3,2,No inventariada,,4,5,14,20,0,0,1,1,0,0,1,1,1,0,0,0,0,0,0,0,0,0,0,0,0,0,0,0,0,0,0,0,0,0,0,0,1,999,,999,999,999,999,999,999,999,999,999,999,999,999,999,999,1,1,1,,,17,998,998
12349,2024,1,6,22,8,08015,,3,2,No inventariada,,4,5,14,2,0,0,1,1,0,0,1,1,2,0,0,0,0,0,0,0,0,0,0,0,0,0,0,0,0,0,0,0,0,0,0,0,1,999,,999,999,999,999,999,999,999,999,999,999,999,999,999,999,1,1,1,,,17,998,998
12350,2024,2,6,4,8,08252,,3,2,No inventariada,,4,5,14,19,0,0,1,1,0,0,1,1,1,0,0,0,0,0,0,0,0,0,0,0,0,0,0,0,0,0,0,0,0,0,0,0,1,999,,999,999,999,999,999,999,999,999,999,999,999,999,999,1,1,4,1,,,17,998,998
12351,2024,1,4,19,8,08001,,1,1,A-2,583,4,1,3,4,0,0,4,4,0,0,4,4,3,0,0,0,0,0,0,0,0,0,0,0,0,0,0,0,0,0,0,0,0,0,0,0,2,,,0,0,0,0,0,0,0,0,0,0,0,0,1,999,1,4,1,,,999,998,4
12352,2024,1,3,10,8,08140,,1,1,BV-1221,32.4,4,5,6,9,0,0,1,1,0,0,1,1,1,0,0,0,0,0,0,0,0,0,0,0,0,0,0,0,0,0,0,0,0,0,0,0,1,999,,999,999,999,999,999,999,999,999,999,999,999,999,999,999,1,1,1,,,999,998,4
12353,2024,2,6,14,8,08194,,1,1,C-31,208.8,4,5,2,4,0,0,1,1,0,0,1,1,3,0,0,0,0,0,0,0,0,0,0,0,0,0,0,0,0,0,0,0,0,0,0,0,1,999,,999,999,999,999,999,999,999,999,999,999,999,999,999,999,1,1,1,,,999,998,4
12354,2024,2,7,16,8,08155,,1,1,B-682,0.6,4,5,6,20,0,0,2,2,0,0,2,2,1,0,0,0,0,0,0,0,0,0,0,0,0,0,0,0,0,0,0,0,0,0,0,0,2,4,,0,0,0,0,0,0,0,0,0,0,0,0,1,999,1,1,1,,,999,998,4
12355,2024,2,1,16,8,08015,,1,1,C-31,212.4,4,5,2,4,0,0,1,1,0,0,1,1,2,0,0,0,0,0,0,0,0,0,0,0,0,0,0,0,0,0,0,0,0,0,0,0,1,999,,999,999,999,999,999,999,999,999,999,999,999,999,999,999,1,1,1,,,999,998,4
12356,2024,2,5,19,8,08252,,1,1,B-30,9.5,4,1,2,4,0,0,4,4,0,0,4,4,3,0,0,0,0,0,0,0,0,0,0,0,0,0,0,0,0,0,0,0,0,0,0,0,1,999,,999,999,999,999,999,999,999,999,999,999,999,999,999,999,1,6,1,,,999,998,4
12357,2024,2,6,13,8,08252,,1,1,B-30,9.5,4,1,2,4,0,0,5,5,0,0,5,5,3,0,0,0,0,0,0,0,0,0,0,0,0,0,0,0,0,0,0,0,0,0,0,0,1,999,,999,999,999,999,999,999,999,999,999,999,999,999,999,999,1,1,1,,,999,998,4
12358,2024,2,7,19,8,08054,,1,1,B-151,5.5,4,5,6,19,0,0,1,1,0,0,1,1,1,0,0,0,0,0,0,0,0,0,0,0,0,0,0,0,0,0,0,0,0,0,0,0,1,999,,999,999,999,999,999,999,999,999,999,999,999,999,999,999,1,6,1,,,999,998,4
12359,2024,2,7,19,8,08266,,1,1,N-150,5.7,4,5,6,2,0,0,1,1,0,0,1,1,1,0,0,0,0,0,0,0,0,0,0,0,0,0,0,0,0,0,0,0,0,0,0,0,2,2,,0,0,0,0,0,0,0,0,0,0,0,0,1,999,1,5,1,,,999,998,4
12360,2024,2,1,6,8,08180,,1,1,C-58,6.8,4,5,2,4,0,0,1,1,0,0,1,1,2,0,0,0,0,0,0,0,0,0,0,0,0,0,0,0,0,0,0,0,0,0,0,0,1,999,,999,999,999,999,999,999,999,999,999,999,999,999,999,999,1,6,1,,,999,998,4
12361,2024,2,2,6,8,08263,,1,1,A-2,602.7,4,1,3,4,0,0,1,1,0,0,1,1,2,0,0,0,0,0,0,0,0,0,0,0,0,0,0,0,0,0,0,0,0,0,0,0,1,999,,999,999,999,999,999,999,999,999,999,999,999,999,999,999,1,4,1,,,999,998,4
12362,2024,2,2,8,8,08211,,1,1,B-23,7.5,4,1,2,4,0,0,1,1,0,0,1,1,2,0,0,0,0,0,0,0,0,0,0,0,0,0,0,0,0,0,0,0,0,0,0,0,1,999,,999,999,999,999,999,999,999,999,999,999,999,999,999,999,1,1,1,,,999,998,4
12363,2024,2,2,10,8,00000,,1,1,C-15,39,4,5,6,4,0,0,4,4,0,0,4,4,3,0,0,0,0,0,0,0,0,0,0,0,0,0,0,0,0,0,0,0,0,0,0,0,1,999,,999,999,999,999,999,999,999,999,999,999,999,999,999,999,1,1,1,,,999,998,4
12364,2024,2,2,12,8,08298,,1,1,C-25D,0.8,4,5,6,4,0,0,1,1,0,0,1,1,2,0,0,0,0,0,0,0,0,0,0,0,0,0,0,0,0,0,0,0,0,0,0,0,1,999,,999,999,999,999,999,999,999,999,999,999,999,999,999,999,1,1,1,,,999,998,4
12365,2024,2,2,14,8,00000,,1,1,AP-7,188,4,1,2,6,0,0,1,1,0,0,1,1,1,0,0,0,0,0,0,0,0,0,0,0,0,0,0,0,0,0,0,0,0,0,0,0,1,999,,999,999,999,999,999,999,999,999,999,999,999,999,999,999,1,1,1,,,999,998,4
12366,2024,2,2,14,8,08217,,1,1,BV-2001,2.5,4,5,6,9,0,0,3,3,0,0,3,3,2,0,0,0,0,0,0,0,0,0,0,0,0,0,0,0,0,0,0,0,0,0,0,0,2,4,,1,0,0,0,0,0,0,0,0,0,0,0,0,999,8,1,1,,,999,998,4
12367,2024,2,2,17,8,08015,,1,1,C-31,215.4,4,5,2,4,0,0,3,3,0,0,3,3,4,0,0,0,0,0,0,0,0,0,0,0,0,0,0,0,0,0,0,0,0,0,0,0,1,999,,999,999,999,999,999,999,999,999,999,999,999,999,999,999,1,1,1,,,999,998,4
12368,2024,2,2,19,8,08073,,1,1,B-20,2.9,4,1,2,3,0,0,1,1,0,0,1,1,2,0,0,0,0,0,0,0,0,0,0,0,0,0,0,0,0,0,0,0,0,0,0,0,1,999,,999,999,999,999,999,999,999,999,999,999,999,999,999,999,1,4,1,,,999,998,4
12369,2024,2,2,6,8,08298,,3,2,No inventariada,,4,5,14,2,0,0,2,2,0,0,2,2,2,0,0,0,0,0,0,0,0,0,0,0,0,0,0,0,0,0,0,0,0,0,0,0,2,4,,0,0,0,0,0,0,0,0,0,0,0,0,1,999,1,4,1,,,17,998,998
12370,2024,2,6,14,8,08121,,3,2,No inventariada,,4,5,14,4,0,0,1,1,0,0,1,1,2,0,0,0,0,0,0,0,0,0,0,0,0,0,0,0,0,0,0,0,0,0,0,0,1,999,,999,999,999,999,999,999,999,999,999,999,999,999,999,999,1,1,1,,,17,998,998
12371,2024,2,7,20,8,08089,,3,2,No inventariada,,4,5,14,6,0,0,1,1,0,0,1,1,1,0,0,0,0,0,0,0,0,0,0,0,0,0,0,0,0,0,0,0,0,0,0,0,2,2,,1,0,0,0,0,0,0,0,0,0,0,0,0,999,8,4,1,,,17,998,998
12372,2024,2,7,16,8,08121,,3,2,No inventariada,,4,5,14,19,0,0,1,1,0,0,1,1,1,0,0,0,0,0,0,0,0,0,0,0,0,0,0,0,0,0,0,0,0,0,0,0,1,999,,999,999,999,999,999,999,999,999,999,999,999,999,999,999,1,1,1,,,17,998,998
12373,2024,2,1,14,8,08245,,3,2,No inventariada,,4,5,14,4,0,0,1,1,0,0,1,1,2,0,0,0,0,0,0,0,0,0,0,0,0,0,0,0,0,0,0,0,0,0,0,0,1,999,,999,999,999,999,999,999,999,999,999,999,999,999,999,999,1,1,1,,,17,998,998
12374,2024,2,7,19,8,08121,,3,2,No inventariada,,4,5,14,2,0,0,1,1,0,0,1,1,2,0,0,0,0,0,0,0,0,0,0,0,0,0,0,0,0,0,0,0,0,0,0,0,2,2,,0,0,0,0,0,0,0,0,0,0,0,0,1,999,1,1,1,,,17,998,998
12375,2024,2,1,9,8,08121,,2,2,No inventariada,,4,5,14,4,0,0,1,1,0,0,1,1,3,0,0,0,0,0,0,0,0,0,0,0,0,0,0,0,0,0,0,0,0,0,0,0,1,999,,999,999,999,999,999,999,999,999,999,999,999,999,999,999,1,1,1,,,17,998,4
12376,2024,2,4,13,8,08298,,3,2,No inventariada,,4,5,14,2,0,0,1,1,0,0,1,1,2,0,0,0,0,0,0,0,0,0,0,0,0,0,0,0,0,0,0,0,0,0,0,0,2,1,,0,0,1,0,0,0,0,0,0,0,0,0,0,999,1,1,1,,,17,998,998
12377,2024,2,1,22,8,08169,,3,2,No inventariada,,4,5,14,9,0,0,2,2,0,0,2,2,1,0,0,0,0,0,0,0,0,0,0,0,0,0,0,0,0,0,0,0,0,0,0,0,1,999,,999,999,999,999,999,999,999,999,999,999,999,999,999,999,8,4,1,,,17,998,998
12378,2024,2,5,12,8,08200,,2,2,No inventariada,,4,5,14,4,0,0,1,1,0,0,1,1,2,0,0,0,0,0,0,0,0,0,0,0,0,0,0,0,0,0,0,0,0,0,0,0,2,4,,0,0,0,0,0,0,0,0,0,0,0,0,1,999,3,1,3,,,17,998,4
12379,2024,2,5,22,8,08169,,3,2,No inventariada,,4,5,14,2,0,0,1,1,0,0,1,1,2,0,0,0,0,0,0,0,0,0,0,0,0,0,0,0,0,0,0,0,0,0,0,0,1,999,,999,999,999,999,999,999,999,999,999,999,999,999,999,999,3,4,1,,,17,998,998
12380,2024,2,2,15,8,08169,,3,2,No inventariada,,4,5,14,2,0,0,1,1,0,0,1,1,2,0,0,0,0,0,0,0,0,0,0,0,0,0,0,0,0,0,0,0,0,0,0,0,2,1,,0,0,0,0,0,0,0,0,0,0,0,0,1,999,1,1,1,,,17,998,998
12381,2024,1,2,12,8,08019,,3,2,No inventariada,,4,5,14,20,0,0,1,1,0,0,1,1,2,0,0,0,0,0,0,0,0,0,0,0,0,0,0,0,0,0,0,0,0,0,0,0,1,999,,999,999,999,999,999,999,999,999,999,999,999,999,999,999,1,1,1,1,,999,998,998
12382,2024,1,1,18,8,08019,,3,2,No inventariada,,4,5,14,7,0,1,0,1,0,1,0,1,1,0,0,0,0,0,0,0,0,0,0,0,0,0,0,0,0,0,0,0,0,0,0,0,2,1,,999,999,999,999,999,999,999,999,999,999,999,999,999,2,1,5,1,1,,1,999,998
12383,2024,1,2,11,8,08019,,3,2,No inventariada,,4,5,14,20,0,0,1,1,0,0,1,1,2,0,0,0,0,0,0,0,0,0,0,0,0,0,0,0,0,0,0,0,0,0,0,0,1,999,,999,999,999,999,999,999,999,999,999,999,999,999,999,999,1,1,1,1,,999,998,998
12384,2024,2,5,18,8,08019,,3,2,No inventariada,,4,5,14,20,0,0,1,1,0,0,1,1,2,0,0,0,0,0,0,0,0,0,0,0,0,0,0,0,0,0,0,0,0,0,0,0,1,999,,999,999,999,999,999,999,999,999,999,999,999,999,999,999,1,1,1,1,,999,998,998
12385,2024,2,3,15,8,08019,,3,2,No inventariada,,4,5,14,2,0,0,1,1,0,0,1,1,2,0,0,0,0,0,0,0,0,0,0,0,0,0,0,0,0,0,0,0,0,0,0,0,2,1,,999,999,999,999,999,999,999,999,999,999,999,999,999,999,1,1,1,1,,999,998,998
12386,2024,2,4,7,8,08019,,3,2,No inventariada,,4,5,14,2,0,0,1,1,0,0,1,1,2,0,0,0,0,0,0,0,0,0,0,0,0,0,0,0,0,0,0,0,0,0,0,0,2,2,,999,999,999,999,999,999,999,999,999,999,999,999,999,999,1,1,1,1,,999,998,998
12387,2024,2,2,6,8,08019,,3,2,No inventariada,,4,5,14,2,0,0,1,1,0,0,1,1,2,0,0,0,0,0,0,0,0,0,0,0,0,0,0,0,0,0,0,0,0,0,0,0,1,999,,999,999,999,999,999,999,999,999,999,999,999,999,999,999,1,5,1,1,,999,998,998
12388,2024,2,1,15,8,08019,,3,2,No inventariada,,4,5,14,3,0,0,1,1,0,0,1,1,2,0,0,0,0,0,0,0,0,0,0,0,0,0,0,0,0,0,0,0,0,0,0,0,1,999,,999,999,999,999,999,999,999,999,999,999,999,999,999,999,1,1,1,1,,999,998,998
12389,2024,2,2,8,8,08019,,3,2,No inventariada,,4,5,14,2,0,0,1,1,0,0,1,1,2,0,0,0,0,0,0,0,0,0,0,0,0,0,0,0,0,0,0,0,0,0,0,0,1,999,,999,999,999,999,999,999,999,999,999,999,999,999,999,999,1,1,1,1,,999,998,998
12390,2024,2,2,13,8,08019,,3,2,No inventariada,,4,5,14,9,0,0,1,1,0,0,1,1,2,0,0,0,0,0,0,0,0,0,0,0,0,0,0,0,0,0,0,0,0,0,0,0,1,999,,999,999,999,999,999,999,999,999,999,999,999,999,999,999,1,1,1,1,,999,998,998
12391,2024,2,3,6,8,08019,,3,2,No inventariada,,4,5,14,20,0,0,1,1,0,0,1,1,2,0,0,0,0,0,0,0,0,0,0,0,0,0,0,0,0,0,0,0,0,0,0,0,2,4,,999,999,999,999,999,999,999,999,999,999,999,999,999,999,1,5,1,1,,999,998,998
12392,2024,2,3,8,8,08019,,3,2,No inventariada,,4,5,14,20,0,0,1,1,0,0,1,1,2,0,0,0,0,0,0,0,0,0,0,0,0,0,0,0,0,0,0,0,0,0,0,0,1,999,,999,999,999,999,999,999,999,999,999,999,999,999,999,999,1,1,1,1,,999,998,998
12393,2024,2,3,8,8,08019,,3,2,No inventariada,,4,5,14,9,0,0,1,1,0,0,1,1,2,0,0,0,0,0,0,0,0,0,0,0,0,0,0,0,0,0,0,0,0,0,0,0,2,2,,999,999,999,999,999,999,999,999,999,999,999,999,999,999,8,1,1,1,,999,998,998
12394,2024,2,3,10,8,08019,,3,2,No inventariada,,4,5,14,3,0,0,1,1,0,0,1,1,2,0,0,0,0,0,0,0,0,0,0,0,0,0,0,0,0,0,0,0,0,0,0,0,1,999,,999,999,999,999,999,999,999,999,999,999,999,999,999,999,1,1,1,1,,999,998,998
12395,2024,2,3,14,8,08019,,3,2,No inventariada,,4,5,14,20,0,0,2,2,0,0,2,2,2,0,0,0,0,0,0,0,0,0,0,0,0,0,0,0,0,0,0,0,0,0,0,0,2,1,,999,999,999,999,999,999,999,999,999,999,999,999,999,999,1,1,1,1,,999,998,998
12396,2024,2,7,20,8,08073,,3,2,No inventariada,,4,5,14,2,0,0,1,1,0,0,1,1,2,0,0,0,0,0,0,0,0,0,0,0,0,0,0,0,0,0,0,0,0,0,0,0,2,4,,0,0,0,0,0,0,0,0,0,0,0,0,1,999,1,4,1,,,17,998,998
12397,2024,2,3,7,8,08121,,3,2,No inventariada,,4,5,14,2,0,0,1,1,0,0,1,1,2,0,0,0,0,0,0,0,0,0,0,0,0,0,0,0,0,0,0,0,0,0,0,0,2,1,,0,0,0,0,0,0,0,0,0,0,0,0,1,1,1,4,1,,,1,998,998
12398,2024,1,2,9,8,08217,,1,1,A-2,606.5,4,1,3,3,0,0,1,1,0,0,1,1,2,0,0,0,0,0,0,0,0,0,0,0,0,0,0,0,0,0,0,0,0,0,0,0,1,999,,999,999,999,999,999,999,999,999,999,999,999,999,999,999,1,1,1,,,999,998,4
12399,2024,2,1,17,8,08252,,1,1,B-30,9.1,4,1,2,4,0,0,1,1,0,0,1,1,3,0,0,0,0,0,0,0,0,0,0,0,0,0,0,0,0,0,0,0,0,0,0,0,1,999,,999,999,999,999,999,999,999,999,999,999,999,999,999,999,1,1,1,,,999,998,4
12400,2024,2,1,18,8,08238,,1,1,C-58,13,4,5,2,4,0,0,3,3,0,0,3,3,3,0,0,0,0,0,0,0,0,0,0,0,0,0,0,0,0,0,0,0,0,0,0,0,1,999,,999,999,999,999,999,999,999,999,999,999,999,999,999,999,1,4,1,,,999,998,4
12401,2024,2,2,7,8,08252,,1,1,N-150,6.4,4,5,6,2,0,0,2,2,0,0,2,2,2,0,0,0,0,0,0,0,0,0,0,0,0,0,0,0,0,0,0,0,0,0,0,0,2,2,,0,0,0,0,0,0,0,0,0,0,0,0,1,999,1,2,1,,,999,998,4