ID_ACCIDENTE,ANYO,MES,DIA_SEMANA,HORA,COD_PROVINCIA,COD_MUNICIPIO,ISLA,ZONA,ZONA_AGRUPADA,CARRETERA,KM,SENTIDO_1F,TITULARIDAD_VIA,TIPO_VIA,TIPO_ACCIDENTE,TOTAL_MU24H,TOTAL_HG24H,TOTAL_HL24H,TOTAL_VICTIMAS_24H,TOTAL_MU30DF,TOTAL_HG30DF,TOTAL_HL30DF,TOTAL_VICTIMAS_30DF,TOTAL_VEHICULOS,TOT_PEAT_MU24H,TOT_BICI_MU24H,TOT_CICLO_MU24H,TOT_MOTO_MU24H,TOT_TUR_MU24H,TOT_FURG_MU24H,TOT_CAM_MENOS3500_MU24H,TOT_CAM_MAS3500_MU24H,TOT_BUS_MU24H,TOT_OTRO_MU24H,TOT_SINESPECIF_MU24H,TOT_PEAT_MU30DF,TOT_BICI_MU30DF,TOT_CICLO_MU30DF,TOT_MOTO_MU30DF,TOT_TUR_MU30DF,TOT_FURG_MU30DF,TOT_CAM_MENOS3500_MU30DF,TOT_CAM_MAS3500_MU30DF,TOT_BUS_MU30DF,TOT_VMP_MU30DF,TOT_OTRO_MU30DF,TOT_SINESPECIF_MU30DF,NUDO,NUDO_INFO,CARRETERA_CRUCE,PRIORI_NORMA,PRIORI_AGENTE,PRIORI_SEMAFORO,PRIORI_VERT_STOP,PRIORI_VERT_CEDA,PRIORI_HORIZ_STOP,PRIORI_HORIZ_CEDA,PRIORI_MARCAS,PRIORI_PEA_NO_ELEV,PRIORI_PEA_ELEV,PRIORI_MARCA_CICLOS,PRIORI_CIRCUNSTANCIAL,PRIORI_OTRA,CONDICION_NIVEL_CIRCULA,CONDICION_FIRME,CONDICION_ILUMINACION,CONDICION_METEO,CONDICION_NIEBLA,CONDICION_VIENTO,VISIB_RESTRINGIDA_POR,ACERA,TRAZADO_PLANTA
18893,2024,8,7,6,8,08298,,3,2,No inventariada,,4,5,14,6,0,0,1,1,0,0,1,1,3,0,0,0,0,0,0,0,0,0,0,0,0,0,0,0,0,0,0,0,0,0,0,0,1,999,,999,999,999,999,999,999,999,999,999,999,999,999,999,999,1,1,1,,,17,998,998
18894,2024,8,1,11,8,08169,,3,2,No inventariada,,4,5,14,9,0,0,1,1,0,0,1,1,2,0,0,0,0,0,0,0,0,0,0,0,0,0,0,0,0,0,0,0,0,0,0,0,2,2,,0,0,0,0,0,0,0,0,0,0,0,0,1,999,1,1,1,,,17,998,998
18895,2024,8,7,5,8,08169,,3,2,No inventariada,,4,5,14,6,0,0,1,1,0,0,1,1,2,0,0,0,0,0,0,0,0,0,0,0,0,0,0,0,0,0,0,0,0,0,0,0,1,999,,999,999,999,999,999,999,999,999,999,999,999,999,999,999,1,5,1,,,17,998,998
18896,2024,8,6,18,8,08169,,3,2,No inventariada,,4,5,14,2,0,0,1,1,0,0,1,1,2,0,0,0,0,0,0,0,0,0,0,0,0,0,0,0,0,0,0,0,0,0,0,0,2,2,,0,0,0,0,0,0,0,0,0,0,0,0,1,999,1,1,1,,,17,998,998
18897,2024,8,2,14,8,08169,,3,2,No inventariada,,4,5,14,7,0,0,1,1,0,0,1,1,1,0,0,0,0,0,0,0,0,0,0,0,0,0,0,0,0,0,0,0,0,0,0,0,1,999,,999,999,999,999,999,999,999,999,999,999,999,999,999,999,3,1,3,,,17,999,998
18898,2024,8,6,15,8,08015,,3,2,No inventariada,,4,5,14,4,0,0,1,1,0,0,1,1,2,0,0,0,0,0,0,0,0,0,0,0,0,0,0,0,0,0,0,0,0,0,0,0,2,1,,0,0,1,0,0,0,0,0,0,0,0,0,0,999,1,1,1,,,17,998,998
18899,2024,8,6,0,8,08015,,3,2,No inventariada,,4,5,14,9,0,0,1,1,0,0,1,1,1,0,0,0,0,0,0,0,0,0,0,0,0,0,0,0,0,0,0,0,0,0,0,0,1,999,,999,999,999,999,999,999,999,999,999,999,999,999,999,999,1,4,1,,,17,998,998
18900,2024,6,5,18,8,08015,,3,2,No inventariada,,4,5,14,7,0,0,1,1,0,0,1,1,1,0,0,0,0,0,0,0,0,0,0,0,0,0,0,0,0,0,0,0,0,0,0,0,1,999,,999,999,999,999,999,999,999,999,999,999,999,999,999,999,1,1,1,,,17,999,998
18901,2024,5,5,16,8,08015,,3,2,No inventariada,,4,5,14,9,0,0,1,1,0,0,1,1,1,0,0,0,0,0,0,0,0,0,0,0,0,0,0,0,0,0,0,0,0,0,0,0,1,999,,999,999,999,999,999,999,999,999,999,999,999,999,999,999,3,1,1,,,17,998,998
18902,2024,5,1,21,8,08015,,3,2,No inventariada,,4,5,14,2,0,0,1,1,0,0,1,1,2,0,0,0,0,0,0,0,0,0,0,0,0,0,0,0,0,0,0,0,0,0,0,0,1,999,,999,999,999,999,999,999,999,999,999,999,999,999,999,999,1,4,1,,,17,998,998
18903,2024,8,4,13,8,08101,,3,2,No inventariada,,4,5,14,4,0,0,1,1,0,0,1,1,2,0,0,0,0,0,0,0,0,0,0,0,0,0,0,0,0,0,0,0,0,0,0,0,2,1,,1,0,0,0,0,0,0,0,0,0,0,0,0,999,1,1,1,,,17,998,998
18904,2024,8,7,11,8,08101,,3,2,No inventariada,,4,5,14,7,0,0,1,1,0,0,1,1,1,0,0,0,0,0,0,0,0,0,0,0,0,0,0,0,0,0,0,0,0,0,0,0,1,999,,999,999,999,999,999,999,999,999,999,999,999,999,999,999,1,1,1,,,17,999,998
18905,2024,4,7,19,8,08015,,3,2,No inventariada,,4,5,14,7,0,0,1,1,0,0,1,1,1,0,0,0,0,0,0,0,0,0,0,0,0,0,0,0,0,0,0,0,0,0,0,0,1,999,,999,999,999,999,999,999,999,999,999,999,999,999,999,999,1,1,1,,,17,999,998
18906,2024,8,5,12,8,08205,,3,2,No inventariada,,4,5,14,20,0,1,0,1,0,1,0,1,1,0,0,0,0,0,0,0,0,0,0,0,0,0,0,0,0,0,0,0,0,0,0,0,1,999,,999,999,999,999,999,999,999,999,999,999,999,999,999,1,1,1,1,,,1,998,998
18907,2024,8,1,19,8,08187,,2,2,BV-2432,0.7,4,5,14,20,0,1,0,1,0,1,0,1,2,0,0,0,0,0,0,0,0,0,0,0,0,0,0,0,0,0,0,0,0,0,0,0,1,999,,999,999,999,999,999,999,999,999,999,999,999,999,999,999,1,1,1,,,17,998,4
18908,2024,8,7,19,8,08136,,1,1,AP-7,133.8,4,1,2,4,0,0,2,2,0,0,2,2,2,0,0,0,0,0,0,0,0,0,0,0,0,0,0,0,0,0,0,0,0,0,0,0,1,999,,999,999,999,999,999,999,999,999,999,999,999,999,999,999,1,1,1,,,999,998,4
18909,2024,7,3,18,8,08101,,1,1,C-31,197.1,4,5,3,3,0,0,1,1,0,0,1,1,2,0,0,0,0,0,0,0,0,0,0,0,0,0,0,0,0,0,0,0,0,0,0,0,1,999,,999,999,999,999,999,999,999,999,999,999,999,999,999,999,1,1,1,,,999,998,4
18910,2024,8,1,4,8,08235,,1,1,N-2,661,4,5,6,9,0,0,1,1,0,0,1,1,1,0,0,0,0,0,0,0,0,0,0,0,0,0,0,0,0,0,0,0,0,0,0,0,1,999,,999,999,999,999,999,999,999,999,999,999,999,999,999,999,1,6,1,,,999,998,4
18911,2024,8,5,6,8,00000,,1,1,C-55,17.8,4,5,6,19,0,0,1,1,0,0,1,1,1,0,0,0,0,0,0,0,0,0,0,0,0,0,0,0,0,0,0,0,0,0,0,0,1,999,,999,999,999,999,999,999,999,999,999,999,999,999,999,999,1,1,1,,,999,998,4
18912,2024,8,6,16,8,08019,,1,1,C-58,0,4,5,2,19,0,0,3,3,0,0,3,3,2,0,0,0,0,0,0,0,0,0,0,0,0,0,0,0,0,0,0,0,0,0,0,0,1,999,,999,999,999,999,999,999,999,999,999,999,999,999,999,999,1,1,1,,,999,998,4
18913,2024,8,5,17,8,08181,,1,1,No inventariada,13.5,4,5,6,4,0,0,2,2,0,0,2,2,3,0,0,0,0,0,0,0,0,0,0,0,0,0,0,0,0,0,0,0,0,0,0,0,1,999,,999,999,999,999,999,999,999,999,999,999,999,999,999,999,1,1,1,,,999,998,4
18914,2024,8,5,19,8,08125,,1,1,C-58,2.4,4,5,2,3,0,0,3,3,0,0,3,3,2,0,0,0,0,0,0,0,0,0,0,0,0,0,0,0,0,0,0,0,0,0,0,0,1,999,,999,999,999,999,999,999,999,999,999,999,999,999,999,999,1,1,1,,,999,998,4
18915,2024,8,6,12,8,08121,,1,1,C-32,103.9,4,5,2,9,0,0,1,1,0,0,1,1,1,0,0,0,0,0,0,0,0,0,0,0,0,0,0,0,0,0,0,0,0,0,0,0,1,999,,999,999,999,999,999,999,999,999,999,999,999,999,999,999,1,1,1,,,999,998,4
18916,2024,8,1,14,8,08211,,1,1,B-23,8,4,1,2,3,0,0,3,3,0,0,3,3,2,0,0,0,0,0,0,0,0,0,0,0,0,0,0,0,0,0,0,0,0,0,0,0,1,999,,999,999,999,999,999,999,999,999,999,999,999,999,999,999,1,1,1,,,999,998,4
18917,2024,8,1,14,8,08073,,1,1,C-32,60.2,4,5,3,20,0,1,0,1,0,1,0,1,1,0,0,0,0,0,0,0,0,0,0,0,0,0,0,0,0,0,0,0,0,0,0,0,1,999,,999,999,999,999,999,999,999,999,999,999,999,999,999,999,1,1,1,,,17,998,4
18918,2024,8,1,18,8,08114,,1,1,AP-7,170.4,4,1,2,4,0,0,1,1,0,0,1,1,3,0,0,0,0,0,0,0,0,0,0,0,0,0,0,0,0,0,0,0,0,0,0,0,1,999,,999,999,999,999,999,999,999,999,999,999,999,999,999,999,1,1,1,,,999,998,4
18919,2024,8,1,20,8,08020,,2,2,BV-2411,12,4,5,6,9,0,0,1,1,0,0,1,1,1,0,0,0,0,0,0,0,0,0,0,0,0,0,0,0,0,0,0,0,0,0,0,0,2,4,,0,0,0,0,0,0,0,0,0,0,0,0,1,999,1,1,1,,,999,998,4
18920,2024,8,1,20,8,00000,,1,1,No inventariada,49,4,5,6,3,0,0,2,2,0,0,2,2,2,0,0,0,0,0,0,0,0,0,0,0,0,0,0,0,0,0,0,0,0,0,0,0,1,999,,999,999,999,999,999,999,999,999,999,999,999,999,999,999,1,6,1,,,999,998,4
18921,2024,8,1,21,8,08291,,1,1,C-58,31.8,4,5,6,2,0,0,2,2,0,0,2,2,2,0,0,0,0,0,0,0,0,0,0,0,0,0,0,0,0,0,0,0,0,0,0,0,2,,,0,0,0,0,0,0,0,0,0,0,0,0,1,999,1,5,1,,,999,998,4
18922,2024,8,1,22,8,08298,,3,2,No inventariada,,4,5,14,9,0,0,1,1,0,0,1,1,1,0,0,0,0,0,0,0,0,0,0,0,0,0,0,0,0,0,0,0,0,0,0,0,1,999,,999,999,999,999,999,999,999,999,999,999,999,999,999,999,8,4,1,,,17,998,998
18923,2024,6,3,7,8,08156,,3,2,No inventariada,,4,5,14,4,0,0,1,1,0,0,1,1,2,0,0,0,0,0,0,0,0,0,0,0,0,0,0,0,0,0,0,0,0,0,0,0,1,999,,999,999,999,999,999,999,999,999,999,999,999,999,999,999,1,1,1,,,17,998,998
18924,2024,8,5,3,8,08245,,3,2,No inventariada,,4,5,14,6,0,0,1,1,0,0,1,1,3,0,0,0,0,0,0,0,0,0,0,0,0,0,0,0,0,0,0,0,0,0,0,0,1,999,,999,999,999,999,999,999,999,999,999,999,999,999,999,999,1,4,1,,,17,998,998
18925,2024,8,5,14,8,08245,,3,2,No inventariada,,4,5,14,2,0,0,1,1,0,0,1,1,2,0,0,0,0,0,0,0,0,0,0,0,0,0,0,0,0,0,0,0,0,0,0,0,2,2,,0,0,0,0,0,0,0,0,0,0,0,0,1,999,1,1,1,,,17,998,998
18926,2024,8,5,12,8,08121,,3,2,No inventariada,,4,5,14,7,0,0,2,2,0,0,2,2,2,0,0,0,0,0,0,0,0,0,0,0,0,0,0,0,0,0,0,0,0,0,0,0,2,1,,0,0,0,0,0,0,0,0,0,0,0,0,1,999,1,1,1,,,17,999,998
18927,2024,8,7,22,8,08121,,3,2,No inventariada,,4,5,14,9,0,0,1,1,0,0,1,1,1,0,0,0,0,0,0,0,0,0,0,0,0,0,0,0,0,0,0,0,0,0,0,0,1,999,,999,999,999,999,999,999,999,999,999,999,999,999,999,999,3,4,1,,,17,998,998
18928,2024,8,1,17,8,08073,,3,2,No inventariada,,4,5,14,3,0,0,1,1,0,0,1,1,2,0,0,0,0,0,0,0,0,0,0,0,0,0,0,0,0,0,0,0,0,0,0,0,1,999,,999,999,999,999,999,999,999,999,999,999,999,999,999,999,1,1,1,,,17,998,998
18929,2024,8,6,13,8,08169,,3,2,No inventariada,,4,5,14,7,0,0,1,1,0,0,1,1,1,0,0,0,0,0,0,0,0,0,0,0,0,0,0,0,0,0,0,0,0,0,0,0,1,999,,999,999,999,999,999,999,999,999,999,999,999,999,999,999,1,1,1,,,17,999,998
18930,2024,8,1,7,8,08169,,3,2,No inventariada,,4,5,14,4,0,0,1,1,0,0,1,1,2,0,0,0,0,0,0,0,0,0,0,0,0,0,0,0,0,0,0,0,0,0,0,0,1,999,,999,999,999,999,999,999,999,999,999,999,999,999,999,999,1,1,1,,,17,998,998
18931,2024,8,4,19,8,08015,,3,2,No inventariada,,4,5,14,3,0,0,1,1,0,0,1,1,2,0,0,0,0,0,0,0,0,0,0,0,0,0,0,0,0,0,0,0,0,0,0,0,2,1,,1,0,0,0,0,0,0,0,0,0,0,0,0,999,1,2,1,,,17,998,998
18932,2024,8,2,18,8,08124,,3,2,No inventariada,,4,5,14,6,0,1,0,1,0,1,0,1,2,0,0,0,0,0,0,0,0,0,0,0,0,0,0,0,0,0,0,0,0,0,0,0,2,4,,1,0,0,0,0,0,0,0,0,0,0,0,0,2,1,1,1,,,1,998,998
18933,2024,8,7,15,8,08121,,3,2,No inventariada,,4,5,14,7,0,1,0,1,0,1,0,1,1,0,0,0,0,0,0,0,0,0,0,0,0,0,0,0,0,0,0,0,0,0,0,0,1,999,,999,999,999,999,999,999,999,999,999,999,999,999,999,1,1,1,1,,,1,999,998
18934,2024,8,4,18,8,08238,,1,1,C-1413a,19.6,4,5,6,4,0,0,1,1,0,0,1,1,3,0,0,0,0,0,0,0,0,0,0,0,0,0,0,0,0,0,0,0,0,0,0,0,2,,,0,0,0,0,0,0,0,0,0,0,0,0,1,999,1,1,1,,,999,998,4
18935,2024,8,5,14,8,08007,,2,2,C-61,2,4,5,6,2,0,0,2,2,0,0,2,2,2,0,0,0,0,0,0,0,0,0,0,0,0,0,0,0,0,0,0,0,0,0,0,0,2,2,,0,0,0,0,0,0,0,0,0,0,0,0,1,999,1,1,1,,,999,998,4
18936,2024,7,3,19,8,08073,,1,1,B-20,2.9,4,1,2,4,0,0,1,1,0,0,1,1,3,0,0,0,0,0,0,0,0,0,0,0,0,0,0,0,0,0,0,0,0,0,0,0,1,999,,999,999,999,999,999,999,999,999,999,999,999,999,999,999,1,1,1,,,999,998,4
18937,2024,7,3,22,8,08001,,1,1,A-2,584.8,4,1,3,4,0,0,1,1,0,0,1,1,2,0,0,0,0,0,0,0,0,0,0,0,0,0,0,0,0,0,0,0,0,0,0,0,1,999,,999,999,999,999,999,999,999,999,999,999,999,999,999,999,1,4,1,,,999,998,4
18938,2024,8,1,16,8,00000,,1,1,AP-7,114.9,4,1,2,3,0,0,1,1,0,0,1,1,2,0,0,0,0,0,0,0,0,0,0,0,0,0,0,0,0,0,0,0,0,0,0,0,1,999,,999,999,999,999,999,999,999,999,999,999,999,999,999,999,1,1,1,,,999,998,4
18939,2024,8,2,11,8,08200,,1,1,C-32,54,4,5,2,9,0,0,2,2,0,0,2,2,1,0,0,0,0,0,0,0,0,0,0,0,0,0,0,0,0,0,0,0,0,0,0,0,2,2,,0,0,0,0,0,0,0,0,0,0,0,0,1,999,1,1,1,,,999,998,4
18940,2024,8,2,11,8,08123,,1,1,B-23,9,4,1,2,6,0,0,1,1,0,0,1,1,1,0,0,0,0,0,0,0,0,0,0,0,0,0,0,0,0,0,0,0,0,0,0,0,1,999,,999,999,999,999,999,999,999,999,999,999,999,999,999,999,1,1,1,,,999,998,4
18941,2024,8,2,14,8,08006,,3,2,No inventariada,,4,5,14,2,0,0,1,1,0,0,1,1,2,0,0,0,0,0,0,0,0,0,0,0,0,0,0,0,0,0,0,0,0,0,0,0,2,4,,0,0,0,0,0,0,0,0,0,0,0,0,1,999,1,1,1,,,999,998,998
18942,2024,8,2,15,8,08159,,1,1,AP-7,136,4,1,2,4,0,0,1,1,0,0,1,1,3,0,0,0,0,0,0,0,0,0,0,0,0,0,0,0,0,0,0,0,0,0,0,0,2,2,,0,0,0,0,0,0,0,0,0,0,0,0,1,999,1,1,1,,,999,998,4
18943,2024,8,2,17,8,08159,,1,1,AP-7,136.2,4,1,2,2,0,0,2,2,0,0,2,2,2,0,0,0,0,0,0,0,0,0,0,0,0,0,0,0,0,0,0,0,0,0,0,0,2,2,,0,0,0,0,0,0,0,0,0,0,0,0,1,999,1,1,1,,,999,998,4
18944,2024,8,2,18,8,00000,,1,1,BP-1101,1.9,4,5,6,9,0,0,1,1,0,0,1,1,1,0,0,0,0,0,0,0,0,0,0,0,0,0,0,0,0,0,0,0,0,0,0,0,1,999,,999,999,999,999,999,999,999,999,999,999,999,999,999,999,1,1,1,,,999,998,4
18945,2024,8,2,22,8,08307,,1,1,C-15z,2.7,4,5,6,2,0,0,1,1,0,0,1,1,2,0,0,0,0,0,0,0,0,0,0,0,0,0,0,0,0,0,0,0,0,0,0,0,2,4,,0,0,0,0,0,0,0,0,0,0,0,0,1,999,1,4,1,,,999,998,4
18946,2024,8,1,21,8,08102,,3,2,No inventariada,,4,5,14,2,0,0,1,1,0,0,1,1,2,0,0,0,0,0,0,0,0,0,0,0,0,0,0,0,0,0,0,0,0,0,0,0,2,1,,1,0,0,0,0,0,0,0,0,0,0,0,0,999,1,4,1,,,17,998,998
18947,2024,8,1,5,8,08073,,3,2,No inventariada,,4,5,14,9,0,0,1,1,0,0,1,1,1,0,0,0,0,0,0,0,0,0,0,0,0,0,0,0,0,0,0,0,0,0,0,0,1,999,,999,999,999,999,999,999,999,999,999,999,999,999,999,999,1,4,1,,,17,998,998
18948,2024,8,2,21,8,08102,,3,2,No inventariada,,4,5,14,2,0,0,1,1,0,0,1,1,2,0,0,0,0,0,0,0,0,0,0,0,0,0,0,0,0,0,0,0,0,0,0,0,2,1,,0,0,0,0,0,0,0,0,0,0,0,0,1,999,1,2,1,,,17,998,998
18949,2024,8,2,15,8,08169,,3,2,No inventariada,,4,5,14,2,0,0,1,1,0,0,1,1,3,0,0,0,0,0,0,0,0,0,0,0,0,0,0,0,0,0,0,0,0,0,0,0,2,1,,0,0,0,0,0,0,0,0,0,0,0,0,1,999,1,1,1,,,17,998,998
18950,2024,8,1,15,8,08015,,3,2,No inventariada,,4,5,14,2,0,0,2,2,0,0,2,2,2,0,0,0,0,0,0,0,0,0,0,0,0,0,0,0,0,0,0,0,0,0,0,0,2,1,,0,0,1,0,0,0,0,0,0,0,0,0,0,999,1,1,1,,,17,998,998
18951,2024,8,5,19,8,08073,,3,2,No inventariada,,4,5,14,9,0,0,1,1,0,0,1,1,1,0,0,0,0,0,0,0,0,0,0,0,0,0,0,0,0,0,0,0,0,0,0,0,1,999,,999,999,999,999,999,999,999,999,999,999,999,999,999,999,1,1,1,,,17,998,998
18952,2024,8,7,13,8,08073,,3,2,No inventariada,,4,5,14,9,0,0,1,1,0,0,1,1,1,0,0,0,0,0,0,0,0,0,0,0,0,0,0,0,0,0,0,0,0,0,0,0,1,999,,999,999,999,999,999,999,999,999,999,999,999,999,999,999,1,1,1,,,17,998,998
18953,2024,8,2,16,8,08169,,3,2,No inventariada,,4,5,14,7,0,0,1,1,0,0,1,1,1,0,0,0,0,0,0,0,0,0,0,0,0,0,0,0,0,0,0,0,0,0,0,0,1,999,,999,999,999,999,999,999,999,999,999,999,999,999,999,999,3,1,3,,,17,999,998
18954,2024,8,2,18,8,08073,,3,2,No inventariada,,4,5,14,7,0,0,1,1,0,0,1,1,1,0,0,0,0,0,0,0,0,0,0,0,0,0,0,0,0,0,0,0,0,0,0,0,1,999,,999,999,999,999,999,999,999,999,999,999,999,999,999,999,1,1,1,,,17,999,998
18955,2024,6,7,10,8,08135,,3,2,No inventariada,,4,5,14,7,0,0,1,1,0,0,1,1,1,0,0,0,0,0,0,0,0,0,0,0,0,0,0,0,0,0,0,0,0,0,0,0,2,4,,0,0,0,0,0,0,0,0,0,0,0,0,1,999,1,1,1,,,17,999,998
18956,2024,7,2,15,8,08135,,3,2,No inventariada,,4,5,14,2,0,0,1,1,0,0,1,1,2,0,0,0,0,0,0,0,0,0,0,0,0,0,0,0,0,0,0,0,0,0,0,0,2,1,,0,0,0,0,0,0,0,0,0,0,0,0,1,999,1,1,1,,,17,998,998
18957,2024,7,6,19,8,08135,,3,2,No inventariada,,4,5,14,6,0,0,1,1,0,0,1,1,2,0,0,0,0,0,0,0,0,0,0,0,0,0,0,0,0,0,0,0,0,0,0,0,1,999,,999,999,999,999,999,999,999,999,999,999,999,999,999,999,1,1,1,,,17,998,998
18958,2024,8,7,20,8,08101,,3,2,No inventariada,,4,5,14,7,0,0,1,1,0,0,1,1,1,0,0,0,0,0,0,0,0,0,0,0,0,0,0,0,0,0,0,0,0,0,0,0,1,999,,999,999,999,999,999,999,999,999,999,999,999,999,999,999,1,1,1,,,17,999,998
18959,2024,8,7,0,8,08056,,3,2,No inventariada,,4,5,14,9,0,0,1,1,0,0,1,1,1,0,0,0,0,0,0,0,0,0,0,0,0,0,0,0,0,0,0,0,0,0,0,0,1,999,,999,999,999,999,999,999,999,999,999,999,999,999,999,2,1,4,1,,,1,998,998
18960,2024,7,7,6,8,08135,,3,2,No inventariada,,4,5,14,6,0,0,1,1,0,0,1,1,1,0,0,0,0,0,0,0,0,0,0,0,0,0,0,0,0,0,0,0,0,0,0,0,1,999,,999,999,999,999,999,999,999,999,999,999,999,999,999,999,1,2,1,,,17,998,998
18961,2024,8,7,11,8,08181,,1,1,AP-7,129.2,4,1,2,20,0,0,1,1,0,0,1,1,4,0,0,0,0,0,0,0,0,0,0,0,0,0,0,0,0,0,0,0,0,0,0,0,1,999,,999,999,999,999,999,999,999,999,999,999,999,999,999,999,1,1,1,,,999,998,4
18962,2024,7,5,18,8,08135,,3,2,No inventariada,,4,5,14,9,0,0,1,1,0,0,1,1,1,0,0,0,0,0,0,0,0,0,0,0,0,0,0,0,0,0,0,0,0,0,0,0,2,4,,0,0,0,0,0,0,0,0,0,0,0,0,1,999,8,1,1,,,17,998,998
18963,2024,7,7,22,8,08240,,1,1,AP-7,182.5,4,1,2,4,0,0,1,1,0,0,1,1,3,0,0,0,0,0,0,0,0,0,0,0,0,0,0,0,0,0,0,0,0,0,0,0,1,999,,999,999,999,999,999,999,999,999,999,999,999,999,999,999,1,5,1,,,999,998,4
18964,2024,8,2,19,8,08019,,1,1,C-58,0.5,4,5,2,3,0,0,1,1,0,0,1,1,2,0,0,0,0,0,0,0,0,0,0,0,0,0,0,0,0,0,0,0,0,0,0,0,1,999,,999,999,999,999,999,999,999,999,999,999,999,999,999,999,1,1,1,,,999,998,4
18965,2024,8,2,19,8,08091,,1,1,AP-7,174.7,2,1,2,3,0,1,1,2,0,1,1,2,4,0,0,0,0,0,0,0,0,0,0,0,0,0,0,0,0,0,0,0,0,0,0,0,1,999,,999,999,999,999,999,999,999,999,999,999,999,999,999,3,1,1,1,,,17,998,1
18966,2024,8,3,6,8,00000,,2,2,N-340,1226,4,1,14,3,0,0,2,2,0,0,2,2,2,0,0,0,0,0,0,0,0,0,0,0,0,0,0,0,0,0,0,0,0,0,0,0,1,999,,999,999,999,999,999,999,999,999,999,999,999,999,999,999,1,5,1,,,999,998,4
18967,2024,8,3,6,8,00000,,1,1,BV-4342,5.4,4,5,6,19,0,0,1,1,0,0,1,1,1,0,0,0,0,0,0,0,0,0,0,0,0,0,0,0,0,0,0,0,0,0,0,0,1,999,,999,999,999,999,999,999,999,999,999,999,999,999,999,999,1,2,1,,,999,998,4
18968,2024,8,3,7,8,08270,,1,1,C-32,34.4,4,5,2,2,0,0,2,2,0,0,2,2,2,0,0,0,0,0,0,0,0,0,0,0,0,0,0,0,0,0,0,0,0,0,0,0,1,999,,999,999,999,999,999,999,999,999,999,999,999,999,999,999,1,1,1,,,999,998,4
18969,2024,8,3,7,8,08252,,1,1,AP-7,147.1,4,1,2,3,0,0,1,1,0,0,1,1,2,0,0,0,0,0,0,0,0,0,0,0,0,0,0,0,0,0,0,0,0,0,0,0,1,999,,999,999,999,999,999,999,999,999,999,999,999,999,999,999,1,1,1,,,999,998,4
18970,2024,8,3,10,8,00000,,1,1,No inventariada,2.8,4,5,6,9,0,0,1,1,0,0,1,1,1,0,0,0,0,0,0,0,0,0,0,0,0,0,0,0,0,0,0,0,0,0,0,0,1,999,,999,999,999,999,999,999,999,999,999,999,999,999,999,999,1,1,1,,,999,998,4
18971,2024,8,3,16,8,00000,,1,1,BP-1101,7.8,4,5,6,9,0,0,1,1,0,0,1,1,1,0,0,0,0,0,0,0,0,0,0,0,0,0,0,0,0,0,0,0,0,0,0,0,1,999,,999,999,999,999,999,999,999,999,999,999,999,999,999,999,1,1,1,,,999,998,4
18972,2024,8,3,17,8,08101,,1,1,B-10,19,4,1,3,4,0,0,1,1,0,0,1,1,3,0,0,0,0,0,0,0,0,0,0,0,0,0,0,0,0,0,0,0,0,0,0,0,1,999,,999,999,999,999,999,999,999,999,999,999,999,999,999,999,1,1,1,,,999,998,4
18973,2024,8,3,16,8,08161,,1,1,BV-2242,9.2,2,3,6,9,0,1,0,1,1,0,0,1,1,0,0,0,0,0,0,0,0,0,0,0,0,0,0,1,0,0,0,0,0,0,0,0,1,999,,999,999,999,999,999,999,999,999,999,999,999,999,999,1,1,1,1,,,17,998,1
18974,2024,8,3,22,8,08033,,1,1,No inventariada,1.5,4,5,6,8,0,0,1,1,0,0,1,1,1,0,0,0,0,0,0,0,0,0,0,0,0,0,0,0,0,0,0,0,0,0,0,0,2,2,,0,0,0,0,0,0,0,0,0,0,0,0,1,999,1,6,1,,,999,998,4
18975,2024,8,4,1,8,08009,,1,1,C-1415c,7.1,4,5,6,9,0,0,2,2,0,0,2,2,1,0,0,0,0,0,0,0,0,0,0,0,0,0,0,0,0,0,0,0,0,0,0,0,1,999,,999,999,999,999,999,999,999,999,999,999,999,999,999,999,1,6,1,,,999,998,4
18976,2024,8,7,12,8,08298,,3,2,No inventariada,,4,5,14,2,0,0,1,1,0,0,1,1,2,0,0,0,0,0,0,0,0,0,0,0,0,0,0,0,0,0,0,0,0,0,0,0,1,999,,999,999,999,999,999,999,999,999,999,999,999,999,999,999,1,1,1,,,17,998,998
18977,2024,5,7,2,8,08266,,3,2,No inventariada,,4,5,14,9,0,0,1,1,0,0,1,1,2,0,0,0,0,0,0,0,0,0,0,0,0,0,0,0,0,0,0,0,0,0,0,0,2,1,,0,0,0,0,0,0,0,0,0,0,0,0,1,999,1,4,1,,,17,998,998
18978,2024,6,7,8,8,08266,,3,2,No inventariada,,4,5,14,2,0,0,1,1,0,0,1,1,2,0,0,0,0,0,0,0,0,0,0,0,0,0,0,0,0,0,0,0,0,0,0,0,2,2,,0,0,0,0,0,0,0,0,0,0,0,0,1,999,1,1,1,,,17,998,998