ID_ACCIDENTE,ANYO,MES,DIA_SEMANA,HORA,COD_PROVINCIA,COD_MUNICIPIO,ISLA,ZONA,ZONA_AGRUPADA,CARRETERA,KM,SENTIDO_1F,TITULARIDAD_VIA,TIPO_VIA,TIPO_ACCIDENTE,TOTAL_MU24H,TOTAL_HG24H,TOTAL_HL24H,TOTAL_VICTIMAS_24H,TOTAL_MU30DF,TOTAL_HG30DF,TOTAL_HL30DF,TOTAL_VICTIMAS_30DF,TOTAL_VEHICULOS,TOT_PEAT_MU24H,TOT_BICI_MU24H,TOT_CICLO_MU24H,TOT_MOTO_MU24H,TOT_TUR_MU24H,TOT_FURG_MU24H,TOT_CAM_MENOS3500_MU24H,TOT_CAM_MAS3500_MU24H,TOT_BUS_MU24H,TOT_OTRO_MU24H,TOT_SINESPECIF_MU24H,TOT_PEAT_MU30DF,TOT_BICI_MU30DF,TOT_CICLO_MU30DF,TOT_MOTO_MU30DF,TOT_TUR_MU30DF,TOT_FURG_MU30DF,TOT_CAM_MENOS3500_MU30DF,TOT_CAM_MAS3500_MU30DF,TOT_BUS_MU30DF,TOT_VMP_MU30DF,TOT_OTRO_MU30DF,TOT_SINESPECIF_MU30DF,NUDO,NUDO_INFO,CARRETERA_CRUCE,PRIORI_NORMA,PRIORI_AGENTE,PRIORI_SEMAFORO,PRIORI_VERT_STOP,PRIORI_VERT_CEDA,PRIORI_HORIZ_STOP,PRIORI_HORIZ_CEDA,PRIORI_MARCAS,PRIORI_PEA_NO_ELEV,PRIORI_PEA_ELEV,PRIORI_MARCA_CICLOS,PRIORI_CIRCUNSTANCIAL,PRIORI_OTRA,CONDICION_NIVEL_CIRCULA,CONDICION_FIRME,CONDICION_ILUMINACION,CONDICION_METEO,CONDICION_NIEBLA,CONDICION_VIENTO,VISIB_RESTRINGIDA_POR,ACERA,TRAZADO_PLANTA
19938,2024,9,5,16,8,08194,,1,1,C-31,208.7,4,5,2,3,0,0,6,6,0,0,6,6,2,0,0,0,0,0,0,0,0,0,0,0,0,0,0,0,0,0,0,0,0,0,0,0,1,999,,999,999,999,999,999,999,999,999,999,999,999,999,999,999,1,1,1,,,999,998,4
19939,2024,9,5,17,8,08266,,1,1,AP-7,151.5,4,1,2,4,0,0,1,1,0,0,1,1,2,0,0,0,0,0,0,0,0,0,0,0,0,0,0,0,0,0,0,0,0,0,0,0,1,999,,999,999,999,999,999,999,999,999,999,999,999,999,999,999,1,1,1,,,999,998,4
19940,2024,9,5,19,8,00000,,1,1,No inventariada,83.6,4,2,6,4,0,0,1,1,0,0,1,1,4,0,0,0,0,0,0,0,0,0,0,0,0,0,0,0,0,0,0,0,0,0,0,0,1,999,,999,999,999,999,999,999,999,999,999,999,999,999,999,999,1,6,1,,,999,998,4
19941,2024,9,1,8,8,08200,,1,1,B-22,0.5,4,1,3,3,0,0,1,1,0,0,1,1,1,0,0,0,0,0,0,0,0,0,0,0,0,0,0,0,0,0,0,0,0,0,0,0,1,999,,999,999,999,999,999,999,999,999,999,999,999,999,999,999,1,1,1,,,999,998,4
19942,2024,9,1,9,8,08015,,1,1,B-20,19.6,4,1,2,19,0,0,1,1,0,0,1,1,1,0,0,0,0,0,0,0,0,0,0,0,0,0,0,0,0,0,0,0,0,0,0,0,2,2,,0,0,0,0,0,0,0,0,0,0,0,0,1,999,1,1,1,,,999,998,4
19943,2024,9,1,3,8,08157,,1,1,N-340,1242,2,1,6,19,1,0,0,1,1,0,0,1,1,0,0,0,0,1,0,0,0,0,0,0,0,0,0,0,1,0,0,0,0,0,0,0,2,2,,1,0,0,0,0,0,0,0,0,0,0,0,0,1,1,4,1,,,17,998,1
19944,2024,9,1,10,8,08289,,1,1,BV-2005,4.2,4,5,6,3,0,0,1,1,0,0,1,1,2,0,0,0,0,0,0,0,0,0,0,0,0,0,0,0,0,0,0,0,0,0,0,0,2,4,,0,0,0,0,0,0,0,0,0,0,0,0,1,999,1,1,1,,,999,998,4
19945,2024,9,1,14,8,00000,,1,1,BV-2127,4.6,4,5,6,4,0,0,1,1,0,0,1,1,2,0,0,0,0,0,0,0,0,0,0,0,0,0,0,0,0,0,0,0,0,0,0,0,2,2,,0,0,0,0,0,0,0,0,0,0,0,0,1,999,1,1,1,,,999,998,4
19946,2024,9,1,16,8,00000,,1,1,C-62,17.1,4,5,6,2,0,0,2,2,0,0,2,2,2,0,0,0,0,0,0,0,0,0,0,0,0,0,0,0,0,0,0,0,0,0,0,0,2,2,,0,0,0,0,0,0,0,0,0,0,0,0,1,999,1,1,1,,,999,998,4
19947,2024,9,1,16,8,08172,,2,2,N-2,638.5,4,5,6,7,0,0,2,2,0,0,2,2,1,0,0,0,0,0,0,0,0,0,0,0,0,0,0,0,0,0,0,0,0,0,0,0,1,999,,999,999,999,999,999,999,999,999,999,999,999,999,999,999,1,1,1,,,999,999,4
19948,2024,9,1,17,8,08270,,1,1,C-32,31.3,1,2,2,4,1,0,0,1,1,0,0,1,3,0,0,0,1,0,0,0,0,0,0,0,0,0,0,1,0,0,0,0,0,0,0,0,2,,,0,0,0,0,0,0,0,0,0,0,0,0,1,2,1,1,1,,,17,998,1
19949,2024,9,4,20,8,08096,,3,2,No inventariada,,4,5,14,2,0,0,1,1,0,0,1,1,2,0,0,0,0,0,0,0,0,0,0,0,0,0,0,0,0,0,0,0,0,0,0,0,2,4,,0,0,0,0,0,0,0,0,0,0,0,0,1,999,1,1,1,,,17,998,998
19950,2024,9,6,15,8,08121,,3,2,No inventariada,,4,5,14,2,0,0,1,1,0,0,1,1,2,0,0,0,0,0,0,0,0,0,0,0,0,0,0,0,0,0,0,0,0,0,0,0,2,2,,0,0,0,0,0,0,0,0,0,0,0,0,1,999,1,1,1,,,17,998,998
19951,2024,9,1,17,8,08298,,3,2,No inventariada,,4,5,14,7,0,0,1,1,0,0,1,1,1,0,0,0,0,0,0,0,0,0,0,0,0,0,0,0,0,0,0,0,0,0,0,0,1,999,,999,999,999,999,999,999,999,999,999,999,999,999,999,999,1,1,1,,,17,999,998
19952,2024,9,1,7,8,08121,,3,2,No inventariada,,4,5,14,2,0,0,1,1,0,0,1,1,2,0,0,0,0,0,0,0,0,0,0,0,0,0,0,0,0,0,0,0,0,0,0,0,2,1,,0,0,0,0,0,0,0,0,0,0,0,0,1,999,1,1,1,,,17,998,998
19953,2024,9,1,12,8,08121,,3,2,No inventariada,,4,5,14,20,0,0,1,1,0,0,1,1,1,0,0,0,0,0,0,0,0,0,0,0,0,0,0,0,0,0,0,0,0,0,0,0,1,999,,999,999,999,999,999,999,999,999,999,999,999,999,999,999,1,1,1,,,17,998,998
19954,2024,9,1,18,8,08015,,3,2,No inventariada,,4,5,14,7,0,0,1,1,0,0,1,1,1,0,0,0,0,0,0,0,0,0,0,0,0,0,0,0,0,0,0,0,0,0,0,0,2,2,,0,0,1,0,0,0,0,0,0,0,0,0,0,999,1,1,1,,,17,999,998
19955,2024,9,7,22,8,08169,,3,2,No inventariada,,4,5,14,9,0,0,1,1,0,0,1,1,1,0,0,0,0,0,0,0,0,0,0,0,0,0,0,0,0,0,0,0,0,0,0,0,2,1,,0,0,0,0,0,0,0,0,0,0,0,0,1,999,1,4,1,,,17,998,998
19956,2024,9,1,11,8,08169,,3,2,No inventariada,,4,5,14,7,0,0,1,1,0,0,1,1,1,0,0,0,0,0,0,0,0,0,0,0,0,0,0,0,0,0,0,0,0,0,0,0,1,999,,999,999,999,999,999,999,999,999,999,999,999,999,999,999,1,1,1,,,17,999,998
19957,2024,9,2,14,8,08169,,3,2,No inventariada,,4,5,14,3,0,0,1,1,0,0,1,1,2,0,0,0,0,0,0,0,0,0,0,0,0,0,0,0,0,0,0,0,0,0,0,0,2,4,,1,0,0,0,0,0,0,0,0,0,0,0,0,999,1,1,1,,,17,998,998
19958,2024,9,4,13,8,08169,,3,2,No inventariada,,4,5,14,3,0,0,1,1,0,0,1,1,2,0,0,0,0,0,0,0,0,0,0,0,0,0,0,0,0,0,0,0,0,0,0,0,2,1,,1,0,0,0,0,0,0,0,0,0,0,0,0,999,1,1,1,,,17,998,998
19959,2024,9,4,9,8,08086,,3,2,No inventariada,,4,5,14,2,0,1,0,1,0,1,0,1,2,0,0,0,0,0,0,0,0,0,0,0,0,0,0,0,0,0,0,0,0,0,0,0,2,4,,0,0,0,0,0,0,0,0,0,0,0,0,1,1,1,1,1,,,17,998,998
19960,2024,9,4,16,8,08301,,3,2,No inventariada,,4,5,14,3,0,1,1,2,0,1,1,2,4,0,0,0,0,0,0,0,0,0,0,0,0,0,0,0,0,0,0,0,0,0,0,0,1,999,,999,999,999,999,999,999,999,999,999,999,999,999,999,2,1,1,1,,,1,998,998
19961,2024,9,4,18,8,08101,,1,1,C-31,198,4,5,3,4,0,0,2,2,0,0,2,2,3,0,0,0,0,0,0,0,0,0,0,0,0,0,0,0,0,0,0,0,0,0,0,0,1,999,,999,999,999,999,999,999,999,999,999,999,999,999,999,999,1,1,1,,,999,998,4
19962,2024,9,5,15,8,08169,,1,1,C-31,194.5,4,5,3,4,0,0,4,4,0,0,4,4,3,0,0,0,0,0,0,0,0,0,0,0,0,0,0,0,0,0,0,0,0,0,0,0,1,999,,999,999,999,999,999,999,999,999,999,999,999,999,999,999,1,1,1,,,999,998,4
19963,2024,9,4,17,8,08205,,1,1,C-16,7.1,4,5,2,4,0,0,4,4,0,0,4,4,2,0,0,0,0,0,0,0,0,0,0,0,0,0,0,0,0,0,0,0,0,0,0,0,2,2,,1,0,0,0,0,0,0,0,0,0,0,0,0,999,1,1,1,,,999,998,4
19964,2024,10,2,6,8,08266,,1,1,BV-1415,6.5,4,5,6,3,0,0,2,2,0,0,2,2,2,0,0,0,0,0,0,0,0,0,0,0,0,0,0,0,0,0,0,0,0,0,0,0,1,999,,999,999,999,999,999,999,999,999,999,999,999,999,999,999,1,6,1,,,999,998,4
19965,2024,9,5,13,8,00000,,1,1,BV-4031,9.5,4,5,6,19,0,0,3,3,0,0,3,3,1,0,0,0,0,0,0,0,0,0,0,0,0,0,0,0,0,0,0,0,0,0,0,0,1,999,,999,999,999,999,999,999,999,999,999,999,999,999,999,999,1,1,1,,,999,998,4
19966,2024,9,6,17,8,08009,,1,1,C-32,99.8,4,5,2,4,0,0,3,3,0,0,3,3,3,0,0,0,0,0,0,0,0,0,0,0,0,0,0,0,0,0,0,0,0,0,0,0,1,999,,999,999,999,999,999,999,999,999,999,999,999,999,999,999,1,1,1,,,999,998,4
19967,2024,9,7,13,8,00000,,1,1,BV-5128,23,4,5,6,9,0,0,2,2,0,0,2,2,1,0,0,0,0,0,0,0,0,0,0,0,0,0,0,0,0,0,0,0,0,0,0,0,1,999,,999,999,999,999,999,999,999,999,999,999,999,999,999,999,1,1,1,,,999,998,4
19968,2024,9,1,7,8,08245,,1,1,B-20,17.3,4,1,2,3,0,0,1,1,0,0,1,1,2,0,0,0,0,0,0,0,0,0,0,0,0,0,0,0,0,0,0,0,0,0,0,0,1,999,,999,999,999,999,999,999,999,999,999,999,999,999,999,999,1,1,1,,,999,998,4
19969,2024,9,1,10,8,08180,,1,1,C-58,4.8,4,5,2,3,0,0,1,1,0,0,1,1,2,0,0,0,0,0,0,0,0,0,0,0,0,0,0,0,0,0,0,0,0,0,0,0,1,999,,999,999,999,999,999,999,999,999,999,999,999,999,999,999,1,1,1,,,999,998,4
19970,2024,9,1,12,8,08009,,1,1,C-1415c,4.7,4,5,6,2,0,0,1,1,0,0,1,1,2,0,0,0,0,0,0,0,0,0,0,0,0,0,0,0,0,0,0,0,0,0,0,0,2,2,,0,0,0,0,0,0,0,0,0,0,0,0,1,999,1,1,1,,,999,998,4
19971,2024,9,1,16,8,00000,,1,1,C-17,56,4,5,3,4,0,0,1,1,0,0,1,1,3,0,0,0,0,0,0,0,0,0,0,0,0,0,0,0,0,0,0,0,0,0,0,0,1,999,,999,999,999,999,999,999,999,999,999,999,999,999,999,999,1,1,1,,,999,998,4
19972,2024,10,2,7,8,08194,,1,1,B-10,4.1,4,5,3,3,0,0,1,1,0,0,1,1,2,0,0,0,0,0,0,0,0,0,0,0,0,0,0,0,0,0,0,0,0,0,0,0,1,999,,999,999,999,999,999,999,999,999,999,999,999,999,999,999,1,1,1,,,999,998,4
19973,2024,10,2,11,8,08252,,1,1,AP-7,147,4,1,2,3,0,0,2,2,0,0,2,2,2,0,0,0,0,0,0,0,0,0,0,0,0,0,0,0,0,0,0,0,0,0,0,0,1,999,,999,999,999,999,999,999,999,999,999,999,999,999,999,999,1,1,1,,,999,998,4
19974,2024,10,2,16,8,00000,,1,1,A-2,558.1,4,1,3,4,0,0,2,2,0,0,2,2,2,0,0,0,0,0,0,0,0,0,0,0,0,0,0,0,0,0,0,0,0,0,0,0,1,999,,999,999,999,999,999,999,999,999,999,999,999,999,999,999,1,1,1,,,999,998,4
19975,2024,10,2,17,8,08015,,1,1,C-31,213,4,5,2,19,1,0,0,1,1,0,0,1,1,0,0,0,1,0,0,0,0,0,0,0,0,0,0,1,0,0,0,0,0,0,0,0,1,999,,999,999,999,999,999,999,999,999,999,999,999,999,999,999,1,1,1,,,17,998,4
19976,2024,10,2,8,8,08282,,3,2,No inventariada,,4,5,14,3,0,0,1,1,0,0,1,1,2,0,0,0,0,0,0,0,0,0,0,0,0,0,0,0,0,0,0,0,0,0,0,0,1,999,,999,999,999,999,999,999,999,999,999,999,999,999,999,999,1,1,1,,,17,998,998
19977,2024,7,2,11,8,08307,,3,2,No inventariada,,4,5,14,2,0,0,1,1,0,0,1,1,2,0,0,0,0,0,0,0,0,0,0,0,0,0,0,0,0,0,0,0,0,0,0,0,1,999,,999,999,999,999,999,999,999,999,999,999,999,999,999,999,1,1,1,,,17,998,998
19978,2024,7,1,7,8,08307,,3,2,No inventariada,,4,5,14,7,0,0,1,1,0,0,1,1,1,0,0,0,0,0,0,0,0,0,0,0,0,0,0,0,0,0,0,0,0,0,0,0,1,999,,999,999,999,999,999,999,999,999,999,999,999,999,999,999,1,1,1,,,17,999,998
19979,2024,9,1,8,8,08282,,3,2,No inventariada,,4,5,14,3,0,0,3,3,0,0,3,3,2,0,0,0,0,0,0,0,0,0,0,0,0,0,0,0,0,0,0,0,0,0,0,0,1,999,,999,999,999,999,999,999,999,999,999,999,999,999,999,999,1,1,1,,,17,998,998
19980,2024,8,6,11,8,08200,,3,2,No inventariada,,4,5,14,9,0,0,1,1,0,0,1,1,1,0,0,0,0,0,0,0,0,0,0,0,0,0,0,0,0,0,0,0,0,0,0,0,1,999,,999,999,999,999,999,999,999,999,999,999,999,999,999,999,8,1,1,,,17,998,998
19981,2024,8,4,10,8,08200,,3,2,No inventariada,,4,5,14,4,0,0,1,1,0,0,1,1,2,0,0,0,0,0,0,0,0,0,0,0,0,0,0,0,0,0,0,0,0,0,0,0,1,999,,999,999,999,999,999,999,999,999,999,999,999,999,999,999,1,1,1,,,17,998,998
19982,2024,8,5,16,8,08200,,3,2,No inventariada,,4,5,14,9,0,0,1,1,0,0,1,1,1,0,0,0,0,0,0,0,0,0,0,0,0,0,0,0,0,0,0,0,0,0,0,0,2,4,,0,0,0,0,0,0,0,0,0,0,0,0,1,999,8,1,1,,,17,998,998
19983,2024,9,4,20,8,08089,,3,2,No inventariada,,4,5,14,9,0,0,1,1,0,0,1,1,1,0,0,0,0,0,0,0,0,0,0,0,0,0,0,0,0,0,0,0,0,0,0,0,2,4,,1,0,0,0,0,0,0,0,0,0,0,0,0,999,8,1,1,,,17,998,998
19984,2024,9,4,21,8,08089,,3,2,No inventariada,,4,5,14,7,0,0,1,1,0,0,1,1,1,0,0,0,0,0,0,0,0,0,0,0,0,0,0,0,0,0,0,0,0,0,0,0,2,1,,0,0,0,0,0,0,0,0,0,0,0,0,1,999,1,4,1,,,17,999,998
19985,2024,8,6,15,8,08200,,3,2,No inventariada,,4,5,14,6,0,0,1,1,0,0,1,1,3,0,0,0,0,0,0,0,0,0,0,0,0,0,0,0,0,0,0,0,0,0,0,0,2,2,,0,0,0,0,0,0,0,0,0,0,0,0,1,999,1,1,1,,,17,998,998
19986,2024,9,4,18,8,08200,,3,2,No inventariada,,4,5,14,2,0,0,1,1,0,0,1,1,2,0,0,0,0,0,0,0,0,0,0,0,0,0,0,0,0,0,0,0,0,0,0,0,1,999,,999,999,999,999,999,999,999,999,999,999,999,999,999,999,1,1,1,,,17,998,998
19987,2024,9,2,7,8,08200,,2,2,BV-2002,6.5,4,5,14,2,0,0,1,1,0,0,1,1,2,0,0,0,0,0,0,0,0,0,0,0,0,0,0,0,0,0,0,0,0,0,0,0,2,1,,0,0,0,0,0,0,0,0,0,0,0,0,1,999,1,1,1,,,17,998,4
19988,2024,9,3,9,8,08200,,3,2,No inventariada,,4,5,14,2,0,0,1,1,0,0,1,1,2,0,0,0,0,0,0,0,0,0,0,0,0,0,0,0,0,0,0,0,0,0,0,0,2,1,,0,0,0,0,0,0,0,0,0,0,0,0,1,999,1,1,1,,,17,998,998
19989,2024,9,6,9,8,08200,,3,2,No inventariada,,4,5,14,4,0,1,0,1,0,1,0,1,2,0,0,0,0,0,0,0,0,0,0,0,0,0,0,0,0,0,0,0,0,0,0,0,1,999,,999,999,999,999,999,999,999,999,999,999,999,999,999,1,1,1,1,,,17,998,998
19990,2024,9,4,12,8,08200,,3,2,No inventariada,,4,5,14,2,0,0,1,1,0,0,1,1,2,0,0,0,0,0,0,0,0,0,0,0,0,0,0,0,0,0,0,0,0,0,0,0,2,1,,0,0,1,0,0,0,0,0,0,0,0,0,0,999,3,1,4,,,17,998,998
19991,2024,9,6,13,8,08200,,3,2,No inventariada,,4,5,14,3,0,0,1,1,0,0,1,1,2,0,0,0,0,0,0,0,0,0,0,0,0,0,0,0,0,0,0,0,0,0,0,0,2,1,,0,0,1,0,0,0,0,0,0,0,0,0,0,999,1,1,1,,,17,998,998
19992,2024,8,2,6,8,08180,,3,2,No inventariada,,4,5,14,7,0,0,1,1,0,0,1,1,1,0,0,0,0,0,0,0,0,0,0,0,0,0,0,0,0,0,0,0,0,0,0,0,1,999,,999,999,999,999,999,999,999,999,999,999,999,999,999,999,1,1,1,,,17,999,998
19993,2024,9,4,19,8,08101,,3,2,No inventariada,,4,5,14,9,0,1,0,1,0,1,0,1,1,0,0,0,0,0,0,0,0,0,0,0,0,0,0,0,0,0,0,0,0,0,0,0,1,999,,999,999,999,999,999,999,999,999,999,999,999,999,999,999,3,1,1,,,17,998,998
19994,2024,9,7,6,8,08270,,3,2,No inventariada,,4,5,14,6,0,1,0,1,0,1,0,1,1,0,0,0,0,0,0,0,0,0,0,0,0,0,0,0,0,0,0,0,0,0,0,0,2,4,,0,0,0,0,0,0,0,0,0,0,0,0,1,1,1,2,1,,,1,998,998
19995,2024,9,5,17,8,08283,,3,2,No inventariada,,4,5,14,20,0,0,1,1,0,0,1,1,2,0,0,0,0,0,0,0,0,0,0,0,0,0,0,0,0,0,0,0,0,0,0,0,1,999,,999,999,999,999,999,999,999,999,999,999,999,999,999,999,1,1,1,,,17,999,998
19996,2024,9,1,17,8,08214,,3,2,No inventariada,,4,5,14,2,0,1,0,1,0,1,0,1,2,0,0,0,0,0,0,0,0,0,0,0,0,0,0,0,0,0,0,0,0,0,0,0,1,999,,999,999,999,999,999,999,999,999,999,999,999,999,999,999,1,1,1,,,17,998,998
19997,2024,9,3,20,8,08140,,3,2,No inventariada,,4,5,14,7,0,0,1,1,0,0,1,1,1,0,0,0,0,0,0,0,0,0,0,0,0,0,0,0,0,0,0,0,0,0,0,0,2,2,,1,0,0,0,0,0,0,0,0,0,0,0,0,999,1,4,1,,,999,999,998
19998,2024,9,5,14,8,08291,,1,1,C-58,31.3,4,5,6,4,0,0,2,2,0,0,2,2,2,0,0,0,0,0,0,0,0,0,0,0,0,0,0,0,0,0,0,0,0,0,0,0,2,,,0,0,0,0,0,0,0,0,0,0,0,0,1,999,1,1,1,,,999,998,4
19999,2024,9,1,12,8,00000,,1,1,C-55,16.9,4,5,6,19,0,0,1,1,0,0,1,1,1,0,0,0,0,0,0,0,0,0,0,0,0,0,0,0,0,0,0,0,0,0,0,0,1,999,,999,999,999,999,999,999,999,999,999,999,999,999,999,999,1,1,1,,,999,998,4
20000,2024,10,2,13,8,08260,,1,1,AP-7,142.5,4,1,2,19,0,0,1,1,0,0,1,1,1,0,0,0,0,0,0,0,0,0,0,0,0,0,0,0,0,0,0,0,0,0,0,0,2,2,,1,0,0,0,0,0,0,0,0,0,0,0,0,999,1,1,1,,,999,998,4
20001,2024,10,3,6,8,08089,,1,1,C-32,48.5,4,5,2,4,0,0,3,3,0,0,3,3,3,0,0,0,0,0,0,0,0,0,0,0,0,0,0,0,0,0,0,0,0,0,0,0,2,,,0,0,0,0,0,0,0,0,0,0,0,0,1,999,1,2,1,,,999,998,4
20002,2024,10,3,7,8,08231,,1,1,C-31,156,4,5,6,4,0,0,1,1,0,0,1,1,2,0,0,0,0,0,0,0,0,0,0,0,0,0,0,0,0,0,0,0,0,0,0,0,1,999,,999,999,999,999,999,999,999,999,999,999,999,999,999,999,1,6,1,,,999,998,4
20003,2024,10,3,8,8,08213,,1,1,C-16C,2.9,4,5,6,2,0,0,1,1,0,0,1,1,2,0,0,0,0,0,0,0,0,0,0,0,0,0,0,0,0,0,0,0,0,0,0,0,2,4,,0,0,0,0,0,0,0,0,0,0,0,0,1,999,1,1,1,,,999,998,4
20004,2024,10,3,8,8,08217,,1,1,B-23,4.1,4,1,2,9,0,0,1,1,0,0,1,1,2,0,0,0,0,0,0,0,0,0,0,0,0,0,0,0,0,0,0,0,0,0,0,0,1,999,,999,999,999,999,999,999,999,999,999,999,999,999,999,999,1,1,1,,,999,998,4
20005,2024,10,3,12,8,00000,,1,1,N-340,1203,4,1,6,6,0,0,1,1,0,0,1,1,1,0,0,0,0,0,0,0,0,0,0,0,0,0,0,0,0,0,0,0,0,0,0,0,1,999,,999,999,999,999,999,999,999,999,999,999,999,999,999,999,1,1,1,,,999,998,4
20006,2024,10,3,13,8,08284,,1,1,GI-600,1.9,4,5,6,4,0,0,1,1,0,0,1,1,2,0,0,0,0,0,0,0,0,0,0,0,0,0,0,0,0,0,0,0,0,0,0,0,2,4,,0,0,0,0,0,0,0,0,0,0,0,0,1,999,1,1,1,,,999,998,4
20007,2024,10,3,18,8,08214,,1,1,C-32,91.9,4,5,2,19,0,0,1,1,0,0,1,1,1,0,0,0,0,0,0,0,0,0,0,0,0,0,0,0,0,0,0,0,0,0,0,0,1,999,,999,999,999,999,999,999,999,999,999,999,999,999,999,999,3,1,4,,,999,998,4
20008,2024,10,3,20,8,08904,,1,1,C-58,9.1,4,5,2,19,0,0,1,1,0,0,1,1,1,0,0,0,0,0,0,0,0,0,0,0,0,0,0,0,0,0,0,0,0,0,0,0,1,999,,999,999,999,999,999,999,999,999,999,999,999,999,999,999,3,6,4,,,999,998,4
20009,2024,10,3,18,8,00000,,1,1,C-25,180,4,5,3,4,0,0,2,2,0,0,2,2,2,0,0,0,0,0,0,0,0,0,0,0,0,0,0,0,0,0,0,0,0,0,0,0,2,,,0,0,0,0,0,0,0,0,0,0,0,0,1,999,3,1,3,,,999,998,4
20010,2024,10,4,3,8,08125,,1,1,C-58,1.9,4,5,2,19,0,0,1,1,0,0,1,1,1,0,0,0,0,0,0,0,0,0,0,0,0,0,0,0,0,0,0,0,0,0,0,0,1,999,,999,999,999,999,999,999,999,999,999,999,999,999,999,999,3,4,4,,,999,998,4
20011,2024,9,1,15,8,08102,,3,2,No inventariada,,4,5,14,7,0,0,1,1,0,0,1,1,1,0,0,0,0,0,0,0,0,0,0,0,0,0,0,0,0,0,0,0,0,0,0,0,2,4,,0,0,0,0,0,0,0,0,0,0,0,0,1,999,1,1,1,,,17,999,998
20012,2024,9,1,16,8,08121,,3,2,No inventariada,,4,5,14,7,0,0,1,1,0,0,1,1,1,0,0,0,0,0,0,0,0,0,0,0,0,0,0,0,0,0,0,0,0,0,0,0,2,2,,0,0,0,0,0,0,0,0,0,0,0,0,1,999,1,1,1,,,17,999,998
20013,2024,10,2,14,8,08121,,3,2,No inventariada,,4,5,14,7,0,0,1,1,0,0,1,1,1,0,0,0,0,0,0,0,0,0,0,0,0,0,0,0,0,0,0,0,0,0,0,0,1,999,,999,999,999,999,999,999,999,999,999,999,999,999,999,999,1,1,1,,,17,999,998
20014,2024,10,3,14,8,08169,,3,2,No inventariada,,4,5,14,2,0,0,2,2,0,0,2,2,2,0,0,0,0,0,0,0,0,0,0,0,0,0,0,0,0,0,0,0,0,0,0,0,2,2,,0,0,1,0,0,0,0,0,0,0,0,0,0,999,1,1,1,,,17,998,998
20015,2024,9,1,21,8,08213,,3,2,No inventariada,,4,5,14,8,0,1,0,1,0,1,0,1,1,0,0,0,0,0,0,0,0,0,0,0,0,0,0,0,0,0,0,0,0,0,0,0,1,999,,999,999,999,999,999,999,999,999,999,999,999,999,999,1,1,6,1,,,1,998,998
20016,2024,10,2,10,8,08282,,3,2,No inventariada,,4,5,14,2,0,0,1,1,0,0,1,1,2,0,0,0,0,0,0,0,0,0,0,0,0,0,0,0,0,0,0,0,0,0,0,0,1,999,,999,999,999,999,999,999,999,999,999,999,999,999,999,999,1,1,1,,,17,998,998
20017,2024,9,2,8,8,08200,,3,2,No inventariada,,4,5,14,2,0,0,1,1,0,0,1,1,2,0,0,0,0,0,0,0,0,0,0,0,0,0,0,0,0,0,0,0,0,0,0,0,2,4,,0,0,0,0,0,0,0,0,0,0,0,0,1,999,1,1,1,,,17,998,998
20018,2024,9,7,14,8,08121,,3,2,No inventariada,,4,5,14,4,0,0,1,1,0,0,1,1,2,0,0,0,0,0,0,0,0,0,0,0,0,0,0,0,0,0,0,0,0,0,0,0,1,999,,999,999,999,999,999,999,999,999,999,999,999,999,999,999,1,1,1,,,17,998,998
20019,2024,9,5,5,8,08200,,3,2,No inventariada,,4,5,14,2,0,0,1,1,0,0,1,1,2,0,0,0,0,0,0,0,0,0,0,0,0,0,0,0,0,0,0,0,0,0,0,0,1,999,,999,999,999,999,999,999,999,999,999,999,999,999,999,999,1,5,1,,,17,998,998
20020,2024,9,5,10,8,08200,,3,2,No inventariada,,4,5,14,2,0,0,2,2,0,0,2,2,2,0,0,0,0,0,0,0,0,0,0,0,0,0,0,0,0,0,0,0,0,0,0,0,1,999,,999,999,999,999,999,999,999,999,999,999,999,999,999,999,1,1,1,,,17,998,998
20021,2024,10,2,19,8,08200,,3,2,No inventariada,,4,5,14,4,0,0,1,1,0,0,1,1,3,0,0,0,0,0,0,0,0,0,0,0,0,0,0,0,0,0,0,0,0,0,0,0,1,999,,999,999,999,999,999,999,999,999,999,999,999,999,999,999,1,1,1,,,17,998,998
20022,2024,10,2,15,8,08298,,3,2,No inventariada,,4,5,14,7,0,0,1,1,0,0,1,1,1,0,0,0,0,0,0,0,0,0,0,0,0,0,0,0,0,0,0,0,0,0,0,0,2,1,,0,0,0,0,0,0,0,0,0,0,0,0,1,999,1,1,1,,,17,999,998
20023,2024,8,3,12,8,08180,,3,2,No inventariada,,4,5,14,4,0,0,1,1,0,0,1,1,2,0,0,0,0,0,0,0,0,0,0,0,0,0,0,0,0,0,0,0,0,0,0,0,2,4,,0,0,0,0,0,0,0,0,0,0,0,0,1,999,1,1,1,,,17,998,998
20024,2024,10,4,15,8,08298,,3,2,No inventariada,,4,5,14,2,0,0,1,1,0,0,1,1,2,0,0,0,0,0,0,0,0,0,0,0,0,0,0,0,0,0,0,0,0,0,0,0,2,4,,1,0,0,0,0,0,0,0,0,0,0,0,0,999,1,1,1,,,17,998,998
20025,2024,9,1,16,8,08180,,3,2,No inventariada,,4,5,14,4,0,0,1,1,0,0,1,1,2,0,0,0,0,0,0,0,0,0,0,0,0,0,0,0,0,0,0,0,0,0,0,0,1,999,,999,999,999,999,999,999,999,999,999,999,999,999,999,999,1,1,1,,,17,998,998