ID_ACCIDENTE,ANYO,MES,DIA_SEMANA,HORA,COD_PROVINCIA,COD_MUNICIPIO,ISLA,ZONA,ZONA_AGRUPADA,CARRETERA,KM,SENTIDO_1F,TITULARIDAD_VIA,TIPO_VIA,TIPO_ACCIDENTE,TOTAL_MU24H,TOTAL_HG24H,TOTAL_HL24H,TOTAL_VICTIMAS_24H,TOTAL_MU30DF,TOTAL_HG30DF,TOTAL_HL30DF,TOTAL_VICTIMAS_30DF,TOTAL_VEHICULOS,TOT_PEAT_MU24H,TOT_BICI_MU24H,TOT_CICLO_MU24H,TOT_MOTO_MU24H,TOT_TUR_MU24H,TOT_FURG_MU24H,TOT_CAM_MENOS3500_MU24H,TOT_CAM_MAS3500_MU24H,TOT_BUS_MU24H,TOT_OTRO_MU24H,TOT_SINESPECIF_MU24H,TOT_PEAT_MU30DF,TOT_BICI_MU30DF,TOT_CICLO_MU30DF,TOT_MOTO_MU30DF,TOT_TUR_MU30DF,TOT_FURG_MU30DF,TOT_CAM_MENOS3500_MU30DF,TOT_CAM_MAS3500_MU30DF,TOT_BUS_MU30DF,TOT_VMP_MU30DF,TOT_OTRO_MU30DF,TOT_SINESPECIF_MU30DF,NUDO,NUDO_INFO,CARRETERA_CRUCE,PRIORI_NORMA,PRIORI_AGENTE,PRIORI_SEMAFORO,PRIORI_VERT_STOP,PRIORI_VERT_CEDA,PRIORI_HORIZ_STOP,PRIORI_HORIZ_CEDA,PRIORI_MARCAS,PRIORI_PEA_NO_ELEV,PRIORI_PEA_ELEV,PRIORI_MARCA_CICLOS,PRIORI_CIRCUNSTANCIAL,PRIORI_OTRA,CONDICION_NIVEL_CIRCULA,CONDICION_FIRME,CONDICION_ILUMINACION,CONDICION_METEO,CONDICION_NIEBLA,CONDICION_VIENTO,VISIB_RESTRINGIDA_POR,ACERA,TRAZADO_PLANTA
20722,2024,8,5,22,8,08101,,3,2,No inventariada,,4,5,14,3,0,0,1,1,0,0,1,1,2,0,0,0,0,0,0,0,0,0,0,0,0,0,0,0,0,0,0,0,0,0,0,0,2,2,,1,0,0,0,0,0,0,0,0,0,0,0,0,999,1,4,1,,,17,998,998
20723,2024,10,2,7,8,08009,,1,1,C-32,99.9,4,5,2,19,0,0,4,4,0,0,4,4,5,0,0,0,0,0,0,0,0,0,0,0,0,0,0,0,0,0,0,0,0,0,0,0,1,999,,999,999,999,999,999,999,999,999,999,999,999,999,999,999,1,4,1,,,999,998,4
20724,2024,10,2,9,8,08015,,1,1,C-31,211.5,4,5,2,4,0,0,1,1,0,0,1,1,3,0,0,0,0,0,0,0,0,0,0,0,0,0,0,0,0,0,0,0,0,0,0,0,1,999,,999,999,999,999,999,999,999,999,999,999,999,999,999,999,1,1,1,,,999,998,4
20725,2024,10,2,10,8,08205,,1,1,BP-1417,9.5,4,5,6,1,0,0,1,1,0,0,1,1,2,0,0,0,0,0,0,0,0,0,0,0,0,0,0,0,0,0,0,0,0,0,0,0,2,2,,0,0,0,0,0,0,0,0,0,0,0,0,1,999,1,1,1,,,999,998,4
20726,2024,10,2,19,8,08183,,3,2,No inventariada,,4,5,14,19,0,0,2,2,0,0,2,2,1,0,0,0,0,0,0,0,0,0,0,0,0,0,0,0,0,0,0,0,0,0,0,0,2,,,0,0,0,0,0,0,0,0,0,0,0,0,1,999,1,4,1,,,999,998,998
20727,2024,10,3,6,8,08295,,1,1,N-340,1229,4,1,6,8,0,0,1,1,0,0,1,1,1,0,0,0,0,0,0,0,0,0,0,0,0,0,0,0,0,0,0,0,0,0,0,0,1,999,,999,999,999,999,999,999,999,999,999,999,999,999,999,999,1,6,1,,,999,998,4
20728,2024,10,3,8,8,08307,,1,1,BV-2115,1.5,4,5,6,2,0,0,2,2,0,0,2,2,2,0,0,0,0,0,0,0,0,0,0,0,0,0,0,0,0,0,0,0,0,0,0,0,2,2,,1,0,0,0,0,0,0,0,0,0,0,0,0,999,1,1,1,,,999,998,4
20729,2024,10,3,9,8,08205,,1,1,AP-7,160,4,1,2,6,0,0,1,1,0,0,1,1,1,0,0,0,0,0,0,0,0,0,0,0,0,0,0,0,0,0,0,0,0,0,0,0,1,999,,999,999,999,999,999,999,999,999,999,999,999,999,999,999,1,1,1,,,999,998,4
20730,2024,10,3,10,8,08217,,1,1,B-23,4.9,4,1,2,3,0,0,1,1,0,0,1,1,1,0,0,0,0,0,0,0,0,0,0,0,0,0,0,0,0,0,0,0,0,0,0,0,1,999,,999,999,999,999,999,999,999,999,999,999,999,999,999,999,1,1,1,,,999,998,4
20731,2024,10,3,12,8,00000,,3,2,No inventariada,,4,5,14,2,0,0,1,1,0,0,1,1,3,0,0,0,0,0,0,0,0,0,0,0,0,0,0,0,0,0,0,0,0,0,0,0,1,999,,999,999,999,999,999,999,999,999,999,999,999,999,999,999,1,1,1,,,999,998,998
20732,2024,10,3,13,8,08200,,1,1,C-245,11.5,4,5,6,4,0,0,1,1,0,0,1,1,2,0,0,0,0,0,0,0,0,0,0,0,0,0,0,0,0,0,0,0,0,0,0,0,1,999,,999,999,999,999,999,999,999,999,999,999,999,999,999,999,1,1,1,,,999,998,4
20733,2024,10,3,13,8,00000,,1,1,BV-5301,17.8,4,5,6,4,0,0,1,1,0,0,1,1,2,0,0,0,0,0,0,0,0,0,0,0,0,0,0,0,0,0,0,0,0,0,0,0,1,999,,999,999,999,999,999,999,999,999,999,999,999,999,999,999,1,1,1,,,999,998,4
20734,2024,10,3,15,8,08091,,1,1,AP-7,176.5,4,1,2,4,0,0,1,1,0,0,1,1,2,0,0,0,0,0,0,0,0,0,0,0,0,0,0,0,0,0,0,0,0,0,0,0,2,,,0,0,0,0,0,0,0,0,0,0,0,0,1,999,1,1,1,,,999,998,4
20735,2024,10,3,15,8,08001,,1,1,B-40,0.2,2,1,2,9,0,1,0,1,0,1,0,1,1,0,0,0,0,0,0,0,0,0,0,0,0,0,0,0,0,0,0,0,0,0,0,0,2,2,,0,0,0,0,0,0,0,0,0,0,0,0,1,1,1,1,1,,,17,998,2
20736,2024,10,3,18,8,08205,,1,1,BP-1417,6.6,4,5,6,4,0,0,1,1,0,0,1,1,2,0,0,0,0,0,0,0,0,0,0,0,0,0,0,0,0,0,0,0,0,0,0,0,1,999,,999,999,999,999,999,999,999,999,999,999,999,999,999,999,1,5,1,,,999,998,4
20737,2024,10,4,18,8,08169,,3,2,No inventariada,,4,5,14,4,0,0,1,1,0,0,1,1,5,0,0,0,0,0,0,0,0,0,0,0,0,0,0,0,0,0,0,0,0,0,0,0,1,999,,999,999,999,999,999,999,999,999,999,999,999,999,999,999,1,2,1,,,17,998,998
20738,2024,9,2,6,8,08200,,3,2,No inventariada,,4,5,14,3,0,0,1,1,0,0,1,1,1,0,0,0,0,0,0,0,0,0,0,0,0,0,0,0,0,0,0,0,0,0,0,0,2,4,,1,0,0,0,0,0,0,0,0,0,0,0,0,999,1,4,1,,,17,998,998
20739,2024,7,2,6,8,08301,,3,2,No inventariada,,4,5,14,2,0,0,2,2,0,0,2,2,2,0,0,0,0,0,0,0,0,0,0,0,0,0,0,0,0,0,0,0,0,0,0,0,2,4,,0,0,0,0,0,0,0,0,0,0,0,0,1,999,1,2,1,,,17,998,998
20740,2024,10,4,15,8,08169,,3,2,No inventariada,,4,5,14,3,0,0,1,1,0,0,1,1,2,0,0,0,0,0,0,0,0,0,0,0,0,0,0,0,0,0,0,0,0,0,0,0,2,2,,1,0,0,0,0,0,0,0,0,0,0,0,0,999,1,1,1,,,17,998,998
20741,2024,7,6,13,8,08301,,3,2,No inventariada,,4,5,14,7,0,0,1,1,0,0,1,1,1,0,0,0,0,0,0,0,0,0,0,0,0,0,0,0,0,0,0,0,0,0,0,0,2,4,,0,0,0,0,0,0,0,0,0,0,0,0,1,999,1,1,1,,,17,999,998
20742,2024,10,1,18,8,08169,,3,2,No inventariada,,4,5,14,20,0,0,1,1,0,0,1,1,1,0,0,0,0,0,0,0,0,0,0,0,0,0,0,0,0,0,0,0,0,0,0,0,1,999,,999,999,999,999,999,999,999,999,999,999,999,999,999,999,1,1,1,,,17,999,998
20743,2024,7,6,13,8,08301,,3,2,No inventariada,,4,5,14,2,0,0,1,1,0,0,1,1,2,0,0,0,0,0,0,0,0,0,0,0,0,0,0,0,0,0,0,0,0,0,0,0,2,2,,1,0,0,0,0,0,0,0,0,0,0,0,0,999,1,1,1,,,17,998,998
20744,2024,9,7,23,8,08124,,3,2,No inventariada,,4,5,14,9,0,1,0,1,0,1,0,1,1,0,0,0,0,0,0,0,0,0,0,0,0,0,0,0,0,0,0,0,0,0,0,0,1,999,,999,999,999,999,999,999,999,999,999,999,999,999,999,999,1,4,1,,,17,998,998
20745,2024,10,6,18,8,08121,,3,2,No inventariada,,4,5,14,7,0,0,2,2,0,0,2,2,1,0,0,0,0,0,0,0,0,0,0,0,0,0,0,0,0,0,0,0,0,0,0,0,1,999,,999,999,999,999,999,999,999,999,999,999,999,999,999,999,1,1,1,,,17,999,998
20746,2024,10,1,16,8,08169,,3,2,No inventariada,,4,5,14,7,0,0,1,1,0,0,1,1,1,0,0,0,0,0,0,0,0,0,0,0,0,0,0,0,0,0,0,0,0,0,0,0,1,999,,999,999,999,999,999,999,999,999,999,999,999,999,999,999,1,1,1,,,17,999,998
20747,2024,7,1,15,8,08301,,3,2,No inventariada,,4,5,14,2,0,0,2,2,0,0,2,2,2,0,0,0,0,0,0,0,0,0,0,0,0,0,0,0,0,0,0,0,0,0,0,0,2,1,,0,0,0,0,0,0,0,0,0,0,0,0,1,999,1,1,1,,,17,998,998
20748,2024,8,5,18,8,08301,,3,2,No inventariada,,4,5,14,9,0,0,1,1,0,0,1,1,1,0,0,0,0,0,0,0,0,0,0,0,0,0,0,0,0,0,0,0,0,0,0,0,2,4,,0,0,0,0,0,0,0,0,0,0,0,0,1,999,1,1,1,,,17,998,998
20749,2024,8,5,9,8,08301,,3,2,No inventariada,,4,5,14,9,0,0,1,1,0,0,1,1,1,0,0,0,0,0,0,0,0,0,0,0,0,0,0,0,0,0,0,0,0,0,0,0,1,999,,999,999,999,999,999,999,999,999,999,999,999,999,999,999,1,1,1,,,17,998,998
20750,2024,10,2,19,8,08200,,3,2,No inventariada,,4,5,14,2,0,0,1,1,0,0,1,1,2,0,0,0,0,0,0,0,0,0,0,0,0,0,0,0,0,0,0,0,0,0,0,0,2,1,,0,0,0,0,0,0,0,0,0,0,0,0,1,999,1,4,1,,,17,998,998
20751,2024,10,2,14,8,08121,,3,2,No inventariada,,4,5,14,3,0,0,1,1,0,0,1,1,3,0,0,0,0,0,0,0,0,0,0,0,0,0,0,0,0,0,0,0,0,0,0,0,2,2,,1,0,0,0,0,0,0,0,0,0,0,0,0,999,1,1,1,,,17,998,998
20752,2024,8,6,9,8,08301,,2,2,C-245,7.4,4,5,14,2,0,0,1,1,0,0,1,1,2,0,0,0,0,0,0,0,0,0,0,0,0,0,0,0,0,0,0,0,0,0,0,0,2,1,,0,0,1,0,0,0,0,0,0,0,0,0,0,999,1,1,1,,,17,998,4
20753,2024,5,1,12,8,08245,,3,2,No inventariada,,4,5,14,2,0,1,2,3,0,1,2,3,3,0,0,0,0,0,0,0,0,0,0,0,0,0,0,0,0,0,0,0,0,0,0,0,2,2,,0,0,1,0,0,0,0,0,0,0,0,0,0,999,1,1,1,,,17,998,998
20754,2024,8,2,11,8,08301,,3,2,No inventariada,,4,5,14,9,0,0,2,2,0,0,2,2,1,0,0,0,0,0,0,0,0,0,0,0,0,0,0,0,0,0,0,0,0,0,0,0,2,4,,0,0,0,0,0,0,0,0,0,0,0,0,1,999,8,1,1,,,17,998,998
20755,2024,8,4,13,8,08301,,3,2,No inventariada,,4,5,14,2,0,0,1,1,0,0,1,1,2,0,0,0,0,0,0,0,0,0,0,0,0,0,0,0,0,0,0,0,0,0,0,0,2,2,,0,0,0,0,0,0,0,0,0,0,0,0,1,999,1,1,1,,,17,998,998
20756,2024,10,2,18,8,08200,,3,2,No inventariada,,4,5,14,9,0,0,1,1,0,0,1,1,1,0,0,0,0,0,0,0,0,0,0,0,0,0,0,0,0,0,0,0,0,0,0,0,2,4,,1,0,0,0,0,0,0,0,0,0,0,0,0,999,8,1,1,,,17,998,998
20757,2024,8,5,9,8,08301,,3,2,No inventariada,,4,5,14,2,0,0,1,1,0,0,1,1,2,0,0,0,0,0,0,0,0,0,0,0,0,0,0,0,0,0,0,0,0,0,0,0,2,1,,0,0,0,0,0,0,0,0,0,0,0,0,1,999,1,1,1,,,17,998,998
20758,2024,8,3,22,8,08156,,3,2,No inventariada,,4,5,14,2,0,0,1,1,0,0,1,1,2,0,0,0,0,0,0,0,0,0,0,0,0,0,0,0,0,0,0,0,0,0,0,0,2,2,,0,0,0,0,0,0,0,0,0,0,0,0,1,999,1,4,1,,,17,998,998
20759,2024,10,4,21,8,08101,,3,2,No inventariada,,4,5,14,2,0,0,1,1,0,0,1,1,2,0,0,0,0,0,0,0,0,0,0,0,0,0,0,0,0,0,0,0,0,0,0,0,2,1,,0,0,1,0,0,0,0,0,0,0,0,0,0,999,1,4,1,,,17,998,998
20760,2024,9,2,8,8,08101,,3,2,No inventariada,,4,5,14,7,0,0,1,1,0,0,1,1,1,0,0,0,0,0,0,0,0,0,0,0,0,0,0,0,0,0,0,0,0,0,0,0,1,999,,999,999,999,999,999,999,999,999,999,999,999,999,999,999,1,1,1,,,17,999,998
20761,2024,8,3,3,8,08101,,3,2,No inventariada,,4,5,14,2,0,0,1,1,0,0,1,1,2,0,0,0,0,0,0,0,0,0,0,0,0,0,0,0,0,0,0,0,0,0,0,0,2,4,,0,0,1,0,0,0,0,0,0,0,0,0,0,999,1,4,1,,,17,998,998
20762,2024,10,5,20,8,08101,,3,2,No inventariada,,4,5,14,7,0,0,1,1,0,0,1,1,1,0,0,0,0,0,0,0,0,0,0,0,0,0,0,0,0,0,0,0,0,0,0,0,1,999,,999,999,999,999,999,999,999,999,999,999,999,999,999,999,1,2,1,,,17,999,998
20763,2024,9,4,18,8,08101,,3,2,No inventariada,,4,5,14,3,0,0,2,2,0,0,2,2,2,0,0,0,0,0,0,0,0,0,0,0,0,0,0,0,0,0,0,0,0,0,0,0,1,999,,999,999,999,999,999,999,999,999,999,999,999,999,999,999,1,1,1,,,17,998,998
20764,2024,10,2,22,8,08101,,3,2,No inventariada,,4,5,14,2,0,0,1,1,0,0,1,1,2,0,0,0,0,0,0,0,0,0,0,0,0,0,0,0,0,0,0,0,0,0,0,0,2,4,,0,0,0,0,0,0,0,0,0,0,0,0,1,999,1,4,1,,,17,998,998
20765,2024,10,2,17,8,08101,,3,2,No inventariada,,4,5,14,7,0,1,0,1,0,1,0,1,1,0,0,0,0,0,0,0,0,0,0,0,0,0,0,0,0,0,0,0,0,0,0,0,1,999,,999,999,999,999,999,999,999,999,999,999,999,999,999,1,1,1,1,,,17,999,998
20766,2024,9,4,10,8,08101,,3,2,No inventariada,,4,5,14,4,0,0,1,1,0,0,1,1,2,0,0,0,0,0,0,0,0,0,0,0,0,0,0,0,0,0,0,0,0,0,0,0,1,999,,999,999,999,999,999,999,999,999,999,999,999,999,999,999,1,1,1,,,17,998,998
20767,2024,9,6,8,8,08101,,3,2,No inventariada,,4,5,14,6,0,0,1,1,0,0,1,1,2,0,0,0,0,0,0,0,0,0,0,0,0,0,0,0,0,0,0,0,0,0,0,0,1,999,,999,999,999,999,999,999,999,999,999,999,999,999,999,999,1,1,1,,,17,998,998
20768,2024,9,4,8,8,08101,,3,2,No inventariada,,4,5,14,2,0,0,1,1,0,0,1,1,2,0,0,0,0,0,0,0,0,0,0,0,0,0,0,0,0,0,0,0,0,0,0,0,2,4,,0,0,0,0,0,0,0,0,0,0,0,0,1,999,1,1,1,,,17,998,998
20769,2024,9,7,13,8,08101,,3,2,No inventariada,,4,5,14,3,0,0,1,1,0,0,1,1,2,0,0,0,0,0,0,0,0,0,0,0,0,0,0,0,0,0,0,0,0,0,0,0,1,999,,999,999,999,999,999,999,999,999,999,999,999,999,999,999,1,1,1,,,17,998,998
20770,2024,9,5,12,8,08101,,3,2,No inventariada,,4,5,14,7,0,0,1,1,0,0,1,1,1,0,0,0,0,0,0,0,0,0,0,0,0,0,0,0,0,0,0,0,0,0,0,0,1,999,,999,999,999,999,999,999,999,999,999,999,999,999,999,999,1,1,1,,,17,999,998
20771,2024,8,5,11,8,08101,,3,2,No inventariada,,4,5,14,20,0,0,1,1,0,0,1,1,1,0,0,0,0,0,0,0,0,0,0,0,0,0,0,0,0,0,0,0,0,0,0,0,1,999,,999,999,999,999,999,999,999,999,999,999,999,999,999,999,1,1,1,,,17,999,998
20772,2024,9,5,6,8,08101,,3,2,No inventariada,,4,5,14,9,0,0,1,1,0,0,1,1,1,0,0,0,0,0,0,0,0,0,0,0,0,0,0,0,0,0,0,0,0,0,0,0,1,999,,999,999,999,999,999,999,999,999,999,999,999,999,999,999,3,1,4,,,17,998,998
20773,2024,10,2,18,8,08101,,3,2,No inventariada,,4,5,14,1,0,0,1,1,0,0,1,1,2,0,0,0,0,0,0,0,0,0,0,0,0,0,0,0,0,0,0,0,0,0,0,0,1,999,,999,999,999,999,999,999,999,999,999,999,999,999,999,999,1,1,1,,,17,998,998
20774,2024,10,4,14,8,08101,,3,2,No inventariada,,4,5,14,3,0,0,1,1,0,0,1,1,2,0,0,0,0,0,0,0,0,0,0,0,0,0,0,0,0,0,0,0,0,0,0,0,1,999,,999,999,999,999,999,999,999,999,999,999,999,999,999,999,1,1,1,,,17,998,998
20775,2024,9,7,1,8,08101,,3,2,No inventariada,,4,5,14,9,0,0,1,1,0,0,1,1,1,0,0,0,0,0,0,0,0,0,0,0,0,0,0,0,0,0,0,0,0,0,0,0,1,999,,999,999,999,999,999,999,999,999,999,999,999,999,999,999,1,4,1,,,17,998,998
20776,2024,9,1,14,8,08101,,3,2,No inventariada,,4,5,14,3,0,0,1,1,0,0,1,1,2,0,0,0,0,0,0,0,0,0,0,0,0,0,0,0,0,0,0,0,0,0,0,0,1,999,,999,999,999,999,999,999,999,999,999,999,999,999,999,999,1,1,1,,,17,998,998
20777,2024,9,2,13,8,08101,,3,2,No inventariada,,4,5,14,2,0,0,1,1,0,0,1,1,2,0,0,0,0,0,0,0,0,0,0,0,0,0,0,0,0,0,0,0,0,0,0,0,2,1,,0,0,0,0,0,0,0,0,0,0,0,0,1,999,1,1,1,,,17,998,998
20778,2024,9,5,17,8,08101,,3,2,No inventariada,,4,5,14,4,0,0,1,1,0,0,1,1,2,0,0,0,0,0,0,0,0,0,0,0,0,0,0,0,0,0,0,0,0,0,0,0,1,999,,999,999,999,999,999,999,999,999,999,999,999,999,999,999,1,1,1,,,17,998,998
20779,2024,9,1,12,8,08101,,3,2,No inventariada,,4,5,14,4,0,0,1,1,0,0,1,1,2,0,0,0,0,0,0,0,0,0,0,0,0,0,0,0,0,0,0,0,0,0,0,0,1,999,,999,999,999,999,999,999,999,999,999,999,999,999,999,999,1,1,1,,,17,998,998
20780,2024,9,2,9,8,08101,,3,2,No inventariada,,4,5,14,9,0,0,1,1,0,0,1,1,1,0,0,0,0,0,0,0,0,0,0,0,0,0,0,0,0,0,0,0,0,0,0,0,1,999,,999,999,999,999,999,999,999,999,999,999,999,999,999,999,1,1,1,,,17,998,998
20781,2024,10,2,13,8,08035,,3,2,No inventariada,,4,5,14,20,0,1,0,1,0,1,0,1,2,0,0,0,0,0,0,0,0,0,0,0,0,0,0,0,0,0,0,0,0,0,0,0,1,999,,999,999,999,999,999,999,999,999,999,999,999,999,999,999,1,1,1,,,17,998,998
20782,2024,10,4,18,8,00000,,1,1,C-55,17.2,4,5,6,4,0,0,1,1,0,0,1,1,2,0,0,0,0,0,0,0,0,0,0,0,0,0,0,0,0,0,0,0,0,0,0,0,1,999,,999,999,999,999,999,999,999,999,999,999,999,999,999,999,1,1,1,,,999,998,4
20783,2024,10,1,9,8,08194,,1,1,B-10,3.8,4,5,3,3,0,0,1,1,0,0,1,1,3,0,0,0,0,0,0,0,0,0,0,0,0,0,0,0,0,0,0,0,0,0,0,0,1,999,,999,999,999,999,999,999,999,999,999,999,999,999,999,999,1,1,1,,,999,998,4
20784,2024,10,2,9,8,08279,,1,1,No inventariada,12.7,4,5,6,19,0,0,1,1,0,0,1,1,1,0,0,0,0,0,0,0,0,0,0,0,0,0,0,0,0,0,0,0,0,0,0,0,1,999,,999,999,999,999,999,999,999,999,999,999,999,999,999,999,1,1,1,,,999,998,4
20785,2024,10,2,9,8,08300,,1,1,B-245,0.9,4,5,6,2,0,0,2,2,0,0,2,2,2,0,0,0,0,0,0,0,0,0,0,0,0,0,0,0,0,0,0,0,0,0,0,0,1,999,,999,999,999,999,999,999,999,999,999,999,999,999,999,999,1,1,1,,,999,998,4
20786,2024,10,3,7,8,08029,,1,1,C-32,97.2,4,5,2,4,0,0,1,1,0,0,1,1,2,0,0,0,0,0,0,0,0,0,0,0,0,0,0,0,0,0,0,0,0,0,0,0,1,999,,999,999,999,999,999,999,999,999,999,999,999,999,999,999,1,1,1,,,999,998,4
20787,2024,10,3,16,8,08003,,1,1,C-32,85.8,4,5,2,3,0,0,1,1,0,0,1,1,2,0,0,0,0,0,0,0,0,0,0,0,0,0,0,0,0,0,0,0,0,0,0,0,1,999,,999,999,999,999,999,999,999,999,999,999,999,999,999,999,1,1,1,,,999,998,4
20788,2024,10,4,6,8,08200,,1,1,C-31C,1.4,4,5,3,9,0,0,1,1,0,0,1,1,1,0,0,0,0,0,0,0,0,0,0,0,0,0,0,0,0,0,0,0,0,0,0,0,1,999,,999,999,999,999,999,999,999,999,999,999,999,999,999,999,1,5,1,,,999,998,4
20789,2024,10,4,7,8,08091,,1,1,AP-7,176.5,4,1,2,4,0,0,2,2,0,0,2,2,3,0,0,0,0,0,0,0,0,0,0,0,0,0,0,0,0,0,0,0,0,0,0,0,1,999,,999,999,999,999,999,999,999,999,999,999,999,999,999,999,1,2,1,,,999,998,4
20790,2024,10,4,13,8,08231,,1,1,BV-2113,2.3,4,5,6,4,0,0,1,1,0,0,1,1,2,0,0,0,0,0,0,0,0,0,0,0,0,0,0,0,0,0,0,0,0,0,0,0,2,,,0,0,1,0,0,0,0,0,0,0,0,0,0,999,1,1,1,,,999,998,4
20791,2024,10,4,13,8,08231,,1,1,C-15,4.1,4,5,3,4,0,0,1,1,0,0,1,1,3,0,0,0,0,0,0,0,0,0,0,0,0,0,0,0,0,0,0,0,0,0,0,0,1,999,,999,999,999,999,999,999,999,999,999,999,999,999,999,999,1,1,1,,,999,998,4
20792,2024,10,4,16,8,00000,,3,2,No inventariada,,4,5,14,2,0,0,1,1,0,0,1,1,2,0,0,0,0,0,0,0,0,0,0,0,0,0,0,0,0,0,0,0,0,0,0,0,2,2,,1,0,0,0,0,0,0,0,0,0,0,0,0,999,1,1,1,,,999,998,998
20793,2024,10,4,16,8,08187,,1,1,C-58,10.9,4,5,2,4,0,0,1,1,0,0,1,1,2,0,0,0,0,0,0,0,0,0,0,0,0,0,0,0,0,0,0,0,0,0,0,0,2,4,,0,0,0,0,0,0,0,0,0,0,0,0,1,999,1,1,1,,,999,998,4
20794,2024,10,4,17,8,08124,,1,1,C-17,12,4,5,3,9,0,0,1,1,0,0,1,1,1,0,0,0,0,0,0,0,0,0,0,0,0,0,0,0,0,0,0,0,0,0,0,0,2,,,1,0,0,0,0,0,0,0,0,0,0,0,0,999,8,1,1,,,999,998,4
20795,2024,10,4,17,8,08244,,1,1,BV-2002,5.2,4,5,6,3,0,0,1,1,0,0,1,1,2,0,0,0,0,0,0,0,0,0,0,0,0,0,0,0,0,0,0,0,0,0,0,0,1,999,,999,999,999,999,999,999,999,999,999,999,999,999,999,999,1,1,1,,,999,998,4
20796,2024,10,4,17,8,08101,,1,1,C-31,198.1,4,5,3,4,0,0,2,2,0,0,2,2,3,0,0,0,0,0,0,0,0,0,0,0,0,0,0,0,0,0,0,0,0,0,0,0,1,999,,999,999,999,999,999,999,999,999,999,999,999,999,999,999,1,1,1,,,999,998,4
20797,2024,10,4,15,8,08067,,3,2,No inventariada,,4,5,14,7,0,3,0,3,0,3,0,3,1,0,0,0,0,0,0,0,0,0,0,0,0,0,0,0,0,0,0,0,0,0,0,0,1,999,,999,999,999,999,999,999,999,999,999,999,999,999,999,1,1,1,1,,,17,999,998
20798,2024,10,4,21,8,08270,,1,1,C-31,165.3,4,5,6,9,0,0,1,1,0,0,1,1,1,0,0,0,0,0,0,0,0,0,0,0,0,0,0,0,0,0,0,0,0,0,0,0,1,999,,999,999,999,999,999,999,999,999,999,999,999,999,999,999,1,6,1,,,999,998,4
20799,2024,10,2,7,8,08073,,3,2,No inventariada,,4,5,14,9,0,0,2,2,0,0,2,2,1,0,0,0,0,0,0,0,0,0,0,0,0,0,0,0,0,0,0,0,0,0,0,0,1,999,,999,999,999,999,999,999,999,999,999,999,999,999,999,999,1,1,1,,,17,998,998
20800,2024,8,2,14,8,08301,,3,2,No inventariada,,4,5,14,2,0,0,1,1,0,0,1,1,2,0,0,0,0,0,0,0,0,0,0,0,0,0,0,0,0,0,0,0,0,0,0,0,2,4,,0,0,0,0,0,0,0,0,0,0,0,0,1,999,1,1,1,,,17,998,998
20801,2024,8,3,18,8,08301,,3,2,No inventariada,,4,5,14,2,0,0,1,1,0,0,1,1,2,0,0,0,0,0,0,0,0,0,0,0,0,0,0,0,0,0,0,0,0,0,0,0,2,2,,0,0,0,0,0,0,0,0,0,0,0,0,1,999,1,1,1,,,17,998,998
20802,2024,9,4,10,8,08301,,3,2,No inventariada,,4,5,14,4,0,0,1,1,0,0,1,1,2,0,0,0,0,0,0,0,0,0,0,0,0,0,0,0,0,0,0,0,0,0,0,0,1,999,,999,999,999,999,999,999,999,999,999,999,999,999,999,999,1,1,1,,,17,998,998
20803,2024,9,5,12,8,08301,,3,2,No inventariada,,4,5,14,4,0,0,1,1,0,0,1,1,2,0,0,0,0,0,0,0,0,0,0,0,0,0,0,0,0,0,0,0,0,0,0,0,2,1,,0,0,0,0,0,0,0,0,0,0,0,0,1,999,8,1,3,,,17,998,998
20804,2024,9,7,13,8,08301,,3,2,No inventariada,,4,5,14,9,0,0,2,2,0,0,2,2,1,0,0,0,0,0,0,0,0,0,0,0,0,0,0,0,0,0,0,0,0,0,0,0,1,999,,999,999,999,999,999,999,999,999,999,999,999,999,999,999,1,1,1,,,17,998,998
20805,2024,9,3,7,8,08301,,3,2,No inventariada,,4,5,14,2,0,0,1,1,0,0,1,1,2,0,0,0,0,0,0,0,0,0,0,0,0,0,0,0,0,0,0,0,0,0,0,0,2,2,,0,0,1,0,0,0,0,0,0,0,0,0,0,999,1,1,1,,,17,998,998
20806,2024,9,3,18,8,08301,,3,2,No inventariada,,4,5,14,4,0,0,1,1,0,0,1,1,2,0,0,0,0,0,0,0,0,0,0,0,0,0,0,0,0,0,0,0,0,0,0,0,2,4,,0,0,1,0,0,0,0,0,0,0,0,0,0,999,3,1,3,,,17,998,998
20807,2024,10,2,23,8,08121,,3,2,No inventariada,,4,5,14,2,0,0,2,2,0,0,2,2,2,0,0,0,0,0,0,0,0,0,0,0,0,0,0,0,0,0,0,0,0,0,0,0,2,2,,0,0,0,0,0,0,0,0,0,0,0,0,1,999,1,4,1,,,17,998,998
20808,2024,10,2,16,8,08301,,3,2,No inventariada,,4,5,14,2,0,0,1,1,0,0,1,1,2,0,0,0,0,0,0,0,0,0,0,0,0,0,0,0,0,0,0,0,0,0,0,0,2,2,,0,0,0,0,0,0,0,0,0,0,0,0,1,999,1,1,1,,,17,998,998