ID_ACCIDENTE,ANYO,MES,DIA_SEMANA,HORA,COD_PROVINCIA,COD_MUNICIPIO,ISLA,ZONA,ZONA_AGRUPADA,CARRETERA,KM,SENTIDO_1F,TITULARIDAD_VIA,TIPO_VIA,TIPO_ACCIDENTE,TOTAL_MU24H,TOTAL_HG24H,TOTAL_HL24H,TOTAL_VICTIMAS_24H,TOTAL_MU30DF,TOTAL_HG30DF,TOTAL_HL30DF,TOTAL_VICTIMAS_30DF,TOTAL_VEHICULOS,TOT_PEAT_MU24H,TOT_BICI_MU24H,TOT_CICLO_MU24H,TOT_MOTO_MU24H,TOT_TUR_MU24H,TOT_FURG_MU24H,TOT_CAM_MENOS3500_MU24H,TOT_CAM_MAS3500_MU24H,TOT_BUS_MU24H,TOT_OTRO_MU24H,TOT_SINESPECIF_MU24H,TOT_PEAT_MU30DF,TOT_BICI_MU30DF,TOT_CICLO_MU30DF,TOT_MOTO_MU30DF,TOT_TUR_MU30DF,TOT_FURG_MU30DF,TOT_CAM_MENOS3500_MU30DF,TOT_CAM_MAS3500_MU30DF,TOT_BUS_MU30DF,TOT_VMP_MU30DF,TOT_OTRO_MU30DF,TOT_SINESPECIF_MU30DF,NUDO,NUDO_INFO,CARRETERA_CRUCE,PRIORI_NORMA,PRIORI_AGENTE,PRIORI_SEMAFORO,PRIORI_VERT_STOP,PRIORI_VERT_CEDA,PRIORI_HORIZ_STOP,PRIORI_HORIZ_CEDA,PRIORI_MARCAS,PRIORI_PEA_NO_ELEV,PRIORI_PEA_ELEV,PRIORI_MARCA_CICLOS,PRIORI_CIRCUNSTANCIAL,PRIORI_OTRA,CONDICION_NIVEL_CIRCULA,CONDICION_FIRME,CONDICION_ILUMINACION,CONDICION_METEO,CONDICION_NIEBLA,CONDICION_VIENTO,VISIB_RESTRINGIDA_POR,ACERA,TRAZADO_PLANTA
24438,2024,10,4,21,8,08019,,3,2,No inventariada,,4,5,14,2,0,0,1,1,0,0,1,1,2,0,0,0,0,0,0,0,0,0,0,0,0,0,0,0,0,0,0,0,0,0,0,0,2,1,,999,999,999,999,999,999,999,999,999,999,999,999,999,999,3,5,3,1,,999,998,998
24439,2024,10,4,21,8,08019,,3,2,No inventariada,,4,5,14,2,0,0,1,1,0,0,1,1,2,0,0,0,0,0,0,0,0,0,0,0,0,0,0,0,0,0,0,0,0,0,0,0,2,1,,999,999,999,999,999,999,999,999,999,999,999,999,999,999,3,5,3,1,,999,998,998
24440,2024,11,5,11,8,08019,,3,2,No inventariada,,4,5,14,20,0,0,2,2,0,0,2,2,2,0,0,0,0,0,0,0,0,0,0,0,0,0,0,0,0,0,0,0,0,0,0,0,1,999,,999,999,999,999,999,999,999,999,999,999,999,999,999,999,1,1,1,1,,999,998,998
24441,2024,10,4,14,8,08019,,3,2,No inventariada,,4,5,14,7,0,0,2,2,0,0,2,2,1,0,0,0,0,0,0,0,0,0,0,0,0,0,0,0,0,0,0,0,0,0,0,0,2,1,,999,999,999,999,999,999,999,999,999,999,999,999,999,999,1,1,1,1,,999,999,998
24442,2024,11,5,17,8,08019,,3,2,No inventariada,,4,5,14,3,0,0,2,2,0,0,2,2,2,0,0,0,0,0,0,0,0,0,0,0,0,0,0,0,0,0,0,0,0,0,0,0,1,999,,999,999,999,999,999,999,999,999,999,999,999,999,999,999,1,1,1,1,,999,998,998
24443,2024,11,5,16,8,08019,,3,2,No inventariada,,4,5,14,20,0,0,3,3,0,0,3,3,2,0,0,0,0,0,0,0,0,0,0,0,0,0,0,0,0,0,0,0,0,0,0,0,1,999,,999,999,999,999,999,999,999,999,999,999,999,999,999,999,1,1,1,1,,999,998,998
24444,2024,11,5,22,8,08019,,3,2,No inventariada,,4,5,14,20,0,0,2,2,0,0,2,2,2,0,0,0,0,0,0,0,0,0,0,0,0,0,0,0,0,0,0,0,0,0,0,0,1,999,,999,999,999,999,999,999,999,999,999,999,999,999,999,999,1,5,1,1,,999,998,998
24445,2024,11,5,19,8,08019,,3,2,No inventariada,,4,5,14,2,0,0,1,1,0,0,1,1,2,0,0,0,0,0,0,0,0,0,0,0,0,0,0,0,0,0,0,0,0,0,0,0,2,1,,999,999,999,999,999,999,999,999,999,999,999,999,999,999,1,5,1,1,,999,998,998
24446,2024,11,6,0,8,08019,,3,2,No inventariada,,4,5,14,7,0,0,1,1,0,0,1,1,1,0,0,0,0,0,0,0,0,0,0,0,0,0,0,0,0,0,0,0,0,0,0,0,2,1,,999,999,999,999,999,999,999,999,999,999,999,999,999,999,1,5,1,1,,999,999,998
24447,2024,11,5,23,8,08019,,3,2,No inventariada,,4,5,14,2,0,0,1,1,0,0,1,1,2,0,0,0,0,0,0,0,0,0,0,0,0,0,0,0,0,0,0,0,0,0,0,0,2,4,,999,999,999,999,999,999,999,999,999,999,999,999,999,999,1,5,1,1,,999,998,998
24448,2024,11,5,23,8,08019,,3,2,No inventariada,,4,5,14,2,0,0,1,1,0,0,1,1,2,0,0,0,0,0,0,0,0,0,0,0,0,0,0,0,0,0,0,0,0,0,0,0,2,1,,999,999,999,999,999,999,999,999,999,999,999,999,999,999,1,5,1,1,,999,998,998
24449,2024,11,6,8,8,08019,,3,2,No inventariada,,4,5,14,3,0,0,1,1,0,0,1,1,2,0,0,0,0,0,0,0,0,0,0,0,0,0,0,0,0,0,0,0,0,0,0,0,1,999,,999,999,999,999,999,999,999,999,999,999,999,999,999,999,1,1,1,1,,999,998,998
24450,2024,11,6,12,8,08019,,3,2,No inventariada,,4,5,14,20,0,0,1,1,0,0,1,1,2,0,0,0,0,0,0,0,0,0,0,0,0,0,0,0,0,0,0,0,0,0,0,0,1,999,,999,999,999,999,999,999,999,999,999,999,999,999,999,999,1,1,1,1,,999,998,998
24451,2024,11,6,19,8,08019,,3,2,No inventariada,,4,5,14,3,0,0,1,1,0,0,1,1,2,0,0,0,0,0,0,0,0,0,0,0,0,0,0,0,0,0,0,0,0,0,0,0,1,999,,999,999,999,999,999,999,999,999,999,999,999,999,999,999,1,5,1,1,,999,998,998
24452,2024,11,7,3,8,08019,,3,2,No inventariada,,4,5,14,6,0,0,1,1,0,0,1,1,1,0,0,0,0,0,0,0,0,0,0,0,0,0,0,0,0,0,0,0,0,0,0,0,2,1,,999,999,999,999,999,999,999,999,999,999,999,999,999,999,1,5,1,1,,999,998,998
24453,2024,11,7,3,8,08019,,1,1,B-10,17,4,1,3,20,0,0,3,3,0,0,3,3,2,0,0,0,0,0,0,0,0,0,0,0,0,0,0,0,0,0,0,0,0,0,0,0,1,999,,999,999,999,999,999,999,999,999,999,999,999,999,999,999,1,5,1,1,,999,998,4
24454,2024,11,6,21,8,08019,,3,2,No inventariada,,4,5,14,3,0,0,2,2,0,0,2,2,2,0,0,0,0,0,0,0,0,0,0,0,0,0,0,0,0,0,0,0,0,0,0,0,1,999,,999,999,999,999,999,999,999,999,999,999,999,999,999,999,1,5,1,1,,999,998,998
24455,2024,11,7,6,8,08019,,1,1,B-20,10.5,4,5,14,9,0,1,1,2,0,1,1,2,1,0,0,0,0,0,0,0,0,0,0,0,0,0,0,0,0,0,0,0,0,0,0,0,1,999,,999,999,999,999,999,999,999,999,999,999,999,999,999,1,1,2,1,1,,1,998,4
24456,2024,11,7,10,8,08019,,3,2,No inventariada,,4,5,14,2,0,0,2,2,0,0,2,2,2,0,0,0,0,0,0,0,0,0,0,0,0,0,0,0,0,0,0,0,0,0,0,0,2,1,,999,999,999,999,999,999,999,999,999,999,999,999,999,999,3,1,3,1,,999,998,998
24457,2024,11,6,18,8,08019,,3,2,No inventariada,,4,5,14,20,0,0,1,1,0,0,1,1,3,0,0,0,0,0,0,0,0,0,0,0,0,0,0,0,0,0,0,0,0,0,0,0,2,1,,999,999,999,999,999,999,999,999,999,999,999,999,999,999,1,5,1,1,,999,998,998
24458,2024,11,7,13,8,08019,,1,1,B-10,8.5,4,5,14,20,0,0,1,1,0,0,1,1,2,0,0,0,0,0,0,0,0,0,0,0,0,0,0,0,0,0,0,0,0,0,0,0,1,999,,999,999,999,999,999,999,999,999,999,999,999,999,999,999,3,5,3,1,,999,998,4
24459,2024,11,7,13,8,08019,,3,2,No inventariada,,4,5,14,20,0,0,2,2,0,0,2,2,2,0,0,0,0,0,0,0,0,0,0,0,0,0,0,0,0,0,0,0,0,0,0,0,1,999,,999,999,999,999,999,999,999,999,999,999,999,999,999,999,3,1,3,1,,999,998,998
24460,2024,11,7,16,8,08019,,3,2,No inventariada,,4,5,14,9,0,1,0,1,0,1,0,1,1,0,0,0,0,0,0,0,0,0,0,0,0,0,0,0,0,0,0,0,0,0,0,0,1,999,,999,999,999,999,999,999,999,999,999,999,999,999,999,1,3,1,3,1,,1,998,998
24461,2024,11,7,15,8,08019,,3,2,No inventariada,,4,5,14,7,0,0,1,1,0,0,1,1,1,0,0,0,0,0,0,0,0,0,0,0,0,0,0,0,0,0,0,0,0,0,0,0,1,999,,999,999,999,999,999,999,999,999,999,999,999,999,999,999,3,1,1,1,,999,999,998
24462,2024,11,7,15,8,08019,,3,2,No inventariada,,4,5,14,2,0,0,1,1,0,0,1,1,2,0,0,0,0,0,0,0,0,0,0,0,0,0,0,0,0,0,0,0,0,0,0,0,2,1,,999,999,999,999,999,999,999,999,999,999,999,999,999,999,3,5,3,1,,999,998,998
24463,2024,11,7,19,8,08019,,3,2,No inventariada,,4,5,14,3,0,0,1,1,0,0,1,1,2,0,0,0,0,0,0,0,0,0,0,0,0,0,0,0,0,0,0,0,0,0,0,0,1,999,,999,999,999,999,999,999,999,999,999,999,999,999,999,999,3,5,1,1,,999,998,998
24464,2024,11,7,15,8,08019,,3,2,No inventariada,,4,5,14,2,0,0,1,1,0,0,1,1,2,0,0,0,0,0,0,0,0,0,0,0,0,0,0,0,0,0,0,0,0,0,0,0,2,1,,999,999,999,999,999,999,999,999,999,999,999,999,999,999,3,1,3,1,,999,998,998
24465,2024,11,7,21,8,08019,,3,2,No inventariada,,4,5,14,20,0,0,1,1,0,0,1,1,2,0,0,0,0,0,0,0,0,0,0,0,0,0,0,0,0,0,0,0,0,0,0,0,1,999,,999,999,999,999,999,999,999,999,999,999,999,999,999,999,1,5,1,1,,999,998,998
24466,2024,11,5,21,8,08019,,3,2,No inventariada,,4,5,14,3,0,0,1,1,0,0,1,1,2,0,0,0,0,0,0,0,0,0,0,0,0,0,0,0,0,0,0,0,0,0,0,0,2,1,,999,999,999,999,999,999,999,999,999,999,999,999,999,999,1,1,1,1,,999,998,998
24467,2024,11,1,6,8,08019,,1,1,B-10,5.6,4,5,14,6,0,0,2,2,0,0,2,2,3,0,0,0,0,0,0,0,0,0,0,0,0,0,0,0,0,0,0,0,0,0,0,0,1,999,,999,999,999,999,999,999,999,999,999,999,999,999,999,999,1,5,1,1,,999,998,4
24468,2024,11,1,9,8,08019,,3,2,No inventariada,,4,5,14,9,0,0,1,1,0,0,1,1,2,0,0,0,0,0,0,0,0,0,0,0,0,0,0,0,0,0,0,0,0,0,0,0,1,999,,999,999,999,999,999,999,999,999,999,999,999,999,999,999,3,5,3,1,,999,998,998
24469,2024,11,1,8,8,08019,,3,2,No inventariada,,4,5,14,9,0,0,1,1,0,0,1,1,1,0,0,0,0,0,0,0,0,0,0,0,0,0,0,0,0,0,0,0,0,0,0,0,1,999,,999,999,999,999,999,999,999,999,999,999,999,999,999,999,3,1,3,1,,999,998,998
24470,2024,11,1,9,8,08019,,3,2,No inventariada,,4,5,14,7,0,0,2,2,0,0,2,2,1,0,0,0,0,0,0,0,0,0,0,0,0,0,0,0,0,0,0,0,0,0,0,0,2,2,,999,999,999,999,999,999,999,999,999,999,999,999,999,999,1,1,1,1,,999,999,998
24471,2024,11,1,14,8,08019,,3,2,No inventariada,,4,5,14,2,0,0,1,1,0,0,1,1,2,0,0,0,0,0,0,0,0,0,0,0,0,0,0,0,0,0,0,0,0,0,0,0,2,1,,999,999,999,999,999,999,999,999,999,999,999,999,999,999,3,1,1,1,,999,998,998
24472,2024,11,1,13,8,08019,,3,2,No inventariada,,4,5,14,20,0,0,1,1,0,0,1,1,2,0,0,0,0,0,0,0,0,0,0,0,0,0,0,0,0,0,0,0,0,0,0,0,1,999,,999,999,999,999,999,999,999,999,999,999,999,999,999,999,1,1,1,1,,999,998,998
24473,2024,11,1,14,8,08019,,3,2,No inventariada,,4,5,14,2,0,0,1,1,0,0,1,1,2,0,0,0,0,0,0,0,0,0,0,0,0,0,0,0,0,0,0,0,0,0,0,0,2,1,,999,999,999,999,999,999,999,999,999,999,999,999,999,999,1,1,1,1,,999,998,998
24474,2024,11,1,19,8,08019,,3,2,No inventariada,,4,5,14,20,0,0,1,1,0,0,1,1,2,0,0,0,0,0,0,0,0,0,0,0,0,0,0,0,0,0,0,0,0,0,0,0,1,999,,999,999,999,999,999,999,999,999,999,999,999,999,999,999,3,5,3,1,,999,998,998
24475,2024,11,5,5,8,08019,,3,2,No inventariada,,4,5,14,2,0,1,0,1,0,1,0,1,2,0,0,0,0,0,0,0,0,0,0,0,0,0,0,0,0,0,0,0,0,0,0,0,2,1,,999,999,999,999,999,999,999,999,999,999,999,999,999,2,1,5,1,1,,1,998,998
24476,2024,11,2,8,8,08019,,3,2,No inventariada,,4,5,14,20,0,0,1,1,0,0,1,1,2,0,0,0,0,0,0,0,0,0,0,0,0,0,0,0,0,0,0,0,0,0,0,0,1,999,,999,999,999,999,999,999,999,999,999,999,999,999,999,999,1,1,1,1,,999,998,998
24477,2024,11,2,10,8,08019,,3,2,No inventariada,,4,5,14,20,0,0,1,1,0,0,1,1,3,0,0,0,0,0,0,0,0,0,0,0,0,0,0,0,0,0,0,0,0,0,0,0,1,999,,999,999,999,999,999,999,999,999,999,999,999,999,999,999,1,1,1,1,,999,998,998
24478,2024,11,2,13,8,08019,,3,2,No inventariada,,4,5,14,2,0,0,1,1,0,0,1,1,2,0,0,0,0,0,0,0,0,0,0,0,0,0,0,0,0,0,0,0,0,0,0,0,2,1,,999,999,999,999,999,999,999,999,999,999,999,999,999,999,1,1,1,1,,999,998,998
24479,2024,11,2,12,8,08019,,1,1,B-10,0.1,4,5,14,20,0,0,4,4,0,0,4,4,2,0,0,0,0,0,0,0,0,0,0,0,0,0,0,0,0,0,0,0,0,0,0,0,1,999,,999,999,999,999,999,999,999,999,999,999,999,999,999,999,1,1,1,1,,999,998,4
24480,2024,11,2,13,8,08019,,3,2,No inventariada,,4,5,14,3,0,0,1,1,0,0,1,1,2,0,0,0,0,0,0,0,0,0,0,0,0,0,0,0,0,0,0,0,0,0,0,0,1,999,,999,999,999,999,999,999,999,999,999,999,999,999,999,999,1,1,1,1,,999,998,998
24481,2024,11,2,10,8,08019,,3,2,No inventariada,,4,5,14,20,0,0,1,1,0,0,1,1,2,0,0,0,0,0,0,0,0,0,0,0,0,0,0,0,0,0,0,0,0,0,0,0,1,999,,999,999,999,999,999,999,999,999,999,999,999,999,999,999,1,1,1,1,,999,998,998
24482,2024,11,2,14,8,08019,,3,2,No inventariada,,4,5,14,3,0,0,1,1,0,0,1,1,2,0,0,0,0,0,0,0,0,0,0,0,0,0,0,0,0,0,0,0,0,0,0,0,1,999,,999,999,999,999,999,999,999,999,999,999,999,999,999,999,1,1,1,1,,999,998,998
24483,2024,11,2,14,8,08019,,3,2,No inventariada,,4,5,14,20,0,0,1,1,0,0,1,1,2,0,0,0,0,0,0,0,0,0,0,0,0,0,0,0,0,0,0,0,0,0,0,0,2,1,,999,999,999,999,999,999,999,999,999,999,999,999,999,999,1,1,1,1,,999,998,998
24484,2024,11,2,13,8,08019,,3,2,No inventariada,,4,5,14,20,0,0,1,1,0,0,1,1,2,0,0,0,0,0,0,0,0,0,0,0,0,0,0,0,0,0,0,0,0,0,0,0,2,1,,999,999,999,999,999,999,999,999,999,999,999,999,999,999,1,1,1,1,,999,998,998
24485,2024,11,2,17,8,08019,,3,2,No inventariada,,4,5,14,20,0,0,1,1,0,0,1,1,2,0,0,0,0,0,0,0,0,0,0,0,0,0,0,0,0,0,0,0,0,0,0,0,1,999,,999,999,999,999,999,999,999,999,999,999,999,999,999,999,1,1,1,1,,999,998,998
24486,2024,11,2,19,8,08019,,3,2,No inventariada,,4,5,14,3,0,0,1,1,0,0,1,1,2,0,0,0,0,0,0,0,0,0,0,0,0,0,0,0,0,0,0,0,0,0,0,0,1,999,,999,999,999,999,999,999,999,999,999,999,999,999,999,999,1,1,1,1,,999,998,998
24487,2024,11,3,2,8,08019,,3,2,No inventariada,,4,5,14,6,0,0,5,5,0,0,5,5,3,0,0,0,0,0,0,0,0,0,0,0,0,0,0,0,0,0,0,0,0,0,0,0,2,1,,999,999,999,999,999,999,999,999,999,999,999,999,999,999,1,5,1,1,,999,998,998
24488,2024,11,2,20,8,08019,,3,2,No inventariada,,4,5,14,20,0,0,1,1,0,0,1,1,2,0,0,0,0,0,0,0,0,0,0,0,0,0,0,0,0,0,0,0,0,0,0,0,2,1,,999,999,999,999,999,999,999,999,999,999,999,999,999,999,1,5,1,1,,999,998,998
24489,2024,11,2,21,8,08019,,3,2,No inventariada,,4,5,14,20,0,0,1,1,0,0,1,1,1,0,0,0,0,0,0,0,0,0,0,0,0,0,0,0,0,0,0,0,0,0,0,0,1,999,,999,999,999,999,999,999,999,999,999,999,999,999,999,999,1,5,1,1,,999,998,998
24490,2024,11,2,15,8,08019,,3,2,No inventariada,,4,5,14,20,0,0,2,2,0,0,2,2,2,0,0,0,0,0,0,0,0,0,0,0,0,0,0,0,0,0,0,0,0,0,0,0,2,2,,999,999,999,999,999,999,999,999,999,999,999,999,999,999,1,1,1,1,,999,998,998
24491,2024,11,3,8,8,08019,,3,2,No inventariada,,4,5,14,7,0,0,1,1,0,0,1,1,1,0,0,0,0,0,0,0,0,0,0,0,0,0,0,0,0,0,0,0,0,0,0,0,2,1,,999,999,999,999,999,999,999,999,999,999,999,999,999,999,1,1,1,1,,999,999,998
24492,2024,11,3,10,8,08019,,3,2,No inventariada,,4,5,14,2,0,0,1,1,0,0,1,1,2,0,0,0,0,0,0,0,0,0,0,0,0,0,0,0,0,0,0,0,0,0,0,0,1,999,,999,999,999,999,999,999,999,999,999,999,999,999,999,999,1,1,1,1,,999,998,998
24493,2024,11,3,11,8,08019,,3,2,No inventariada,,4,5,14,7,0,0,1,1,0,0,1,1,1,0,0,0,0,0,0,0,0,0,0,0,0,0,0,0,0,0,0,0,0,0,0,0,1,999,,999,999,999,999,999,999,999,999,999,999,999,999,999,999,1,1,1,1,,999,999,998
24494,2024,11,3,8,8,08019,,3,2,No inventariada,,4,5,14,20,0,0,1,1,0,0,1,1,2,0,0,0,0,0,0,0,0,0,0,0,0,0,0,0,0,0,0,0,0,0,0,0,1,999,,999,999,999,999,999,999,999,999,999,999,999,999,999,999,1,1,1,1,,999,998,998
24495,2024,11,3,10,8,08019,,3,2,No inventariada,,4,5,14,7,0,0,1,1,0,0,1,1,1,0,0,0,0,0,0,0,0,0,0,0,0,0,0,0,0,0,0,0,0,0,0,0,2,1,,999,999,999,999,999,999,999,999,999,999,999,999,999,999,1,1,1,1,,999,999,998
24496,2024,11,3,12,8,08019,,3,2,No inventariada,,4,5,14,3,0,0,1,1,0,0,1,1,2,0,0,0,0,0,0,0,0,0,0,0,0,0,0,0,0,0,0,0,0,0,0,0,2,1,,999,999,999,999,999,999,999,999,999,999,999,999,999,999,1,1,1,1,,999,998,998
24497,2024,11,3,11,8,08019,,3,2,No inventariada,,4,5,14,20,0,0,1,1,0,0,1,1,2,0,0,0,0,0,0,0,0,0,0,0,0,0,0,0,0,0,0,0,0,0,0,0,1,999,,999,999,999,999,999,999,999,999,999,999,999,999,999,999,1,1,1,1,,999,998,998
24498,2024,11,3,12,8,08019,,3,2,No inventariada,,4,5,14,1,0,0,1,1,0,0,1,1,2,0,0,0,0,0,0,0,0,0,0,0,0,0,0,0,0,0,0,0,0,0,0,0,1,999,,999,999,999,999,999,999,999,999,999,999,999,999,999,999,1,1,1,1,,999,998,998
24499,2024,11,3,13,8,08019,,3,2,No inventariada,,4,5,14,20,0,0,1,1,0,0,1,1,2,0,0,0,0,0,0,0,0,0,0,0,0,0,0,0,0,0,0,0,0,0,0,0,1,999,,999,999,999,999,999,999,999,999,999,999,999,999,999,999,1,1,1,1,,999,998,998
24500,2024,11,3,14,8,08019,,3,2,No inventariada,,4,5,14,20,0,0,1,1,0,0,1,1,2,0,0,0,0,0,0,0,0,0,0,0,0,0,0,0,0,0,0,0,0,0,0,0,2,4,,999,999,999,999,999,999,999,999,999,999,999,999,999,999,1,1,1,1,,999,998,998
24501,2024,11,3,17,8,08019,,3,2,No inventariada,,4,5,14,2,0,0,1,1,0,0,1,1,2,0,0,0,0,0,0,0,0,0,0,0,0,0,0,0,0,0,0,0,0,0,0,0,2,1,,999,999,999,999,999,999,999,999,999,999,999,999,999,999,1,2,1,1,,999,998,998
24502,2024,10,5,22,8,08019,,3,2,No inventariada,,4,5,14,9,0,0,1,1,0,0,1,1,2,0,0,0,0,0,0,0,0,0,0,0,0,0,0,0,0,0,0,0,0,0,0,0,1,999,,999,999,999,999,999,999,999,999,999,999,999,999,999,999,1,5,1,1,,999,998,998
24503,2024,11,3,13,8,08019,,3,2,No inventariada,,4,5,14,7,0,0,2,2,0,0,2,2,1,0,0,0,0,0,0,0,0,0,0,0,0,0,0,0,0,0,0,0,0,0,0,0,2,1,,999,999,999,999,999,999,999,999,999,999,999,999,999,999,1,1,1,1,,999,999,998
24504,2024,11,3,20,8,08019,,1,1,B-20,14.5,4,5,14,3,0,0,1,1,0,0,1,1,3,0,0,0,0,0,0,0,0,0,0,0,0,0,0,0,0,0,0,0,0,0,0,0,1,999,,999,999,999,999,999,999,999,999,999,999,999,999,999,999,3,5,3,1,,999,998,4
24505,2024,11,3,18,8,08019,,3,2,No inventariada,,4,5,14,20,0,0,1,1,0,0,1,1,2,0,0,0,0,0,0,0,0,0,0,0,0,0,0,0,0,0,0,0,0,0,0,0,1,999,,999,999,999,999,999,999,999,999,999,999,999,999,999,999,1,1,1,1,,999,998,998
24506,2024,11,3,20,8,08019,,3,2,No inventariada,,4,5,14,2,0,0,1,1,0,0,1,1,2,0,0,0,0,0,0,0,0,0,0,0,0,0,0,0,0,0,0,0,0,0,0,0,2,1,,999,999,999,999,999,999,999,999,999,999,999,999,999,999,1,5,1,1,,999,998,998
24507,2024,11,3,14,8,08019,,1,1,B-20,16.5,4,1,14,6,0,0,1,1,0,0,1,1,1,0,0,0,0,0,0,0,0,0,0,0,0,0,0,0,0,0,0,0,0,0,0,0,1,999,,999,999,999,999,999,999,999,999,999,999,999,999,999,999,1,1,1,1,,999,998,4
24508,2024,11,3,19,8,08019,,3,2,No inventariada,,4,5,14,7,0,0,1,1,0,0,1,1,1,0,0,0,0,0,0,0,0,0,0,0,0,0,0,0,0,0,0,0,0,0,0,0,1,999,,999,999,999,999,999,999,999,999,999,999,999,999,999,999,1,5,1,1,,999,999,998
24509,2024,11,2,9,8,08019,,3,2,No inventariada,,4,5,14,3,0,0,1,1,0,0,1,1,2,0,0,0,0,0,0,0,0,0,0,0,0,0,0,0,0,0,0,0,0,0,0,0,1,999,,999,999,999,999,999,999,999,999,999,999,999,999,999,999,1,1,1,1,,999,998,998
24510,2024,11,3,16,8,08019,,3,2,No inventariada,,4,5,14,20,0,0,1,1,0,0,1,1,4,0,0,0,0,0,0,0,0,0,0,0,0,0,0,0,0,0,0,0,0,0,0,0,1,999,,999,999,999,999,999,999,999,999,999,999,999,999,999,999,1,1,1,1,,999,998,998
24511,2024,11,3,22,8,08019,,3,2,No inventariada,,4,5,14,3,0,0,2,2,0,0,2,2,2,0,0,0,0,0,0,0,0,0,0,0,0,0,0,0,0,0,0,0,0,0,0,0,1,999,,999,999,999,999,999,999,999,999,999,999,999,999,999,999,1,5,1,1,,999,998,998
24512,2024,11,4,8,8,08019,,1,1,B-20,10,4,5,14,20,0,0,1,1,0,0,1,1,2,0,0,0,0,0,0,0,0,0,0,0,0,0,0,0,0,0,0,0,0,0,0,0,1,999,,999,999,999,999,999,999,999,999,999,999,999,999,999,999,1,1,1,1,,999,998,4
24513,2024,11,4,9,8,08019,,1,1,B-20,6.5,4,5,14,20,0,0,1,1,0,0,1,1,2,0,0,0,0,0,0,0,0,0,0,0,0,0,0,0,0,0,0,0,0,0,0,0,1,999,,999,999,999,999,999,999,999,999,999,999,999,999,999,999,1,5,1,1,,999,998,4
24514,2024,11,4,9,8,08019,,3,2,No inventariada,,4,5,14,2,0,0,2,2,0,0,2,2,2,0,0,0,0,0,0,0,0,0,0,0,0,0,0,0,0,0,0,0,0,0,0,0,2,1,,999,999,999,999,999,999,999,999,999,999,999,999,999,999,1,1,1,1,,999,998,998
24515,2024,11,4,12,8,08019,,3,2,No inventariada,,4,5,14,7,0,0,1,1,0,0,1,1,1,0,0,0,0,0,0,0,0,0,0,0,0,0,0,0,0,0,0,0,0,0,0,0,1,999,,999,999,999,999,999,999,999,999,999,999,999,999,999,999,1,1,1,1,,999,999,998
24516,2024,11,3,18,8,08019,,3,2,No inventariada,,4,5,14,9,0,0,1,1,0,0,1,1,2,0,0,0,0,0,0,0,0,0,0,0,0,0,0,0,0,0,0,0,0,0,0,0,2,1,,999,999,999,999,999,999,999,999,999,999,999,999,999,999,1,5,1,1,,999,998,998
24517,2024,10,4,14,8,08019,,3,2,No inventariada,,4,5,14,3,0,0,1,1,0,0,1,1,2,0,0,0,0,0,0,0,0,0,0,0,0,0,0,0,0,0,0,0,0,0,0,0,2,1,,999,999,999,999,999,999,999,999,999,999,999,999,999,999,1,1,1,1,,999,998,998
24518,2024,11,4,9,8,08019,,3,2,No inventariada,,4,5,14,7,0,0,1,1,0,0,1,1,1,0,0,0,0,0,0,0,0,0,0,0,0,0,0,0,0,0,0,0,0,0,0,0,1,999,,999,999,999,999,999,999,999,999,999,999,999,999,999,999,1,1,1,1,,999,999,998