ID_ACCIDENTE,ANYO,MES,DIA_SEMANA,HORA,COD_PROVINCIA,COD_MUNICIPIO,ISLA,ZONA,ZONA_AGRUPADA,CARRETERA,KM,SENTIDO_1F,TITULARIDAD_VIA,TIPO_VIA,TIPO_ACCIDENTE,TOTAL_MU24H,TOTAL_HG24H,TOTAL_HL24H,TOTAL_VICTIMAS_24H,TOTAL_MU30DF,TOTAL_HG30DF,TOTAL_HL30DF,TOTAL_VICTIMAS_30DF,TOTAL_VEHICULOS,TOT_PEAT_MU24H,TOT_BICI_MU24H,TOT_CICLO_MU24H,TOT_MOTO_MU24H,TOT_TUR_MU24H,TOT_FURG_MU24H,TOT_CAM_MENOS3500_MU24H,TOT_CAM_MAS3500_MU24H,TOT_BUS_MU24H,TOT_OTRO_MU24H,TOT_SINESPECIF_MU24H,TOT_PEAT_MU30DF,TOT_BICI_MU30DF,TOT_CICLO_MU30DF,TOT_MOTO_MU30DF,TOT_TUR_MU30DF,TOT_FURG_MU30DF,TOT_CAM_MENOS3500_MU30DF,TOT_CAM_MAS3500_MU30DF,TOT_BUS_MU30DF,TOT_VMP_MU30DF,TOT_OTRO_MU30DF,TOT_SINESPECIF_MU30DF,NUDO,NUDO_INFO,CARRETERA_CRUCE,PRIORI_NORMA,PRIORI_AGENTE,PRIORI_SEMAFORO,PRIORI_VERT_STOP,PRIORI_VERT_CEDA,PRIORI_HORIZ_STOP,PRIORI_HORIZ_CEDA,PRIORI_MARCAS,PRIORI_PEA_NO_ELEV,PRIORI_PEA_ELEV,PRIORI_MARCA_CICLOS,PRIORI_CIRCUNSTANCIAL,PRIORI_OTRA,CONDICION_NIVEL_CIRCULA,CONDICION_FIRME,CONDICION_ILUMINACION,CONDICION_METEO,CONDICION_NIEBLA,CONDICION_VIENTO,VISIB_RESTRINGIDA_POR,ACERA,TRAZADO_PLANTA
34164,2024,5,6,19,13,13087,,3,2,No inventariada,,4,4,9,20,0,0,1,1,0,0,1,1,2,0,0,0,0,0,0,0,0,0,0,0,0,0,0,0,0,0,0,0,0,0,0,0,1,2,,0,0,0,1,0,0,0,0,0,0,0,0,0,1,1,2,1,,,6,998,998
34165,2024,5,6,12,13,13087,,1,1,A-4,209.156,2,1,3,19,0,0,1,1,0,0,1,1,1,0,0,0,0,0,0,0,0,0,0,0,0,0,0,0,0,0,0,0,0,0,0,0,2,,,999,999,999,999,999,999,999,999,999,999,999,999,999,1,1,1,1,,,1,998,1
34166,2024,6,1,21,13,13087,,1,1,CV-261,9,2,4,10,16,0,1,0,1,0,1,0,1,1,0,0,0,0,0,0,0,0,0,0,0,0,0,0,0,0,0,0,0,0,0,0,0,2,,,999,999,999,999,999,999,999,999,999,999,999,999,999,1,1,2,1,,,1,998,1
34167,2024,6,2,21,13,13087,,3,2,No inventariada,,4,4,9,2,0,0,1,1,0,0,1,1,2,0,0,0,0,0,0,0,0,0,0,0,0,0,0,0,0,0,0,0,0,0,0,0,1,2,,1,0,0,0,0,0,0,0,0,0,0,0,0,1,1,2,1,,,6,998,998
34168,2024,7,7,2,13,13087,,3,2,No inventariada,,4,4,9,2,0,0,1,1,0,0,1,1,2,0,0,0,0,0,0,0,0,0,0,0,0,0,0,0,0,0,0,0,0,0,0,0,1,1,,0,0,0,1,0,1,0,0,0,0,0,0,0,1,1,4,1,,,1,998,998
34169,2024,7,3,19,13,13087,,1,1,CR-612,5.6,2,3,6,18,0,0,2,2,0,0,2,2,1,0,0,0,0,0,0,0,0,0,0,0,0,0,0,0,0,0,0,0,0,0,0,0,2,,,999,999,999,999,999,999,999,999,999,999,999,999,999,1,1,1,1,,,1,998,1
34170,2024,8,7,15,13,13087,,1,1,A-4,198.4,2,1,3,18,0,0,5,5,0,0,5,5,1,0,0,0,0,0,0,0,0,0,0,0,0,0,0,0,0,0,0,0,0,0,0,0,2,,,999,999,999,999,999,999,999,999,999,999,999,999,999,3,1,1,1,,,1,998,2
34171,2024,9,2,9,13,13087,,1,1,CM-412,80.6,2,2,6,4,0,0,1,1,0,0,1,1,2,0,0,0,0,0,0,0,0,0,0,0,0,0,0,0,0,0,0,0,0,0,0,0,2,,,999,999,999,999,999,999,999,999,999,999,999,999,999,1,1,1,1,,,1,998,1
34172,2024,9,3,18,13,13087,,3,2,No inventariada,,4,4,9,2,0,0,2,2,0,0,2,2,2,0,0,0,0,0,0,0,0,0,0,0,0,0,0,0,0,0,0,0,0,0,0,0,1,1,,0,0,0,0,0,1,0,0,0,0,0,0,0,2,1,1,1,,,1,998,998
34173,2024,9,6,17,13,13087,,1,1,A-4,192.8,1,1,3,5,0,0,5,5,0,0,5,5,6,0,0,0,0,0,0,0,0,0,0,0,0,0,0,0,0,0,0,0,0,0,0,0,2,,,999,999,999,999,999,999,999,999,999,999,999,999,999,3,1,1,1,,,1,998,1
34174,2024,10,7,11,13,13087,,1,1,CV-273,0.6,2,2,10,10,0,0,1,1,0,0,1,1,1,0,0,0,0,0,0,0,0,0,0,0,0,0,0,0,0,0,0,0,0,0,0,0,2,,,999,999,999,999,999,999,999,999,999,999,999,999,999,1,2,1,1,,,1,998,3
34175,2024,9,3,16,13,13087,,3,2,No inventariada,,4,4,9,2,0,1,1,2,0,1,1,2,2,0,0,0,0,0,0,0,0,0,0,0,0,0,0,0,0,0,0,0,0,0,0,0,1,4,,0,0,0,0,1,0,1,0,0,0,0,0,0,2,1,1,1,,,1,998,998
34176,2024,10,3,10,13,13087,,1,1,A-4,194.4,1,1,3,16,1,1,0,2,1,1,0,2,1,0,0,0,0,1,0,0,0,0,0,0,0,0,0,0,1,0,0,0,0,0,0,0,2,,,999,999,999,999,999,999,999,999,999,999,999,999,999,2,1,1,1,,,1,998,1
34177,2024,10,3,19,13,13087,,3,2,No inventariada,,4,4,9,12,0,0,1,1,0,0,1,1,2,0,0,0,0,0,0,0,0,0,0,0,0,0,0,0,0,0,0,0,0,0,0,0,1,1,,0,0,0,1,0,1,0,0,0,0,0,0,0,2,1,4,1,,,1,998,998
34178,2024,12,2,10,13,13087,,1,1,CR-624,6.129,2,3,6,14,0,0,1,1,0,0,1,1,1,0,0,0,0,0,0,0,0,0,0,0,0,0,0,0,0,0,0,0,0,0,0,0,2,,,999,999,999,999,999,999,999,999,999,999,999,999,999,1,1,1,1,,,1,998,1
34179,2024,12,4,18,13,13087,,1,1,A-4,191.806,1,1,3,5,0,0,1,1,0,0,1,1,3,0,0,0,0,0,0,0,0,0,0,0,0,0,0,0,0,0,0,0,0,0,0,0,2,,,999,999,999,999,999,999,999,999,999,999,999,999,999,3,1,3,1,,,1,998,1
34180,2024,12,7,14,13,13087,,3,2,No inventariada,,4,4,9,2,0,0,1,1,0,0,1,1,2,0,0,0,0,0,0,0,0,0,0,0,0,0,0,0,0,0,0,0,0,0,0,0,1,2,,0,0,0,1,0,0,0,0,0,0,0,0,0,1,1,1,1,,,1,998,998
34181,2024,12,1,17,13,13087,,3,2,No inventariada,,4,4,9,2,0,0,1,1,0,0,1,1,2,0,0,0,0,0,0,0,0,0,0,0,0,0,0,0,0,0,0,0,0,0,0,0,1,2,,0,0,0,1,0,0,0,0,0,0,0,0,0,2,1,1,1,,,17,998,998
34182,2024,12,1,12,13,13087,,3,2,No inventariada,,4,4,9,6,0,0,1,1,0,0,1,1,2,0,0,0,0,0,0,0,0,0,0,0,0,0,0,0,0,0,0,0,0,0,0,0,2,,,999,999,999,999,999,999,999,999,999,999,999,999,999,1,1,1,1,,,1,998,998
34183,2024,12,1,14,13,13087,,3,2,No inventariada,,4,4,9,5,0,0,1,1,0,0,1,1,3,0,0,0,0,0,0,0,0,0,0,0,0,0,0,0,0,0,0,0,0,0,0,0,2,,,999,999,999,999,999,999,999,999,999,999,999,999,999,3,1,1,1,,,1,998,998
34184,2024,12,6,12,13,13087,,1,1,A-4,193.5,1,1,3,18,0,0,1,1,0,0,1,1,1,0,0,0,0,0,0,0,0,0,0,0,0,0,0,0,0,0,0,0,0,0,0,0,2,,,999,999,999,999,999,999,999,999,999,999,999,999,999,1,1,1,1,,,1,998,1
34185,2024,10,3,20,13,00000,,1,1,CR-5122,7.2,1,3,6,18,0,0,2,2,0,0,2,2,1,0,0,0,0,0,0,0,0,0,0,0,0,0,0,0,0,0,0,0,0,0,0,0,2,,,999,999,999,999,999,999,999,999,999,999,999,999,999,1,1,6,1,,,1,998,1
34186,2024,1,6,13,13,00000,,3,2,No inventariada,,4,4,9,2,0,0,1,1,0,0,1,1,2,0,0,0,0,0,0,0,0,0,0,0,0,0,0,0,0,0,0,0,0,0,0,0,1,1,,1,0,0,0,0,0,0,0,0,0,0,0,0,1,1,1,2,,,9,998,998
34187,2024,12,5,11,13,00000,,1,1,CM-3202,2.094,2,2,6,17,0,0,2,2,0,0,2,2,1,0,0,0,0,0,0,0,0,0,0,0,0,0,0,0,0,0,0,0,0,0,0,0,2,,,999,999,999,999,999,999,999,999,999,999,999,999,999,1,1,1,2,,,4,998,2
34188,2024,12,5,17,13,00000,,1,1,CM-3202,2.627,2,2,6,4,0,0,5,5,0,0,5,5,2,0,0,0,0,0,0,0,0,0,0,0,0,0,0,0,0,0,0,0,0,0,0,0,2,,,999,999,999,999,999,999,999,999,999,999,999,999,999,1,1,1,1,,,6,998,1
34189,2024,7,4,6,13,00000,,1,1,CM-4115,3.4,2,2,5,18,1,0,0,1,1,0,0,1,1,0,0,0,1,0,0,0,0,0,0,0,0,0,0,1,0,0,0,0,0,0,0,0,2,,,999,999,999,999,999,999,999,999,999,999,999,999,999,1,1,2,1,,,1,998,2
34190,2024,9,7,11,13,00000,,1,1,CM-4110,35.6,2,2,6,18,0,0,1,1,0,0,1,1,1,0,0,0,0,0,0,0,0,0,0,0,0,0,0,0,0,0,0,0,0,0,0,0,2,,,999,999,999,999,999,999,999,999,999,999,999,999,999,1,1,1,1,,,1,998,2
34191,2024,2,3,18,13,00000,,1,1,CM-412,123.496,2,2,6,2,0,0,2,2,0,0,2,2,2,0,0,0,0,0,0,0,0,0,0,0,0,0,0,0,0,0,0,0,0,0,0,0,1,1,,0,0,0,1,0,0,0,0,0,0,0,0,0,1,1,1,1,,,1,998,1
34192,2024,7,7,1,13,00000,,1,1,CM-3129,20.993,2,2,6,15,0,1,0,1,0,1,0,1,1,0,0,0,0,0,0,0,0,0,0,0,0,0,0,0,0,0,0,0,0,0,0,0,2,,,999,999,999,999,999,999,999,999,999,999,999,999,999,1,1,6,1,,,1,998,3
34193,2024,7,3,11,13,00000,,1,1,CM-412,123.435,1,2,6,14,0,0,1,1,0,0,1,1,1,0,0,0,0,0,0,0,0,0,0,0,0,0,0,0,0,0,0,0,0,0,0,0,2,,,999,999,999,999,999,999,999,999,999,999,999,999,999,1,1,1,1,,,1,998,3
34194,2024,5,1,11,13,13096,,1,1,CM-4120,13.3,3,2,6,2,0,0,2,2,0,0,2,2,2,0,0,0,0,0,0,0,0,0,0,0,0,0,0,0,0,0,0,0,0,0,0,0,1,5,CM-4120,0,0,0,1,0,1,0,0,0,0,0,0,0,1,1,1,1,,,1,998,1
34195,2024,5,3,21,13,13096,,1,1,CR-200,4,1,3,6,15,0,1,0,1,0,1,0,1,1,0,0,0,0,0,0,0,0,0,0,0,0,0,0,0,0,0,0,0,0,0,0,0,2,,,999,999,999,999,999,999,999,999,999,999,999,999,999,1,1,2,1,,,1,998,3
34196,2024,6,6,12,13,13096,,1,1,CM-4120,19.15,2,2,5,1,1,0,2,3,1,0,2,3,2,0,0,0,1,0,0,0,0,0,0,0,0,0,0,1,0,0,0,0,0,0,0,0,2,,,999,999,999,999,999,999,999,999,999,999,999,999,999,1,1,1,1,,,1,998,1
34197,2024,6,5,19,13,13096,,1,1,CR-2012,8.768,1,3,6,18,0,0,1,1,0,0,1,1,1,0,0,0,0,0,0,0,0,0,0,0,0,0,0,0,0,0,0,0,0,0,0,0,2,,,999,999,999,999,999,999,999,999,999,999,999,999,999,1,1,1,2,,,1,998,3
34198,2024,8,1,11,13,13096,,1,1,CR-201,11.167,1,3,6,14,0,0,1,1,0,0,1,1,1,0,0,0,0,0,0,0,0,0,0,0,0,0,0,0,0,0,0,0,0,0,0,0,2,,,999,999,999,999,999,999,999,999,999,999,999,999,999,1,1,1,1,,,1,998,1
34199,2024,10,1,11,13,13039,,1,1,CR-201,5.95,1,3,6,18,0,0,3,3,0,0,3,3,1,0,0,0,0,0,0,0,0,0,0,0,0,0,0,0,0,0,0,0,0,0,0,0,2,,,999,999,999,999,999,999,999,999,999,999,999,999,999,1,1,1,1,,,1,998,2
34200,2024,12,7,19,13,13096,,1,1,CM-420,9.372,2,2,6,4,0,0,1,1,0,0,1,1,2,0,0,0,0,0,0,0,0,0,0,0,0,0,0,0,0,0,0,0,0,0,0,0,2,,,0,0,0,0,1,0,1,0,0,0,0,0,0,1,1,6,1,,,1,998,1
34201,2024,3,5,21,13,00000,,3,2,No inventariada,,4,999,9,,0,0,1,1,0,0,1,1,0,0,0,0,0,0,0,0,0,0,0,0,0,0,0,0,0,0,0,0,0,0,0,0,,,,999,999,999,999,999,999,999,999,999,999,999,999,999,999,999,999,999,,,999,998,998
34202,2024,7,5,16,13,00000,,1,1,A-4,141.5,2,1,3,18,0,1,2,3,0,1,2,3,1,0,0,0,0,0,0,0,0,0,0,0,0,0,0,0,0,0,0,0,0,0,0,0,2,,,999,999,999,999,999,999,999,999,999,999,999,999,999,1,1,1,1,,,1,998,1
34203,2024,8,5,14,13,00000,,1,1,A-4,145.259,1,1,3,18,0,0,2,2,0,0,2,2,1,0,0,0,0,0,0,0,0,0,0,0,0,0,0,0,0,0,0,0,0,0,0,0,2,,,999,999,999,999,999,999,999,999,999,999,999,999,999,1,1,1,1,,,1,998,2
34204,2024,12,3,13,13,13047,,1,1,CV-95,0.825,1,4,10,9,1,0,1,2,1,0,1,2,1,0,0,0,0,0,0,0,0,0,1,0,0,0,0,0,0,0,0,0,0,0,1,0,2,,,999,999,999,999,999,999,999,999,999,999,999,999,999,1,1,1,1,,,1,998,1
34205,2024,5,3,12,13,00000,,1,1,A-4,230,1,1,3,4,0,0,2,2,0,0,2,2,2,0,0,0,0,0,0,0,0,0,0,0,0,0,0,0,0,0,0,0,0,0,0,0,2,,,999,999,999,999,999,999,999,999,999,999,999,999,999,1,1,1,1,,,1,998,1
34206,2024,8,1,4,13,00000,,1,1,A-4,228.195,1,1,3,4,0,0,2,2,0,0,2,2,2,0,0,0,0,0,0,0,0,0,0,0,0,0,0,0,0,0,0,0,0,0,0,0,2,,,999,999,999,999,999,999,999,999,999,999,999,999,999,1,1,6,1,,,1,998,1
34207,2024,11,2,5,13,00000,,1,1,A-4,226.3,1,1,3,18,0,0,1,1,0,0,1,1,1,0,0,0,0,0,0,0,0,0,0,0,0,0,0,0,0,0,0,0,0,0,0,0,2,,,999,999,999,999,999,999,999,999,999,999,999,999,999,1,1,6,1,,,1,998,1
34208,2024,11,2,13,13,00000,,3,2,No inventariada,,4,4,9,2,0,0,2,2,0,0,2,2,2,0,0,0,0,0,0,0,0,0,0,0,0,0,0,0,0,0,0,0,0,0,0,0,1,2,,0,0,0,0,0,0,1,0,0,0,0,0,0,1,1,1,1,,,9,998,998
34209,2024,8,3,18,13,00000,,3,2,No inventariada,,4,4,9,7,0,0,1,1,0,0,1,1,1,0,0,0,0,0,0,0,0,0,0,0,0,0,0,0,0,0,0,0,0,0,0,0,2,,,999,999,999,999,999,999,999,999,999,999,999,999,999,1,1,1,2,,,1,4,998
34210,2024,10,1,9,13,00000,,1,1,CM-4106,84.532,2,2,6,4,0,0,1,1,0,0,1,1,2,0,0,0,0,0,0,0,0,0,0,0,0,0,0,0,0,0,0,0,0,0,0,0,2,,,999,999,999,999,999,999,999,999,999,999,999,999,999,1,1,1,2,,,1,998,1
34211,2024,5,6,18,13,00000,,1,1,CM-3115,23.8,2,2,6,2,0,1,0,1,0,1,0,1,2,0,0,0,0,0,0,0,0,0,0,0,0,0,0,0,0,0,0,0,0,0,0,0,2,,,999,999,999,999,999,999,999,999,999,999,999,999,999,1,1,1,1,,,4,998,2
34212,2024,3,7,16,14,00000,,1,1,A-3001,8.885,1,2,6,19,0,0,1,1,0,0,1,1,1,0,0,0,0,0,0,0,0,0,0,0,0,0,0,0,0,0,0,0,0,0,0,0,2,,,999,999,999,999,999,999,999,999,999,999,999,999,999,1,1,1,1,,,1,998,1
34213,2024,9,1,20,14,00000,,1,1,A-421,29.95,2,2,6,10,0,0,1,1,0,0,1,1,2,0,0,0,0,0,0,0,0,0,0,0,0,0,0,0,0,0,0,0,0,0,0,0,2,,,999,999,999,999,999,999,999,999,999,999,999,999,999,1,1,1,1,,,1,998,2
34214,2024,9,6,16,14,00000,,1,1,A-421,23.1,1,2,6,2,0,0,1,1,0,0,1,1,2,0,0,0,0,0,0,0,0,0,0,0,0,0,0,0,0,0,0,0,0,0,0,0,2,,,999,999,999,999,999,999,999,999,999,999,999,999,999,3,1,1,1,,,1,998,3
34215,2024,11,6,15,14,00000,,1,1,A-3001,3.282,1,2,6,2,0,0,2,2,0,0,2,2,2,0,0,0,0,0,0,0,0,0,0,0,0,0,0,0,0,0,0,0,0,0,0,0,2,,,999,999,999,999,999,999,999,999,999,999,999,999,999,2,1,1,1,,,1,998,2
34216,2024,1,2,15,14,14002,,1,1,A-45,42.2,1,1,3,4,0,0,1,1,0,0,1,1,2,0,0,0,0,0,0,0,0,0,0,0,0,0,0,0,0,0,0,0,0,0,0,0,2,,,999,999,999,999,999,999,999,999,999,999,999,999,999,1,1,1,1,,,1,998,1
34217,2024,3,5,16,14,14002,,1,1,A-304,0.3,3,2,6,1,1,2,0,3,1,2,0,3,2,0,0,0,0,0,1,0,0,0,0,0,0,0,0,0,0,1,0,0,0,0,0,0,2,,,999,999,999,999,999,999,999,999,999,999,999,999,999,1,1,1,1,,,1,998,1
34218,2024,4,5,12,14,14002,,1,1,CO-5210,0.2,3,3,6,3,0,0,1,1,0,0,1,1,2,0,0,0,0,0,0,0,0,0,0,0,0,0,0,0,0,0,0,0,0,0,0,0,2,,,999,999,999,999,999,999,999,999,999,999,999,999,999,1,1,1,1,,,1,998,2
34219,2024,4,1,2,14,14002,,1,1,A-45,38.5,1,1,3,12,0,0,1,1,0,0,1,1,1,0,0,0,0,0,0,0,0,0,0,0,0,0,0,0,0,0,0,0,0,0,0,0,2,,,999,999,999,999,999,999,999,999,999,999,999,999,999,1,1,6,1,,,1,998,1
34220,2024,5,3,5,14,14042,,1,1,A-45,34.2,1,1,3,12,0,0,1,1,0,0,1,1,1,0,0,0,0,0,0,0,0,0,0,0,0,0,0,0,0,0,0,0,0,0,0,0,2,,,999,999,999,999,999,999,999,999,999,999,999,999,999,1,3,6,3,,,1,998,1
34221,2024,5,4,18,14,14002,,1,1,A-304,3.65,1,2,6,18,0,0,1,1,0,0,1,1,1,0,0,0,0,0,0,0,0,0,0,0,0,0,0,0,0,0,0,0,0,0,0,0,2,,,999,999,999,999,999,999,999,999,999,999,999,999,999,1,1,1,1,,,1,998,1
34222,2024,11,3,19,14,14002,,1,1,CO-5208,3.35,2,3,6,12,0,1,1,2,0,1,1,2,1,0,0,0,0,0,0,0,0,0,0,0,0,0,0,0,0,0,0,0,0,0,0,0,2,,,999,999,999,999,999,999,999,999,999,999,999,999,999,6,1,6,1,,,1,998,1
34223,2024,11,7,14,14,14002,,1,1,A-45,39.6,1,1,3,4,0,0,2,2,0,0,2,2,2,0,0,0,0,0,0,0,0,0,0,0,0,0,0,0,0,0,0,0,0,0,0,0,2,,,999,999,999,999,999,999,999,999,999,999,999,999,999,2,1,1,2,,,1,998,1
34224,2024,3,3,7,14,00000,,1,1,A-435,3.525,1,2,6,18,0,0,1,1,0,0,1,1,1,0,0,0,0,0,0,0,0,0,0,0,0,0,0,0,0,0,0,0,0,0,0,0,2,,,999,999,999,999,999,999,999,999,999,999,999,999,999,1,1,2,1,,,1,998,1
34225,2024,4,2,14,14,00000,,1,1,N-502,379.1,2,1,6,15,0,0,4,4,0,0,4,4,1,0,0,0,0,0,0,0,0,0,0,0,0,0,0,0,0,0,0,0,0,0,0,0,2,,,999,999,999,999,999,999,999,999,999,999,999,999,999,1,3,1,3,,,1,998,3
34226,2024,8,6,6,14,00000,,1,1,N-502,364.8,1,1,5,2,0,0,1,1,0,0,1,1,2,0,0,0,0,0,0,0,0,0,0,0,0,0,0,0,0,0,0,0,0,0,0,0,1,1,A-420,0,0,1,0,0,1,0,0,0,0,0,0,0,1,1,4,1,,,2,998,1
34227,2024,12,4,10,14,00000,,1,1,N-502,366.531,2,1,6,2,0,0,2,2,0,0,2,2,2,0,0,0,0,0,0,0,0,0,0,0,0,0,0,0,0,0,0,0,0,0,0,0,1,1,N-502,0,0,0,0,0,1,0,0,0,0,0,0,0,2,1,1,1,,,1,998,1
34228,2024,12,5,21,14,00000,,1,1,N-502,374.529,1,1,6,16,0,0,1,1,0,0,1,1,1,0,0,0,0,0,0,0,0,0,0,0,0,0,0,0,0,0,0,0,0,0,0,0,1,2,N-502,0,0,0,1,0,0,0,0,0,0,0,0,0,2,1,6,1,,,1,998,1
34229,2024,12,1,23,14,00000,,1,1,A-435,3.98,2,2,6,19,1,0,0,1,1,0,0,1,1,0,0,0,0,0,0,0,1,0,0,0,0,0,0,0,0,0,0,1,0,0,0,0,2,,,999,999,999,999,999,999,999,999,999,999,999,999,999,1,1,6,1,,,1,998,2
34230,2024,3,5,11,14,00000,,1,1,A-339,42.421,1,2,6,2,0,2,1,3,0,2,1,3,2,0,0,0,0,0,0,0,0,0,0,0,0,0,0,0,0,0,0,0,0,0,0,0,2,,,999,999,999,999,999,999,999,999,999,999,999,999,999,1,3,1,4,,,4,998,2
34231,2024,3,6,14,14,00000,,1,1,A-339,42.2,1,2,6,13,0,0,2,2,0,0,2,2,1,0,0,0,0,0,0,0,0,0,0,0,0,0,0,0,0,0,0,0,0,0,0,0,2,,,999,999,999,999,999,999,999,999,999,999,999,999,999,1,3,1,4,,,5,998,1
34232,2024,7,7,11,14,00000,,1,1,CO-8203,9.793,1,3,6,10,0,0,1,1,0,0,1,1,1,0,0,0,0,0,0,0,0,0,0,0,0,0,0,0,0,0,0,0,0,0,0,0,2,,,999,999,999,999,999,999,999,999,999,999,999,999,999,1,1,1,1,,,4,998,2
34233,2024,10,3,0,14,00000,,1,1,A-339,36.6,2,2,6,18,0,0,1,1,0,0,1,1,1,0,0,0,0,0,0,0,0,0,0,0,0,0,0,0,0,0,0,0,0,0,0,0,2,,,999,999,999,999,999,999,999,999,999,999,999,999,999,1,3,6,3,,,1,998,1
34234,2024,2,4,13,14,14005,,1,1,A-431,24.9,2,2,6,12,0,0,1,1,0,0,1,1,1,0,0,0,0,0,0,0,0,0,0,0,0,0,0,0,0,0,0,0,0,0,0,0,2,,,999,999,999,999,999,999,999,999,999,999,999,999,999,1,3,1,3,,,5,998,2
34235,2024,7,1,4,14,14005,,1,1,A-431,23.2,2,2,5,3,0,1,4,5,0,1,4,5,2,0,0,0,0,0,0,0,0,0,0,0,0,0,0,0,0,0,0,0,0,0,0,0,1,4,,0,0,0,1,0,0,0,0,0,0,0,0,0,1,1,6,1,,,1,998,1
34236,2024,9,6,23,14,14005,,1,1,A-431,20.1,1,2,6,8,0,0,3,3,0,0,3,3,1,0,0,0,0,0,0,0,0,0,0,0,0,0,0,0,0,0,0,0,0,0,0,0,2,,,999,999,999,999,999,999,999,999,999,999,999,999,999,1,1,6,1,,,1,998,1
34237,2024,10,6,11,14,14005,,1,1,A-431,16,2,2,6,7,0,0,1,1,0,0,1,1,1,0,0,0,0,0,0,0,0,0,0,0,0,0,0,0,0,0,0,0,0,0,0,0,2,,,999,999,999,999,999,999,999,999,999,999,999,999,999,1,1,1,1,,,1,1,1
34238,2024,11,7,13,14,14005,,1,1,A-431,23.1,1,2,6,2,0,0,6,6,0,0,6,6,2,0,0,0,0,0,0,0,0,0,0,0,0,0,0,0,0,0,0,0,0,0,0,0,1,5,CP-113,0,0,0,0,0,1,0,0,0,0,0,0,0,2,1,1,1,,,1,998,1
34239,2024,2,7,20,14,14007,,1,1,N-432a,331.7,2,1,6,18,0,0,4,4,0,0,4,4,1,0,0,0,0,0,0,0,0,0,0,0,0,0,0,0,0,0,0,0,0,0,0,0,1,2,CV-147,0,0,0,1,0,1,0,0,0,0,0,0,0,1,3,6,3,,,4,998,2
34240,2024,4,6,18,14,14007,,1,1,CO-6206,1,2,3,6,10,0,0,1,1,0,0,1,1,1,0,0,0,0,0,0,0,0,0,0,0,0,0,0,0,0,0,0,0,0,0,0,0,2,,,999,999,999,999,999,999,999,999,999,999,999,999,999,2,1,1,1,,,1,998,1
34241,2024,7,2,17,14,14007,,1,1,N-432a,332,2,1,6,18,0,0,1,1,0,0,1,1,1,0,0,0,0,0,0,0,0,0,0,0,0,0,0,0,0,0,0,0,0,0,0,0,2,,,999,999,999,999,999,999,999,999,999,999,999,999,999,1,1,1,1,,,18,998,3
34242,2024,7,4,15,14,00000,,1,1,A-318,67.979,2,2,6,2,0,0,2,2,0,0,2,2,2,0,0,0,0,0,0,0,0,0,0,0,0,0,0,0,0,0,0,0,0,0,0,0,1,2,A-3128,0,0,0,0,0,1,0,0,0,0,0,0,0,2,1,1,1,,,1,998,1
34243,2024,8,7,21,14,14007,,1,1,CO-6204,11.447,2,3,6,15,1,0,0,1,1,0,0,1,1,0,0,0,1,0,0,0,0,0,0,0,0,0,0,1,0,0,0,0,0,0,0,0,2,,,999,999,999,999,999,999,999,999,999,999,999,999,999,1,1,6,1,,,1,998,2
34244,2024,3,5,14,14,00000,,1,1,CO-9403,2.086,1,3,6,2,0,0,1,1,0,0,1,1,2,0,0,0,0,0,0,0,0,0,0,0,0,0,0,0,0,0,0,0,0,0,0,0,2,,,999,999,999,999,999,999,999,999,999,999,999,999,999,1,1,1,1,,,4,998,3
34245,2024,5,4,13,14,00000,,1,1,A-422,24.6,1,2,6,2,0,0,1,1,0,0,1,1,2,0,0,0,0,0,0,0,0,0,0,0,0,0,0,0,0,0,0,0,0,0,0,0,1,2,,1,0,0,0,0,0,0,0,0,0,0,0,0,1,1,1,1,,,1,998,1
34246,2024,9,7,20,14,00000,,1,1,CO-9401,1.463,1,3,6,13,0,0,2,2,0,0,2,2,1,0,0,0,0,0,0,0,0,0,0,0,0,0,0,0,0,0,0,0,0,0,0,0,2,,,999,999,999,999,999,999,999,999,999,999,999,999,999,1,1,6,1,,,1,998,2
34247,2024,10,6,1,14,00000,,3,2,No inventariada,,4,4,9,12,0,0,1,1,0,0,1,1,1,0,0,0,0,0,0,0,0,0,0,0,0,0,0,0,0,0,0,0,0,0,0,0,2,,,999,999,999,999,999,999,999,999,999,999,999,999,999,1,3,4,3,,,1,998,998
34248,2024,11,2,14,14,00000,,1,1,A-422,41.4,1,2,6,14,0,0,1,1,0,0,1,1,1,0,0,0,0,0,0,0,0,0,0,0,0,0,0,0,0,0,0,0,0,0,0,0,2,,,999,999,999,999,999,999,999,999,999,999,999,999,999,1,1,1,1,,,4,998,2
34249,2024,3,5,15,14,00000,,1,1,A-45,79.481,2,1,3,14,0,0,1,1,0,0,1,1,1,0,0,0,0,0,0,0,0,0,0,0,0,0,0,0,0,0,0,0,0,0,0,0,2,,,999,999,999,999,999,999,999,999,999,999,999,999,999,1,1,1,1,,,1,998,1
34250,2024,8,7,11,14,00000,,1,1,A-45,76.5,1,1,3,4,0,0,1,1,0,0,1,1,2,0,0,0,0,0,0,0,0,0,0,0,0,0,0,0,0,0,0,0,0,0,0,0,2,,,999,999,999,999,999,999,999,999,999,999,999,999,999,2,1,1,1,,,1,998,1
34251,2024,12,7,19,14,00000,,1,1,A-45,70.604,1,1,3,4,0,0,1,1,0,0,1,1,2,0,0,0,0,0,0,0,0,0,0,0,0,0,0,0,0,0,0,0,0,0,0,0,2,,,999,999,999,999,999,999,999,999,999,999,999,999,999,1,1,6,1,,,1,998,1