ID_ACCIDENTE,ANYO,MES,DIA_SEMANA,HORA,COD_PROVINCIA,COD_MUNICIPIO,ISLA,ZONA,ZONA_AGRUPADA,CARRETERA,KM,SENTIDO_1F,TITULARIDAD_VIA,TIPO_VIA,TIPO_ACCIDENTE,TOTAL_MU24H,TOTAL_HG24H,TOTAL_HL24H,TOTAL_VICTIMAS_24H,TOTAL_MU30DF,TOTAL_HG30DF,TOTAL_HL30DF,TOTAL_VICTIMAS_30DF,TOTAL_VEHICULOS,TOT_PEAT_MU24H,TOT_BICI_MU24H,TOT_CICLO_MU24H,TOT_MOTO_MU24H,TOT_TUR_MU24H,TOT_FURG_MU24H,TOT_CAM_MENOS3500_MU24H,TOT_CAM_MAS3500_MU24H,TOT_BUS_MU24H,TOT_OTRO_MU24H,TOT_SINESPECIF_MU24H,TOT_PEAT_MU30DF,TOT_BICI_MU30DF,TOT_CICLO_MU30DF,TOT_MOTO_MU30DF,TOT_TUR_MU30DF,TOT_FURG_MU30DF,TOT_CAM_MENOS3500_MU30DF,TOT_CAM_MAS3500_MU30DF,TOT_BUS_MU30DF,TOT_VMP_MU30DF,TOT_OTRO_MU30DF,TOT_SINESPECIF_MU30DF,NUDO,NUDO_INFO,CARRETERA_CRUCE,PRIORI_NORMA,PRIORI_AGENTE,PRIORI_SEMAFORO,PRIORI_VERT_STOP,PRIORI_VERT_CEDA,PRIORI_HORIZ_STOP,PRIORI_HORIZ_CEDA,PRIORI_MARCAS,PRIORI_PEA_NO_ELEV,PRIORI_PEA_ELEV,PRIORI_MARCA_CICLOS,PRIORI_CIRCUNSTANCIAL,PRIORI_OTRA,CONDICION_NIVEL_CIRCULA,CONDICION_FIRME,CONDICION_ILUMINACION,CONDICION_METEO,CONDICION_NIEBLA,CONDICION_VIENTO,VISIB_RESTRINGIDA_POR,ACERA,TRAZADO_PLANTA
42150,2024,12,4,21,20,20019,,3,2,No inventariada,0,4,5,14,7,0,0,2,2,0,0,2,2,1,0,0,0,0,0,0,0,0,0,0,0,0,0,0,0,0,0,0,0,0,0,0,0,2,,,999,999,999,999,999,999,999,999,999,999,999,999,999,1,3,4,3,,,1,4,998
42151,2024,12,5,7,20,20029,,1,1,AP-8,51,2,2,1,16,0,0,1,1,0,0,1,1,1,0,0,0,0,0,0,0,0,0,0,0,0,0,0,0,0,0,0,0,0,0,0,0,2,,,999,999,999,999,999,999,999,999,999,999,999,999,999,3,3,2,4,,,1,998,1
42152,2024,12,5,10,20,20074,,1,1,AP-1,141,2,2,1,4,0,0,2,2,0,0,2,2,2,0,0,0,0,0,0,0,0,0,0,0,0,0,0,0,0,0,0,0,0,0,0,0,2,,,999,999,999,999,999,999,999,999,999,999,999,999,999,2,8,4,3,,,1,998,1
42153,2024,12,6,18,20,20902,,1,1,N-1,452,1,5,3,12,0,0,1,1,0,0,1,1,1,0,0,0,0,0,0,0,0,0,0,0,0,0,0,0,0,0,0,0,0,0,0,0,2,,,999,999,999,999,999,999,999,999,999,999,999,999,999,1,3,4,3,,,1,998,2
42154,2024,12,6,19,20,20069,,1,1,N-1,451,1,5,5,4,0,0,2,2,0,0,2,2,2,0,0,0,0,0,0,0,0,0,0,0,0,0,0,0,0,0,0,0,0,0,0,0,2,,,999,999,999,999,999,999,999,999,999,999,999,999,999,5,3,4,2,,,1,998,1
42155,2024,12,7,21,20,00000,,1,1,AP-8,63,2,2,1,12,0,0,1,1,0,0,1,1,1,0,0,0,0,0,0,0,0,0,0,0,0,0,0,0,0,0,0,0,0,0,0,0,2,,,999,999,999,999,999,999,999,999,999,999,999,999,999,2,3,6,3,,,1,998,2
42156,2024,12,1,18,20,20018,,1,1,GI-631,15,1,3,14,4,0,0,1,1,0,0,1,1,2,0,0,0,0,0,0,0,0,0,0,0,0,0,0,0,0,0,0,0,0,0,0,0,2,,,999,999,999,999,999,999,999,999,999,999,999,999,999,2,3,5,1,,,1,998,1
42157,2024,12,3,13,20,20045,,1,1,AP-8,7,1,2,1,1,0,0,1,1,0,0,1,1,2,0,0,0,0,0,0,0,0,0,0,0,0,0,0,0,0,0,0,0,0,0,0,0,1,2,AP-8,0,0,0,0,0,0,0,0,0,0,0,0,1,2,1,1,1,,,1,998,1
42158,2024,12,2,18,20,20018,,2,2,GI-631,15,1,3,6,4,0,0,1,1,0,0,1,1,2,0,0,0,0,0,0,0,0,0,0,0,0,0,0,0,0,0,0,0,0,0,0,0,2,,,999,999,999,999,999,999,999,999,999,999,999,999,999,1,3,4,4,,,1,998,1
42159,2024,12,2,18,20,20019,,1,1,N-1,418,1,5,5,2,0,0,4,4,0,0,4,4,3,0,0,0,0,0,0,0,0,0,0,0,0,0,0,0,0,0,0,0,0,0,0,0,1,999,,0,0,0,0,0,0,1,0,0,0,0,0,0,2,1,4,1,,,1,998,3
42160,2024,12,2,14,20,20073,,1,1,N-634,2,1,5,14,4,0,0,1,1,0,0,1,1,2,0,0,0,0,0,0,0,0,0,0,0,0,0,0,0,0,0,0,0,0,0,0,0,2,,,999,999,999,999,999,999,999,999,999,999,999,999,999,3,1,1,1,,,1,998,1
42161,2024,12,2,14,20,20069,,1,1,GI-20,5,1,3,5,4,0,0,1,1,0,0,1,1,2,0,0,0,0,0,0,0,0,0,0,0,0,0,0,0,0,0,0,0,0,0,0,0,1,2,GI-20,0,0,0,0,0,0,0,0,0,0,0,0,1,3,1,1,1,,,1,998,1
42162,2024,9,6,11,20,20061,,1,1,N-634,12,2,5,14,20,0,0,1,1,0,0,1,1,1,0,0,0,0,0,0,0,0,0,0,0,0,0,0,0,0,0,0,0,0,0,0,0,2,,,999,999,999,999,999,999,999,999,999,999,999,999,999,2,1,1,1,,,1,998,1
42163,2024,12,4,12,20,20009,,1,1,A-15,160,2,3,3,4,0,0,2,2,0,0,2,2,2,0,0,0,0,0,0,0,0,0,0,0,0,0,0,0,0,0,0,0,0,0,0,0,2,,,999,999,999,999,999,999,999,999,999,999,999,999,999,2,1,1,1,,,1,998,1
42164,2024,12,1,0,20,20053,,1,1,GI-636,7,2,3,6,15,0,1,0,1,0,1,0,1,1,0,0,0,0,0,0,0,0,0,0,0,0,0,0,0,0,0,0,0,0,0,0,0,1,4,,0,0,0,0,1,0,1,0,0,0,0,0,0,2,1,4,1,,,1,998,2
42165,2024,12,1,10,20,20069,,1,1,GI-20,4,1,3,3,4,0,0,1,1,0,0,1,1,2,0,0,0,0,0,0,0,0,0,0,0,0,0,0,0,0,0,0,0,0,0,0,0,2,,,999,999,999,999,999,999,999,999,999,999,999,999,999,3,3,1,2,,,1,998,1
42166,2024,12,2,11,20,20045,,3,2,No inventariada,0,4,5,11,2,0,0,1,1,0,0,1,1,2,0,0,0,0,0,0,0,0,0,0,0,0,0,0,0,0,0,0,0,0,0,0,0,1,1,,0,0,0,0,1,0,1,0,0,0,0,0,0,3,3,1,3,,,1,998,998
42167,2024,12,2,12,20,20902,,1,1,GI-11,0,1,3,3,12,0,0,1,1,0,0,1,1,1,0,0,0,0,0,0,0,0,0,0,0,0,0,0,0,0,0,0,0,0,0,0,0,2,,,999,999,999,999,999,999,999,999,999,999,999,999,999,1,3,1,3,,,1,998,3
42168,2024,12,3,12,20,20040,,1,1,A-15,166,1,3,3,12,0,0,1,1,0,0,1,1,1,0,0,0,0,0,0,0,0,0,0,0,0,0,0,0,0,0,0,0,0,0,0,0,2,,,999,999,999,999,999,999,999,999,999,999,999,999,999,1,3,1,2,,,1,998,2
42169,2024,12,4,10,20,20045,,1,1,GI-636,17,2,3,5,4,0,0,1,1,0,0,1,1,2,0,0,0,0,0,0,0,0,0,0,0,0,0,0,0,0,0,0,0,0,0,0,0,2,,,999,999,999,999,999,999,999,999,999,999,999,999,999,1,1,1,2,,,1,998,1
42170,2024,12,7,10,20,20045,,1,1,N-121-A,73,1,5,6,20,0,1,0,1,0,1,0,1,1,0,0,0,0,0,0,0,0,0,0,0,0,0,0,0,0,0,0,0,0,0,0,0,2,,,999,999,999,999,999,999,999,999,999,999,999,999,999,2,1,1,1,,,1,998,3
42171,2024,11,2,10,20,20040,,3,2,No inventariada,0,4,5,14,2,0,1,0,1,0,1,0,1,2,0,0,0,0,0,0,0,0,0,0,0,0,0,0,0,0,0,0,0,0,0,0,0,1,2,,0,0,0,1,0,1,0,0,0,0,0,0,0,1,1,1,1,,,6,998,998
42172,2024,12,6,5,20,00000,,1,1,N-1,415,2,5,3,16,0,0,3,3,0,0,3,3,1,0,0,0,0,0,0,0,0,0,0,0,0,0,0,0,0,0,0,0,0,0,0,0,1,999,,0,0,0,0,1,0,1,0,0,0,0,0,0,1,3,6,3,,,1,998,2
42173,2024,12,1,17,20,20036,,1,1,GI-636,13,1,3,6,4,0,0,1,1,0,0,1,1,2,0,0,0,0,0,0,0,0,0,0,0,0,0,0,0,0,0,0,0,0,0,0,0,2,,,999,999,999,999,999,999,999,999,999,999,999,999,999,3,1,1,1,,,1,998,1
42174,2024,12,4,11,20,20045,,1,1,GI-636,13,1,3,6,2,0,0,1,1,0,0,1,1,2,0,0,0,0,0,0,0,0,0,0,0,0,0,0,0,0,0,0,0,0,0,0,0,1,2,,1,0,0,0,0,0,0,0,0,0,0,0,0,2,1,1,1,,,4,998,3
42175,2024,12,7,2,20,20067,,1,1,AP-8,13,2,2,1,12,0,0,1,1,0,0,1,1,2,0,0,0,0,0,0,0,0,0,0,0,0,0,0,0,0,0,0,0,0,0,0,0,2,,,999,999,999,999,999,999,999,999,999,999,999,999,999,1,3,4,3,,,1,998,1
42176,2024,12,6,20,20,20040,,1,1,A-15,166,2,3,3,18,0,0,1,1,0,0,1,1,1,0,0,0,0,0,0,0,0,0,0,0,0,0,0,0,0,0,0,0,0,0,0,0,1,999,,1,0,0,0,0,0,0,0,0,0,0,0,0,1,3,4,2,,,1,998,2
42177,2024,12,1,15,20,20071,,1,1,N-1,432,1,5,5,12,0,0,1,1,0,0,1,1,1,0,0,0,0,0,0,0,0,0,0,0,0,0,0,0,0,0,0,0,0,0,0,0,2,,,999,999,999,999,999,999,999,999,999,999,999,999,999,2,1,1,1,,,1,998,2
42178,2024,12,1,17,20,00000,,3,2,No inventariada,0,4,5,14,14,0,0,1,1,0,0,1,1,1,0,0,0,0,0,0,0,0,0,0,0,0,0,0,0,0,0,0,0,0,0,0,0,2,,,999,999,999,999,999,999,999,999,999,999,999,999,999,1,1,1,1,,,6,998,998
42179,2024,12,1,18,20,20069,,1,1,GI-41,1,1,3,5,4,0,0,2,2,0,0,2,2,2,0,0,0,0,0,0,0,0,0,0,0,0,0,0,0,0,0,0,0,0,0,0,0,1,4,,0,0,0,0,1,0,1,0,0,0,0,0,0,3,3,4,1,,,4,998,3
42180,2024,12,2,14,20,20069,,1,1,GI-11,2,2,3,5,12,0,0,1,1,0,0,1,1,1,0,0,0,0,0,0,0,0,0,0,0,0,0,0,0,0,0,0,0,0,0,0,0,2,,,999,999,999,999,999,999,999,999,999,999,999,999,999,2,3,1,3,,,1,998,2
42181,2024,11,5,20,20,20032,,1,1,GI-2634,34,2,3,14,12,0,1,0,1,0,1,0,1,1,0,0,0,0,0,0,0,0,0,0,0,0,0,0,0,0,0,0,0,0,0,0,0,2,,,999,999,999,999,999,999,999,999,999,999,999,999,999,1,1,4,1,,,1,998,1
42182,2024,12,3,13,20,20009,,1,1,N-1,445,1,5,5,4,0,0,1,1,0,0,1,1,2,0,0,0,0,0,0,0,0,0,0,0,0,0,0,0,0,0,0,0,0,0,0,0,1,2,,0,0,0,0,1,0,1,0,0,0,0,0,0,3,1,1,1,,,9,998,1
42183,2024,12,7,13,20,20030,,1,1,N-634,63,2,5,4,10,0,0,1,1,0,0,1,1,1,0,0,0,0,0,0,0,0,0,0,0,0,0,0,0,0,0,0,0,0,0,0,0,1,2,,0,0,0,0,0,1,0,0,0,0,0,0,0,2,8,1,2,,,1,998,2
42184,2024,12,7,17,20,20071,,1,1,N-1,437,2,5,5,12,1,0,0,1,1,0,0,1,1,0,0,0,0,1,0,0,0,0,0,0,0,0,0,0,1,0,0,0,0,0,0,0,1,2,,1,0,0,0,0,0,0,0,0,0,0,0,0,1,1,3,2,,,4,998,3
42185,2024,12,1,7,20,00000,,1,1,A-15,146,1,3,2,12,0,0,2,2,0,0,2,2,3,0,0,0,0,0,0,0,0,0,0,0,0,0,0,0,0,0,0,0,0,0,0,0,2,,,999,999,999,999,999,999,999,999,999,999,999,999,999,1,8,2,2,,,5,998,3
42186,2024,12,1,19,20,20063,,1,1,GI-636,5,1,3,6,4,0,0,2,2,0,0,2,2,2,0,0,0,0,0,0,0,0,0,0,0,0,0,0,0,0,0,0,0,0,0,0,0,2,,,999,999,999,999,999,999,999,999,999,999,999,999,999,3,1,6,1,,,1,998,1
42187,2024,12,4,13,20,00000,,1,1,AP-1,114,2,2,1,4,0,0,1,1,0,0,1,1,2,0,0,0,0,0,0,0,0,0,0,0,0,0,0,0,0,0,0,0,0,0,0,0,2,,,999,999,999,999,999,999,999,999,999,999,999,999,999,4,1,4,2,,,17,998,1
42188,2024,12,4,17,20,20045,,1,1,GI-3455,2,3,3,6,10,0,0,1,1,0,0,1,1,1,0,0,0,0,0,0,0,0,0,0,0,0,0,0,0,0,0,0,0,0,0,0,0,2,,,999,999,999,999,999,999,999,999,999,999,999,999,999,1,3,2,3,,,5,998,1
42189,2024,12,7,0,20,00000,,1,1,N-634,13,1,5,14,19,0,0,3,3,0,0,3,3,1,0,0,0,0,0,0,0,0,0,0,0,0,0,0,0,0,0,0,0,0,0,0,0,2,,,999,999,999,999,999,999,999,999,999,999,999,999,999,1,1,6,2,,1,1,998,1
42190,2024,12,6,11,20,00000,,1,1,N-634,21,2,5,14,12,0,0,1,1,0,0,1,1,1,0,0,0,0,0,0,0,0,0,0,0,0,0,0,0,0,0,0,0,0,0,0,0,2,,,999,999,999,999,999,999,999,999,999,999,999,999,999,2,1,1,1,,,1,998,1
42191,2024,12,7,13,20,20017,,1,1,GI-631,17,1,3,14,20,0,0,1,1,0,0,1,1,1,0,0,0,0,0,0,0,0,0,0,0,0,0,0,0,0,0,0,0,0,0,0,0,1,999,,0,0,0,0,0,0,0,0,0,0,0,0,1,2,8,1,1,,,1,998,1
42192,2024,12,3,12,20,20069,,1,1,GI-2132,1,1,3,14,2,0,0,1,1,0,0,1,1,3,0,0,0,0,0,0,0,0,0,0,0,0,0,0,0,0,0,0,0,0,0,0,0,1,4,,1,0,0,0,0,0,0,0,0,0,0,0,0,2,1,1,1,,,1,998,2
42193,2024,12,6,21,20,00000,,1,1,N-634,20,2,5,14,16,0,0,1,1,0,0,1,1,1,0,0,0,0,0,0,0,0,0,0,0,0,0,0,0,0,0,0,0,0,0,0,0,2,,,999,999,999,999,999,999,999,999,999,999,999,999,999,2,3,6,2,,,1,998,2
42194,2024,9,4,14,20,20029,,1,1,N-634,49,2,5,14,16,0,0,1,1,0,0,1,1,1,0,0,0,0,0,0,0,0,0,0,0,0,0,0,0,0,0,0,0,0,0,0,0,2,,,999,999,999,999,999,999,999,999,999,999,999,999,999,2,3,1,3,,,1,998,2
42195,2024,12,7,14,20,20069,,1,1,GI-20,9,1,3,5,1,0,0,1,1,0,0,1,1,2,0,0,0,0,0,0,0,0,0,0,0,0,0,0,0,0,0,0,0,0,0,0,0,1,2,,1,0,0,0,0,0,0,0,0,0,0,0,0,2,1,1,1,,,1,998,1
42196,2024,12,2,14,20,20030,,1,1,N-634,60,1,5,6,3,0,0,1,1,0,0,1,1,2,0,0,0,0,0,0,0,0,0,0,0,0,0,0,0,0,0,0,0,0,0,0,0,1,4,,0,0,0,0,1,0,1,0,0,0,0,0,0,1,1,1,1,,,6,998,3
42197,2024,12,1,18,20,20045,,1,1,GI-636,13,1,3,6,4,0,0,3,3,0,0,3,3,4,0,0,0,0,0,0,0,0,0,0,0,0,0,0,0,0,0,0,0,0,0,0,0,2,,,999,999,999,999,999,999,999,999,999,999,999,999,999,3,1,4,1,,,1,998,1
42198,2024,10,3,12,20,20074,,1,1,GI-627,47,3,3,6,2,0,0,2,2,0,0,2,2,2,0,0,0,0,0,0,0,0,0,0,0,0,0,0,0,0,0,0,0,0,0,0,0,2,,,999,999,999,999,999,999,999,999,999,999,999,999,999,2,1,1,1,,,1,998,1
42199,2024,12,2,8,20,20074,,1,1,AP-1,138,2,2,1,12,0,0,2,2,0,0,2,2,1,0,0,0,0,0,0,0,0,0,0,0,0,0,0,0,0,0,0,0,0,0,0,0,2,,,999,999,999,999,999,999,999,999,999,999,999,999,999,2,3,1,3,,,1,998,1
42200,2024,11,6,1,20,20032,,1,1,N-634,57,2,5,6,2,0,0,2,2,0,0,2,2,2,0,0,0,0,0,0,0,0,0,0,0,0,0,0,0,0,0,0,0,0,0,0,0,1,4,,0,0,0,0,1,0,1,0,0,0,0,0,0,1,1,4,1,,,1,998,1
42201,2024,12,5,19,20,20051,,1,1,GI-2630,1,2,3,14,12,0,0,1,1,0,0,1,1,1,0,0,0,0,0,0,0,0,0,0,0,0,0,0,0,0,0,0,0,0,0,0,0,2,,,999,999,999,999,999,999,999,999,999,999,999,999,999,2,3,6,2,,,1,998,1
42202,2024,12,3,18,20,20029,,1,1,AP-8,53,2,2,1,3,0,1,3,4,0,1,3,4,3,0,0,0,0,0,0,0,0,0,0,0,0,0,0,0,0,0,0,0,0,0,0,0,2,,,999,999,999,999,999,999,999,999,999,999,999,999,999,1,1,6,1,,,1,998,1
42203,2024,1,1,11,20,20069,,3,2,No inventariada,0,2,4,14,7,0,0,1,1,0,0,1,1,1,0,0,0,0,0,0,0,0,0,0,0,0,0,0,0,0,0,0,0,0,0,0,0,2,,,0,0,0,0,0,0,0,1,1,0,0,0,0,6,1,1,1,,,1,4,998
42204,2024,2,3,7,20,20069,,3,2,No inventariada,0,1,4,9,7,0,0,1,1,0,0,1,1,1,0,0,0,0,0,0,0,0,0,0,0,0,0,0,0,0,0,0,0,0,0,0,0,2,,,0,0,1,0,0,0,0,0,1,0,0,0,0,6,1,4,1,,,1,4,998
42205,2024,6,5,23,20,20045,,1,1,GI-636,15,1,3,6,7,0,1,0,1,0,1,0,1,1,0,0,0,0,0,0,0,0,0,0,0,0,0,0,0,0,0,0,0,0,0,0,0,2,,,999,999,999,999,999,999,999,999,999,999,999,999,999,1,1,4,2,,,1,1,1
42206,2024,12,1,20,20,20030,,1,1,N-634,63,1,5,6,12,0,0,1,1,0,0,1,1,1,0,0,0,0,0,0,0,0,0,0,0,0,0,0,0,0,0,0,0,0,0,0,0,1,2,,0,0,0,0,0,1,0,0,0,0,0,0,0,2,3,4,3,,,1,998,2
42207,2024,12,5,3,20,20032,,1,1,GI-2634,34,1,3,14,16,0,0,1,1,0,0,1,1,1,0,0,0,0,0,0,0,0,0,0,0,0,0,0,0,0,0,0,0,0,0,0,0,2,,,999,999,999,999,999,999,999,999,999,999,999,999,999,1,3,5,3,,,17,998,1
42208,2024,2,1,17,20,20069,,3,2,No inventariada,0,4,4,9,7,0,0,1,1,0,0,1,1,1,0,0,0,0,0,0,0,0,0,0,0,0,0,0,0,0,0,0,0,0,0,0,0,2,,,0,0,0,0,0,0,0,0,0,0,0,0,1,6,9,1,1,,,1,4,998
42209,2024,1,6,14,20,20069,,3,2,No inventariada,0,4,4,9,7,0,0,1,1,0,0,1,1,1,0,0,0,0,0,0,0,0,0,0,0,0,0,0,0,0,0,0,0,0,0,0,0,2,,,0,0,1,0,0,0,0,0,1,0,0,0,0,6,9,1,1,,,1,4,998
42210,2024,2,4,9,20,20069,,3,2,No inventariada,0,3,4,9,1,0,1,0,1,0,1,0,1,2,0,0,0,0,0,0,0,0,0,0,0,0,0,0,0,0,0,0,0,0,0,0,0,2,,,0,0,0,0,0,0,0,0,0,0,1,0,0,6,3,1,2,,,18,998,998
42211,2024,2,7,11,20,20069,,3,2,No inventariada,0,3,4,14,8,0,1,0,1,0,1,0,1,1,0,0,0,0,0,0,0,0,0,0,0,0,0,0,0,0,0,0,0,0,0,0,0,2,,,0,0,0,0,0,0,0,0,0,0,1,0,0,6,1,1,1,,,3,998,998
42212,2024,3,4,19,20,20069,,3,2,No inventariada,0,4,4,9,4,0,1,1,2,0,1,1,2,2,0,0,0,0,0,0,0,0,0,0,0,0,0,0,0,0,0,0,0,0,0,0,0,2,,,0,0,1,0,0,0,0,0,0,0,0,0,0,6,1,4,1,,,1,998,998
42213,2024,3,1,20,20,20069,,3,2,No inventariada,0,4,4,9,10,0,1,0,1,0,1,0,1,1,0,0,0,0,0,0,0,0,0,0,0,0,0,0,0,0,0,0,0,0,0,0,0,2,,,0,0,1,0,0,0,0,0,0,0,0,0,0,6,3,1,2,,,1,998,998
42214,2024,4,5,9,20,20069,,3,2,No inventariada,0,4,4,9,2,0,0,1,1,0,0,1,1,2,0,0,0,0,0,0,0,0,0,0,0,0,0,0,0,0,0,0,0,0,0,0,0,2,,,0,0,1,0,0,0,0,1,0,0,0,0,0,6,9,1,1,,,1,998,998
42215,2024,4,6,9,20,20069,,3,2,No inventariada,0,4,4,12,7,0,0,2,2,0,0,2,2,1,0,0,0,0,0,0,0,0,0,0,0,0,0,0,0,0,0,0,0,0,0,0,0,2,,,0,0,0,0,0,0,0,0,0,0,1,0,0,6,3,1,3,,,1,3,998
42216,2024,6,3,18,20,20069,,3,2,No inventariada,0,3,4,14,1,0,0,1,1,0,0,1,1,2,0,0,0,0,0,0,0,0,0,0,0,0,0,0,0,0,0,0,0,0,0,0,0,2,,,1,0,0,0,0,0,0,0,0,0,0,0,0,6,1,1,1,,,1,998,998
42217,2024,5,2,11,20,20069,,3,2,No inventariada,0,4,4,9,2,0,0,1,1,0,0,1,1,2,0,0,0,0,0,0,0,0,0,0,0,0,0,0,0,0,0,0,0,0,0,0,0,2,,,0,0,0,0,0,0,0,1,0,0,0,0,0,6,1,1,1,,,1,998,998
42218,2024,6,2,18,20,20069,,3,2,No inventariada,0,4,4,9,3,0,0,1,1,0,0,1,1,2,0,0,0,0,0,0,0,0,0,0,0,0,0,0,0,0,0,0,0,0,0,0,0,2,,,0,0,0,0,0,0,0,1,0,0,0,0,0,6,1,1,1,,,1,998,998
42219,2024,6,3,21,20,20069,,3,2,No inventariada,0,3,4,9,1,0,1,1,2,0,1,1,2,2,0,0,0,0,0,0,0,0,0,0,0,0,0,0,0,0,0,0,0,0,0,0,0,2,,,0,0,0,0,0,0,0,1,0,0,0,0,0,6,1,1,1,,,1,998,998
42220,2024,6,4,13,20,20069,,3,2,No inventariada,0,4,4,9,2,0,1,0,1,0,1,0,1,2,0,0,0,0,0,0,0,0,0,0,0,0,0,0,0,0,0,0,0,0,0,0,0,2,,,1,0,0,0,0,0,0,0,0,0,0,0,0,6,1,1,1,,,1,998,998
42221,2024,7,1,10,20,20069,,3,2,No inventariada,0,3,4,9,7,0,0,1,1,0,0,1,1,1,0,0,0,0,0,0,0,0,0,0,0,0,0,0,0,0,0,0,0,0,0,0,0,2,,,1,0,0,0,0,0,0,0,0,0,0,0,0,6,1,1,1,,,1,1,998
42222,2024,7,5,15,20,20069,,3,2,No inventariada,0,4,4,14,4,0,1,0,1,0,1,0,1,2,0,0,0,0,0,0,0,0,0,0,0,0,0,0,0,0,0,0,0,0,0,0,0,2,,,0,0,0,0,0,0,0,1,0,0,0,0,0,6,1,6,1,,,1,998,998
42223,2024,7,1,16,20,20069,,3,2,No inventariada,0,3,4,9,2,0,1,0,1,0,1,0,1,2,0,0,0,0,0,0,0,0,0,0,0,0,0,0,0,0,0,0,0,0,0,0,0,2,,,0,0,0,0,0,0,0,0,0,0,1,0,0,6,9,1,1,,,12,998,998
42224,2024,7,2,15,20,20069,,3,2,No inventariada,0,4,4,14,2,0,0,1,1,0,0,1,1,2,0,0,0,0,0,0,0,0,0,0,0,0,0,0,0,0,0,0,0,0,0,0,0,2,,,0,0,0,0,0,0,0,1,0,0,0,0,0,6,1,1,1,,,1,998,998
42225,2024,7,7,13,20,20069,,3,2,No inventariada,0,4,4,9,7,0,0,2,2,0,0,2,2,4,0,0,0,0,0,0,0,0,0,0,0,0,0,0,0,0,0,0,0,0,0,0,0,2,,,1,0,0,0,0,0,0,0,0,0,0,0,0,6,1,1,1,,,1,4,998
42226,2024,7,3,18,20,20069,,3,2,No inventariada,0,4,4,9,1,0,0,1,1,0,0,1,1,2,0,0,0,0,0,0,0,0,0,0,0,0,0,0,0,0,0,0,0,0,0,0,0,2,,,0,0,0,0,0,0,0,0,0,0,0,0,1,6,1,1,1,,,1,998,998
42227,2024,8,7,17,20,20069,,3,2,No inventariada,0,4,4,9,9,0,1,0,1,0,1,0,1,2,0,0,0,0,0,0,0,0,0,0,0,0,0,0,0,0,0,0,0,0,0,0,0,2,,,0,0,1,0,0,0,0,0,0,0,0,0,0,6,1,1,1,,,1,998,998
42228,2024,9,6,20,20,20069,,3,2,No inventariada,0,4,4,9,20,0,1,0,1,0,1,0,1,2,0,0,0,0,0,0,0,0,0,0,0,0,0,0,0,0,0,0,0,0,0,0,0,2,,,0,0,0,0,0,0,0,1,0,0,0,0,0,6,3,4,3,,,1,998,998
42229,2024,8,4,19,20,20069,,3,2,No inventariada,0,4,4,9,1,0,1,1,2,0,1,1,2,2,0,0,0,0,0,0,0,0,0,0,0,0,0,0,0,0,0,0,0,0,0,0,0,2,,,0,0,0,0,0,0,0,1,0,0,0,0,0,6,1,6,1,,,1,998,998
42230,2024,9,3,16,20,20069,,3,2,No inventariada,0,2,4,9,2,0,1,0,1,0,1,0,1,2,0,0,0,0,0,0,0,0,0,0,0,0,0,0,0,0,0,0,0,0,0,0,0,2,,,0,0,0,0,0,0,0,1,0,0,0,0,0,6,1,1,1,,,1,998,998
42231,2024,10,1,7,20,20069,,3,2,No inventariada,0,4,4,9,3,0,0,1,1,0,0,1,1,3,0,0,0,0,0,0,0,0,0,0,0,0,0,0,0,0,0,0,0,0,0,0,0,2,,,0,0,0,0,0,0,0,1,0,0,0,0,0,6,3,2,4,,,1,998,998
42232,2024,10,4,11,20,20069,,3,2,No inventariada,0,2,4,9,7,0,0,2,2,0,0,2,2,1,0,0,0,0,0,0,0,0,0,0,0,0,0,0,0,0,0,0,0,0,0,0,0,2,,,0,0,0,0,0,0,0,0,1,0,0,0,0,6,3,1,2,,,2,4,998
42233,2024,9,3,14,20,20069,,3,2,No inventariada,0,4,4,9,2,0,1,0,1,0,1,0,1,2,0,0,0,0,0,0,0,0,0,0,0,0,0,0,0,0,0,0,0,0,0,0,0,2,,,1,0,0,0,0,0,0,0,0,0,0,0,0,6,1,1,7,,,11,998,998
42234,2024,11,2,20,20,20069,,3,2,No inventariada,0,4,4,9,1,0,1,0,1,0,1,0,1,2,0,0,0,0,0,0,0,0,0,0,0,0,0,0,0,0,0,0,0,0,0,0,0,2,,,0,0,0,0,0,0,0,1,0,0,0,0,0,6,9,4,1,,,1,998,998
42235,2024,10,4,18,20,20069,,3,2,No inventariada,0,4,4,9,7,0,1,0,1,0,1,0,1,1,0,0,0,0,0,0,0,0,0,0,0,0,0,0,0,0,0,0,0,0,0,0,0,2,,,0,0,0,0,0,0,0,0,1,0,0,0,0,6,3,4,3,,,1,4,998
42236,2024,12,3,12,20,20069,,3,2,No inventariada,0,4,4,9,4,0,0,1,1,0,0,1,1,2,0,0,0,0,0,0,0,0,0,0,0,0,0,0,0,0,0,0,0,0,0,0,0,2,,,0,0,1,0,0,0,0,1,0,0,0,0,0,6,1,1,1,,,1,998,998
42237,2024,12,3,16,20,20069,,3,2,No inventariada,0,4,4,9,1,0,1,0,1,0,1,0,1,2,0,0,0,0,0,0,0,0,0,0,0,0,0,0,0,0,0,0,0,0,0,0,0,2,,,0,0,1,0,0,0,0,0,0,0,0,0,0,6,1,1,1,,,1,998,998
42238,2024,12,6,23,20,20069,,3,2,No inventariada,0,4,4,9,2,0,0,1,1,0,0,1,1,2,0,0,0,0,0,0,0,0,0,0,0,0,0,0,0,0,0,0,0,0,0,0,0,2,,,0,0,1,0,0,0,0,0,0,0,0,0,0,6,3,4,3,,,1,998,998
42239,2024,12,7,13,20,20069,,3,2,No inventariada,0,4,4,9,2,0,0,1,1,0,0,1,1,2,0,0,0,0,0,0,0,0,0,0,0,0,0,0,0,0,0,0,0,0,0,0,0,2,,,0,0,1,0,0,0,0,0,0,0,0,0,0,6,3,1,3,,,1,998,998
42240,2024,12,3,9,20,20061,,1,1,N-634,11,1,5,14,10,0,0,1,1,0,0,1,1,1,0,0,0,0,0,0,0,0,0,0,0,0,0,0,0,0,0,0,0,0,0,0,0,2,,,999,999,999,999,999,999,999,999,999,999,999,999,999,1,1,1,1,,,1,998,4
42241,2024,12,4,15,20,20045,,1,1,AP-8,0,1,2,8,2,0,0,1,1,0,0,1,1,2,0,0,0,0,0,0,0,0,0,0,0,0,0,0,0,0,0,0,0,0,0,0,0,1,999,,1,0,0,0,0,0,0,0,0,0,0,0,0,1,3,1,2,,,1,998,1
42242,2024,11,3,0,20,20040,,1,1,AP-8,22,2,2,7,20,0,0,2,2,0,0,2,2,2,0,0,0,0,0,0,0,0,0,0,0,0,0,0,0,0,0,0,0,0,0,0,0,2,,,999,999,999,999,999,999,999,999,999,999,999,999,999,1,1,4,1,,,1,998,1