ID_ACCIDENTE,ANYO,MES,DIA_SEMANA,HORA,COD_PROVINCIA,COD_MUNICIPIO,ISLA,ZONA,ZONA_AGRUPADA,CARRETERA,KM,SENTIDO_1F,TITULARIDAD_VIA,TIPO_VIA,TIPO_ACCIDENTE,TOTAL_MU24H,TOTAL_HG24H,TOTAL_HL24H,TOTAL_VICTIMAS_24H,TOTAL_MU30DF,TOTAL_HG30DF,TOTAL_HL30DF,TOTAL_VICTIMAS_30DF,TOTAL_VEHICULOS,TOT_PEAT_MU24H,TOT_BICI_MU24H,TOT_CICLO_MU24H,TOT_MOTO_MU24H,TOT_TUR_MU24H,TOT_FURG_MU24H,TOT_CAM_MENOS3500_MU24H,TOT_CAM_MAS3500_MU24H,TOT_BUS_MU24H,TOT_OTRO_MU24H,TOT_SINESPECIF_MU24H,TOT_PEAT_MU30DF,TOT_BICI_MU30DF,TOT_CICLO_MU30DF,TOT_MOTO_MU30DF,TOT_TUR_MU30DF,TOT_FURG_MU30DF,TOT_CAM_MENOS3500_MU30DF,TOT_CAM_MAS3500_MU30DF,TOT_BUS_MU30DF,TOT_VMP_MU30DF,TOT_OTRO_MU30DF,TOT_SINESPECIF_MU30DF,NUDO,NUDO_INFO,CARRETERA_CRUCE,PRIORI_NORMA,PRIORI_AGENTE,PRIORI_SEMAFORO,PRIORI_VERT_STOP,PRIORI_VERT_CEDA,PRIORI_HORIZ_STOP,PRIORI_HORIZ_CEDA,PRIORI_MARCAS,PRIORI_PEA_NO_ELEV,PRIORI_PEA_ELEV,PRIORI_MARCA_CICLOS,PRIORI_CIRCUNSTANCIAL,PRIORI_OTRA,CONDICION_NIVEL_CIRCULA,CONDICION_FIRME,CONDICION_ILUMINACION,CONDICION_METEO,CONDICION_NIEBLA,CONDICION_VIENTO,VISIB_RESTRINGIDA_POR,ACERA,TRAZADO_PLANTA
56985,2024,10,2,23,28,28079,,3,2,No inventariada,,4,4,9,7,0,0,1,1,0,0,1,1,1,0,0,0,0,0,0,0,0,0,0,0,0,0,0,0,0,0,0,0,0,0,0,0,1,1,,0,0,1,0,0,0,0,0,0,0,0,0,0,6,1,4,1,,,1,4,998
56986,2024,10,3,5,28,28079,,1,1,M-203,3,1,2,6,19,0,0,1,1,0,0,1,1,1,0,0,0,0,0,0,0,0,0,0,0,0,0,0,0,0,0,0,0,0,0,0,0,2,,,999,999,999,999,999,999,999,999,999,999,999,999,999,1,1,4,1,,,1,998,1
56987,2024,10,3,7,28,28079,,1,1,M-40,24.1,1,1,3,4,0,0,1,1,0,0,1,1,2,0,0,0,0,0,0,0,0,0,0,0,0,0,0,0,0,0,0,0,0,0,0,0,2,,,999,999,999,999,999,999,999,999,999,999,999,999,999,3,1,4,1,,,1,998,1
56988,2024,10,3,8,28,28079,,3,2,No inventariada,,4,4,9,7,0,0,1,1,0,0,1,1,1,0,0,0,0,0,0,0,0,0,0,0,0,0,0,0,0,0,0,0,0,0,0,0,2,,,0,0,0,0,0,0,0,0,0,1,0,0,0,1,1,1,1,,,1,4,998
56989,2024,10,3,10,28,28079,,3,2,No inventariada,,4,4,9,2,0,0,1,1,0,0,1,1,2,0,0,0,0,0,0,0,0,0,0,0,0,0,0,0,0,0,0,0,0,0,0,0,1,1,,0,0,1,0,0,0,0,0,0,0,0,0,0,1,1,1,1,,,1,998,998
56990,2024,10,3,9,28,28079,,3,2,No inventariada,,4,4,9,2,0,0,1,1,0,0,1,1,2,0,0,0,0,0,0,0,0,0,0,0,0,0,0,0,0,0,0,0,0,0,0,0,2,,,1,0,0,0,0,0,0,0,0,0,0,0,0,1,1,1,1,,,1,998,998
56991,2024,10,3,9,28,28079,,3,2,No inventariada,,4,4,9,4,0,0,1,1,0,0,1,1,2,0,0,0,0,0,0,0,0,0,0,0,0,0,0,0,0,0,0,0,0,0,0,0,1,1,,0,0,0,0,0,0,0,0,1,0,0,0,0,1,1,1,1,,,1,998,998
56992,2024,10,3,9,28,28079,,3,2,No inventariada,,4,4,9,2,0,0,1,1,0,0,1,1,2,0,0,0,0,0,0,0,0,0,0,0,0,0,0,0,0,0,0,0,0,0,0,0,1,1,,0,0,1,0,0,0,0,0,0,0,0,0,0,1,1,1,1,,,1,998,998
56993,2024,10,3,10,28,28079,,3,2,No inventariada,,4,4,9,2,0,0,1,1,0,0,1,1,2,0,0,0,0,0,0,0,0,0,0,0,0,0,0,0,0,0,0,0,0,0,0,0,1,2,,0,0,0,0,1,0,0,0,0,0,0,0,0,1,1,1,1,,,1,998,998
56994,2024,10,2,19,28,28079,,3,2,No inventariada,,4,4,9,4,0,0,2,2,0,0,2,2,2,0,0,0,0,0,0,0,0,0,0,0,0,0,0,0,0,0,0,0,0,0,0,0,1,1,,1,0,0,0,0,0,0,0,0,0,0,0,0,2,1,1,1,,,1,998,998
56995,2024,10,3,14,28,28079,,1,1,A-6,8.7,1,1,2,4,0,1,2,3,0,1,2,3,2,0,0,0,0,0,0,0,0,0,0,0,0,0,0,0,0,0,0,0,0,0,0,0,2,,,999,999,999,999,999,999,999,999,999,999,999,999,999,3,1,1,1,,,1,998,1
56996,2024,10,3,14,28,28079,,3,2,No inventariada,,4,4,9,10,0,0,1,1,0,0,1,1,1,0,0,0,0,0,0,0,0,0,0,0,0,0,0,0,0,0,0,0,0,0,0,0,2,,,1,0,0,0,0,0,0,0,0,0,0,0,0,1,1,1,2,,,1,998,998
56997,2024,10,3,18,28,28079,,3,2,No inventariada,,4,4,9,7,0,0,1,1,0,0,1,1,1,0,0,0,0,0,0,0,0,0,0,0,0,0,0,0,0,0,0,0,0,0,0,0,2,,,0,0,1,0,0,0,0,0,0,0,0,0,0,1,1,1,1,,,1,4,998
56998,2024,10,2,20,28,28079,,3,2,No inventariada,,4,1,9,4,0,0,1,1,0,0,1,1,2,0,0,0,0,0,0,0,0,0,0,0,0,0,0,0,0,0,0,0,0,0,0,0,2,,,1,0,0,0,0,0,0,0,0,0,0,0,0,6,1,4,1,,,1,998,998
56999,2024,10,4,18,28,28079,,3,2,No inventariada,,4,4,9,7,0,0,1,1,0,0,1,1,1,0,0,0,0,0,0,0,0,0,0,0,0,0,0,0,0,0,0,0,0,0,0,0,2,,,0,0,1,0,0,0,0,0,0,0,0,0,0,2,1,1,1,,,1,4,998
57000,2024,10,3,16,28,28079,,3,2,No inventariada,,4,4,9,4,0,1,0,1,0,1,0,1,2,0,0,0,0,0,0,0,0,0,0,0,0,0,0,0,0,0,0,0,0,0,0,0,2,,,1,0,0,0,0,0,0,0,0,0,0,0,0,3,1,1,1,,,1,998,998
57001,2024,10,3,15,28,28079,,3,2,No inventariada,,4,4,9,4,0,1,3,4,0,1,3,4,2,0,0,0,0,0,0,0,0,0,0,0,0,0,0,0,0,0,0,0,0,0,0,0,2,,,1,0,0,0,0,0,0,0,0,0,0,0,0,1,1,1,1,,,1,998,998
57002,2024,10,3,18,28,28079,,3,2,No inventariada,,4,4,9,4,0,0,1,1,0,0,1,1,2,0,0,0,0,0,0,0,0,0,0,0,0,0,0,0,0,0,0,0,0,0,0,0,1,4,,0,0,1,0,0,0,0,0,0,0,0,0,0,1,1,1,1,,,1,998,998
57003,2024,10,3,17,28,28079,,3,2,No inventariada,,4,4,9,10,0,0,1,1,0,0,1,1,3,0,0,0,0,0,0,0,0,0,0,0,0,0,0,0,0,0,0,0,0,0,0,0,2,,,999,999,999,999,999,999,999,999,999,999,999,999,999,6,9,1,1,,,1,998,998
57004,2024,10,3,19,28,28079,,3,2,No inventariada,,4,4,9,7,0,0,2,2,0,0,2,2,1,0,0,0,0,0,0,0,0,0,0,0,0,0,0,0,0,0,0,0,0,0,0,0,1,1,,0,0,1,0,0,0,0,0,0,0,0,0,0,1,1,1,1,,,1,4,998
57005,2024,10,3,19,28,28079,,3,2,No inventariada,,4,2,9,4,0,0,1,1,0,0,1,1,2,0,0,0,0,0,0,0,0,0,0,0,0,0,0,0,0,0,0,0,0,0,0,0,2,,,999,999,999,999,999,999,999,999,999,999,999,999,999,1,1,3,1,,,1,998,998
57006,2024,10,3,17,28,28079,,3,2,No inventariada,,4,4,9,2,0,0,1,1,0,0,1,1,2,0,0,0,0,0,0,0,0,0,0,0,0,0,0,0,0,0,0,0,0,0,0,0,1,2,,0,0,0,0,1,0,0,0,0,0,0,0,0,1,1,1,1,,,2,998,998
57007,2024,10,3,22,28,28079,,3,2,No inventariada,,4,4,9,2,0,0,1,1,0,0,1,1,2,0,0,0,0,0,0,0,0,0,0,0,0,0,0,0,0,0,0,0,0,0,0,0,2,,,1,0,0,0,0,0,0,0,0,0,0,0,0,1,1,4,1,,,1,998,998
57008,2024,10,3,6,28,28079,,3,2,No inventariada,,4,4,9,12,0,0,2,2,0,0,2,2,2,0,0,0,0,0,0,0,0,0,0,0,0,0,0,0,0,0,0,0,0,0,0,0,2,,,0,0,0,0,1,0,0,0,0,0,0,0,0,1,1,4,1,,,1,998,998
57009,2024,10,3,22,28,28079,,3,2,No inventariada,,4,4,9,2,0,1,0,1,0,1,0,1,2,0,0,0,0,0,0,0,0,0,0,0,0,0,0,0,0,0,0,0,0,0,0,0,1,1,,0,0,0,0,0,0,0,1,0,0,0,0,0,1,1,4,1,,,1,998,998
57010,2024,10,3,22,28,28079,,3,2,No inventariada,,4,4,9,10,0,0,1,1,0,0,1,1,2,0,0,0,0,0,0,0,0,0,0,0,0,0,0,0,0,0,0,0,0,0,0,0,2,,,0,0,0,0,0,0,0,0,0,0,0,0,1,1,1,4,1,,,1,998,998
57011,2024,10,5,10,28,28079,,3,2,No inventariada,,4,4,9,7,0,0,1,1,0,0,1,1,1,0,0,0,0,0,0,0,0,0,0,0,0,0,0,0,0,0,0,0,0,0,0,0,1,2,,0,0,0,0,0,0,0,0,1,0,0,0,0,6,1,1,1,,,1,4,998
57012,2024,10,3,8,28,28079,,3,2,No inventariada,,4,4,9,16,0,0,2,2,0,0,2,2,2,0,0,0,0,0,0,0,0,0,0,0,0,0,0,0,0,0,0,0,0,0,0,0,1,1,,0,0,0,0,0,0,0,1,0,0,0,0,0,1,1,4,1,,,7,998,998
57013,2024,10,3,18,28,28079,,3,2,No inventariada,,4,4,9,3,0,0,1,1,0,0,1,1,2,0,0,0,0,0,0,0,0,0,0,0,0,0,0,0,0,0,0,0,0,0,0,0,1,2,,0,0,0,0,0,0,0,0,1,0,0,0,0,1,1,1,1,,,1,998,998
57014,2024,10,4,14,28,28079,,3,2,No inventariada,,4,4,9,7,0,0,1,1,0,0,1,1,1,0,0,0,0,0,0,0,0,0,0,0,0,0,0,0,0,0,0,0,0,0,0,0,1,2,,0,0,0,0,0,0,0,0,1,0,0,0,0,6,1,1,1,,,1,4,998
57015,2024,10,4,14,28,28079,,3,2,No inventariada,,4,4,9,4,0,0,1,1,0,0,1,1,2,0,0,0,0,0,0,0,0,0,0,0,0,0,0,0,0,0,0,0,0,0,0,0,2,,,999,999,999,999,999,999,999,999,999,999,999,999,999,6,1,1,1,,,1,998,998
57016,2024,10,3,21,28,28079,,3,2,No inventariada,,4,4,9,2,0,0,1,1,0,0,1,1,2,0,0,0,0,0,0,0,0,0,0,0,0,0,0,0,0,0,0,0,0,0,0,0,1,1,,1,0,0,0,0,0,0,0,0,0,0,0,0,2,1,4,1,,,1,998,998
57017,2024,10,4,15,28,28079,,3,2,No inventariada,,4,4,9,3,0,0,1,1,0,0,1,1,2,0,0,0,0,0,0,0,0,0,0,0,0,0,0,0,0,0,0,0,0,0,0,0,1,12,,1,0,0,0,0,0,0,1,0,0,0,0,0,1,1,1,1,,,1,998,998
57018,2024,10,4,14,28,28079,,3,2,No inventariada,,4,4,9,4,0,0,1,1,0,0,1,1,3,0,0,0,0,0,0,0,0,0,0,0,0,0,0,0,0,0,0,0,0,0,0,0,2,,,1,0,0,0,0,0,0,1,0,0,0,0,0,2,1,1,1,,,1,998,998
57019,2024,10,3,21,28,28079,,3,2,No inventariada,,4,4,9,3,0,0,1,1,0,0,1,1,2,0,0,0,0,0,0,0,0,0,0,0,0,0,0,0,0,0,0,0,0,0,0,0,1,4,,0,0,1,0,0,0,0,0,0,0,0,0,0,1,1,4,1,,,1,998,998
57020,2024,10,4,16,28,28079,,3,2,No inventariada,,4,4,9,2,0,0,1,1,0,0,1,1,2,0,0,0,0,0,0,0,0,0,0,0,0,0,0,0,0,0,0,0,0,0,0,0,1,5,,0,0,1,0,0,0,0,0,0,0,0,0,0,2,1,1,1,,,1,998,998
57021,2024,10,4,16,28,28079,,3,2,No inventariada,,4,4,9,10,0,0,1,1,0,0,1,1,2,0,0,0,0,0,0,0,0,0,0,0,0,0,0,0,0,0,0,0,0,0,0,0,2,,,0,0,0,0,0,0,0,0,0,0,0,0,1,1,1,1,1,,,1,998,998
57022,2024,10,2,20,28,28079,,3,2,No inventariada,,4,4,9,16,0,0,1,1,0,0,1,1,2,0,0,0,0,0,0,0,0,0,0,0,0,0,0,0,0,0,0,0,0,0,0,0,1,4,,1,0,0,0,0,0,0,0,0,0,0,0,0,2,1,4,1,,,1,998,998
57023,2024,10,4,17,28,28079,,3,2,No inventariada,,4,4,9,2,0,0,2,2,0,0,2,2,2,0,0,0,0,0,0,0,0,0,0,0,0,0,0,0,0,0,0,0,0,0,0,0,1,2,,0,0,0,0,1,0,1,0,0,0,0,0,0,1,1,1,1,,1,1,998,998
57024,2024,10,4,15,28,28079,,3,2,No inventariada,,4,4,9,3,0,0,1,1,0,0,1,1,2,0,0,0,0,0,0,0,0,0,0,0,0,0,0,0,0,0,0,0,0,0,0,0,2,,,999,999,999,999,999,999,999,999,999,999,999,999,999,6,1,1,1,,,1,998,998
57025,2024,10,4,17,28,28079,,3,2,No inventariada,,4,4,9,4,0,0,1,1,0,0,1,1,2,0,0,0,0,0,0,0,0,0,0,0,0,0,0,0,0,0,0,0,0,0,0,0,2,,,0,0,0,0,0,0,0,1,0,0,0,0,0,2,1,1,1,,,1,998,998
57026,2024,10,4,16,28,28079,,3,2,No inventariada,,4,4,9,10,0,0,1,1,0,0,1,1,1,0,0,0,0,0,0,0,0,0,0,0,0,0,0,0,0,0,0,0,0,0,0,0,2,,,0,0,0,0,0,0,0,1,0,0,0,0,0,2,1,1,1,,,1,998,998
57027,2024,10,3,16,28,28079,,3,2,No inventariada,,4,4,9,12,0,0,1,1,0,0,1,1,2,0,0,0,0,0,0,0,0,0,0,0,0,0,0,0,0,0,0,0,0,0,0,0,1,5,,0,0,1,0,0,0,0,0,0,0,0,0,0,1,1,1,1,,,1,998,998
57028,2024,10,3,20,28,28079,,3,2,No inventariada,,4,4,9,7,0,0,1,1,0,0,1,1,1,0,0,0,0,0,0,0,0,0,0,0,0,0,0,0,0,0,0,0,0,0,0,0,2,,,0,0,0,0,0,0,0,0,1,0,0,0,0,1,1,4,1,,,1,4,998
57029,2024,10,4,19,28,28079,,3,2,No inventariada,,4,4,9,15,0,0,1,1,0,0,1,1,1,0,0,0,0,0,0,0,0,0,0,0,0,0,0,0,0,0,0,0,0,0,0,0,2,,,1,0,0,0,0,0,0,0,0,0,0,0,0,1,1,1,1,,,1,998,998
57030,2024,10,4,18,28,28079,,3,2,No inventariada,,4,4,9,7,0,0,1,1,0,0,1,1,1,0,0,0,0,0,0,0,0,0,0,0,0,0,0,0,0,0,0,0,0,0,0,0,2,,,0,0,0,0,0,0,0,0,0,0,0,0,1,1,1,1,1,,,18,4,998
57031,2024,10,2,19,28,28079,,3,2,No inventariada,,4,4,9,2,0,0,2,2,0,0,2,2,2,0,0,0,0,0,0,0,0,0,0,0,0,0,0,0,0,0,0,0,0,0,0,0,1,1,,0,0,0,1,0,0,0,0,0,0,0,0,0,1,1,1,1,,,2,998,998
57032,2024,10,4,21,28,28079,,1,1,A-3,8.7,1,1,3,10,0,0,1,1,0,0,1,1,1,0,0,0,0,0,0,0,0,0,0,0,0,0,0,0,0,0,0,0,0,0,0,0,2,,,999,999,999,999,999,999,999,999,999,999,999,999,999,1,1,4,1,,,1,998,1
57033,2024,10,4,20,28,28079,,3,2,No inventariada,,4,4,9,4,0,0,1,1,0,0,1,1,3,0,0,0,0,0,0,0,0,0,0,0,0,0,0,0,0,0,0,0,0,0,0,0,2,,,999,999,999,999,999,999,999,999,999,999,999,999,999,3,1,4,1,,,1,998,998
57034,2024,10,4,20,28,28079,,3,2,No inventariada,,4,4,9,2,0,0,2,2,0,0,2,2,2,0,0,0,0,0,0,0,0,0,0,0,0,0,0,0,0,0,0,0,0,0,0,0,1,1,,0,0,1,0,0,0,0,0,0,0,0,0,1,1,1,4,1,,,1,998,998
57035,2024,10,1,7,28,28079,,3,2,No inventariada,,4,4,9,1,0,0,1,1,0,0,1,1,2,0,0,0,0,0,0,0,0,0,0,0,0,0,0,0,0,0,0,0,0,0,0,0,1,1,,0,0,1,0,0,0,0,0,0,0,0,0,0,1,1,4,1,,,1,998,998
57036,2024,10,4,12,28,28079,,3,2,No inventariada,,4,4,9,10,0,0,1,1,0,0,1,1,1,0,0,0,0,0,0,0,0,0,0,0,0,0,0,0,0,0,0,0,0,0,0,0,1,2,,0,0,0,0,0,0,1,0,0,0,0,0,0,1,1,1,2,,,1,998,998
57037,2024,9,6,12,28,28079,,3,2,No inventariada,,4,4,9,10,0,0,1,1,0,0,1,1,1,0,0,0,0,0,0,0,0,0,0,0,0,0,0,0,0,0,0,0,0,0,0,0,1,1,,1,0,0,0,0,0,0,0,0,0,0,0,0,1,1,1,1,,,1,998,998
57038,2024,10,3,12,28,28079,,3,2,No inventariada,,4,4,9,15,0,0,1,1,0,0,1,1,1,0,0,0,0,0,0,0,0,0,0,0,0,0,0,0,0,0,0,0,0,0,0,0,2,,,0,0,0,0,1,0,0,0,0,0,0,0,0,1,1,1,1,,,1,998,998
57039,2024,10,4,11,28,28079,,3,2,No inventariada,,4,4,9,3,0,0,1,1,0,0,1,1,2,0,0,0,0,0,0,0,0,0,0,0,0,0,0,0,0,0,0,0,0,0,0,0,1,1,,0,0,1,0,0,0,0,0,0,0,0,0,0,6,1,1,2,,,1,998,998
57040,2024,10,3,13,28,28079,,3,2,No inventariada,,4,4,9,10,0,0,1,1,0,0,1,1,1,0,0,0,0,0,0,0,0,0,0,0,0,0,0,0,0,0,0,0,0,0,0,0,2,,,0,0,1,0,0,0,0,0,0,0,0,0,0,1,1,1,1,,,1,998,998
57041,2024,10,5,7,28,28079,,1,1,A-3,7.135,2,1,3,3,0,1,0,1,0,1,0,1,2,0,0,0,0,0,0,0,0,0,0,0,0,0,0,0,0,0,0,0,0,0,0,0,1,2,M-40,1,0,0,0,0,0,0,0,0,0,0,0,0,3,1,4,1,,,1,998,1
57042,2024,10,3,9,28,28079,,3,2,No inventariada,,4,4,9,7,0,0,1,1,0,0,1,1,1,0,0,0,0,0,0,0,0,0,0,0,0,0,0,0,0,0,0,0,0,0,0,0,2,,,1,0,0,0,0,0,0,0,0,0,0,0,0,1,1,1,1,,,1,4,998
57043,2024,10,4,8,28,28079,,3,2,No inventariada,,4,4,9,10,0,0,1,1,0,0,1,1,2,0,0,0,0,0,0,0,0,0,0,0,0,0,0,0,0,0,0,0,0,0,0,0,2,,,0,0,0,0,0,0,0,1,0,0,0,0,0,1,1,3,1,,,1,998,998
57044,2024,10,2,11,28,28079,,3,2,No inventariada,,4,4,9,7,0,0,2,2,0,0,2,2,1,0,0,0,0,0,0,0,0,0,0,0,0,0,0,0,0,0,0,0,0,0,0,0,2,,,1,0,0,0,0,0,0,0,0,0,0,0,0,1,1,1,1,,,1,4,998
57045,2024,10,5,9,28,28079,,3,2,No inventariada,,4,4,9,10,0,0,1,1,0,0,1,1,1,0,0,0,0,0,0,0,0,0,0,0,0,0,0,0,0,0,0,0,0,0,0,0,2,,,1,0,0,0,0,0,0,0,0,0,0,0,0,1,1,1,2,,,1,998,998
57046,2024,10,4,7,28,28079,,3,2,No inventariada,,4,4,9,2,0,0,1,1,0,0,1,1,2,0,0,0,0,0,0,0,0,0,0,0,0,0,0,0,0,0,0,0,0,0,0,0,1,2,,1,0,0,0,0,0,0,0,0,0,0,0,0,1,1,4,1,,,1,998,998
57047,2024,10,5,10,28,28079,,3,2,No inventariada,,4,4,9,12,0,0,1,1,0,0,1,1,1,0,0,0,0,0,0,0,0,0,0,0,0,0,0,0,0,0,0,0,0,0,0,0,2,,,0,0,0,0,0,0,0,0,0,0,0,0,1,1,3,1,3,,,18,4,998
57048,2024,10,5,10,28,28079,,3,2,No inventariada,,4,4,9,2,0,0,1,1,0,0,1,1,2,0,0,0,0,0,0,0,0,0,0,0,0,0,0,0,0,0,0,0,0,0,0,0,1,2,,0,0,1,0,0,0,0,0,0,0,0,0,0,1,3,1,3,,,1,998,998
57049,2024,10,5,9,28,28079,,3,2,No inventariada,,4,4,9,4,0,0,1,1,0,0,1,1,2,0,0,0,0,0,0,0,0,0,0,0,0,0,0,0,0,0,0,0,0,0,0,0,1,1,,1,0,0,0,0,0,0,0,0,0,0,0,0,1,1,1,1,,,1,998,998
57050,2024,10,5,10,28,28079,,3,2,No inventariada,,4,4,9,12,0,0,1,1,0,0,1,1,1,0,0,0,0,0,0,0,0,0,0,0,0,0,0,0,0,0,0,0,0,0,0,0,1,1,,0,0,1,0,0,0,0,0,0,0,0,0,0,1,3,1,3,,,1,4,998
57051,2024,10,5,14,28,28079,,3,2,No inventariada,,4,4,9,2,0,0,1,1,0,0,1,1,2,0,0,0,0,0,0,0,0,0,0,0,0,0,0,0,0,0,0,0,0,0,0,0,1,4,,0,0,0,0,0,0,0,0,0,0,0,0,1,1,3,1,2,,,1,998,998
57052,2024,10,2,21,28,28079,,3,2,No inventariada,,4,4,9,2,0,0,1,1,0,0,1,1,3,0,0,0,0,0,0,0,0,0,0,0,0,0,0,0,0,0,0,0,0,0,0,0,1,2,,1,0,0,0,0,0,0,0,0,0,0,0,0,1,1,4,7,,,18,998,998
57053,2024,10,5,14,28,28079,,3,2,No inventariada,,4,4,9,7,0,0,1,1,0,0,1,1,1,0,0,0,0,0,0,0,0,0,0,0,0,0,0,0,0,0,0,0,0,0,0,0,2,,,1,0,0,0,0,0,0,0,0,0,0,0,0,1,1,1,2,,,18,4,998
57054,2024,10,4,14,28,28079,,3,2,No inventariada,,4,4,9,10,0,0,1,1,0,0,1,1,1,0,0,0,0,0,0,0,0,0,0,0,0,0,0,0,0,0,0,0,0,0,0,0,2,,,1,0,0,0,0,0,0,0,0,0,0,0,0,2,1,1,1,,,1,998,998
57055,2024,10,5,15,28,28079,,3,2,No inventariada,,4,4,9,4,0,0,1,1,0,0,1,1,3,0,0,0,0,0,0,0,0,0,0,0,0,0,0,0,0,0,0,0,0,0,0,0,2,,,1,0,0,0,0,0,0,0,0,0,0,0,0,1,1,1,2,,,1,998,998
57056,2024,10,5,14,28,28079,,3,2,No inventariada,,4,4,9,4,0,0,1,1,0,0,1,1,4,0,0,0,0,0,0,0,0,0,0,0,0,0,0,0,0,0,0,0,0,0,0,0,1,4,,0,0,1,0,0,0,0,0,0,0,0,0,0,6,3,1,2,,,1,998,998
57057,2024,10,5,14,28,28079,,3,2,No inventariada,,4,4,9,2,0,0,2,2,0,0,2,2,2,0,0,0,0,0,0,0,0,0,0,0,0,0,0,0,0,0,0,0,0,0,0,0,1,1,,1,0,0,0,0,0,0,0,0,0,0,0,0,1,1,1,2,,,1,998,998
57058,2024,10,5,16,28,28079,,3,2,No inventariada,,4,4,9,10,0,0,1,1,0,0,1,1,2,0,0,0,0,0,0,0,0,0,0,0,0,0,0,0,0,0,0,0,0,0,0,0,2,,,1,0,0,0,0,0,0,0,0,0,0,0,0,3,3,1,2,,,1,998,998
57059,2024,10,5,14,28,28079,,3,2,No inventariada,,4,4,9,2,0,0,2,2,0,0,2,2,2,0,0,0,0,0,0,0,0,0,0,0,0,0,0,0,0,0,0,0,0,0,0,0,1,1,,0,0,1,0,0,0,0,0,0,0,0,0,0,1,1,1,1,,,1,998,998
57060,2024,10,5,14,28,28079,,3,2,No inventariada,,4,4,9,2,0,0,1,1,0,0,1,1,2,0,0,0,0,0,0,0,0,0,0,0,0,0,0,0,0,0,0,0,0,0,0,0,1,2,,0,0,0,0,1,0,0,0,0,0,0,0,0,6,3,1,3,,,1,998,998
57061,2024,10,5,13,28,28079,,3,2,No inventariada,,4,4,9,15,0,1,1,2,0,1,1,2,2,0,0,0,0,0,0,0,0,0,0,0,0,0,0,0,0,0,0,0,0,0,0,0,1,1,,1,0,0,0,0,0,0,0,0,0,0,0,0,1,1,1,2,,,1,4,998
57062,2024,10,4,21,28,28079,,3,2,No inventariada,,4,4,9,4,0,0,2,2,0,0,2,2,2,0,0,0,0,0,0,0,0,0,0,0,0,0,0,0,0,0,0,0,0,0,0,0,2,,,1,0,0,0,0,0,0,0,0,0,0,0,0,1,1,3,1,,,1,998,998
57063,2024,10,5,20,28,28079,,3,2,No inventariada,,4,4,9,4,0,0,1,1,0,0,1,1,2,0,0,0,0,0,0,0,0,0,0,0,0,0,0,0,0,0,0,0,0,0,0,0,1,2,,0,0,1,0,0,0,0,0,0,0,0,0,0,1,1,3,1,,,1,998,998
57064,2024,10,5,22,28,28079,,3,2,No inventariada,,4,4,9,10,0,0,1,1,0,0,1,1,1,0,0,0,0,0,0,0,0,0,0,0,0,0,0,0,0,0,0,0,0,0,0,0,2,,,1,0,0,0,0,0,0,0,0,0,0,0,0,1,1,4,1,,,1,998,998
57065,2024,10,6,1,28,28079,,3,2,No inventariada,,4,4,9,10,0,0,1,1,0,0,1,1,1,0,0,0,0,0,0,0,0,0,0,0,0,0,0,0,0,0,0,0,0,0,0,0,2,,,999,999,999,999,999,999,999,999,999,999,999,999,999,6,1,4,1,,,1,998,998
57066,2024,10,6,0,28,28079,,3,2,No inventariada,,4,4,9,2,0,0,1,1,0,0,1,1,2,0,0,0,0,0,0,0,0,0,0,0,0,0,0,0,0,0,0,0,0,0,0,0,1,1,,1,0,0,0,0,0,0,1,0,0,0,0,0,1,1,4,1,,,1,998,998
57067,2024,10,6,0,28,28079,,3,2,No inventariada,,4,4,9,9,0,0,1,1,0,0,1,1,3,0,0,0,0,0,0,0,0,0,0,0,0,0,0,0,0,0,0,0,0,0,0,0,2,,,0,0,0,0,0,0,0,1,0,0,0,0,0,1,1,4,1,,,1,998,998
57068,2024,10,6,4,28,28079,,3,2,No inventariada,,4,4,9,7,0,0,1,1,0,0,1,1,1,0,0,0,0,0,0,0,0,0,0,0,0,0,0,0,0,0,0,0,0,0,0,0,2,,,1,0,0,0,0,0,0,0,0,0,0,0,0,1,3,4,1,,,11,4,998
57069,2024,10,6,8,28,28079,,3,2,No inventariada,,4,4,9,4,0,0,1,1,0,0,1,1,2,0,0,0,0,0,0,0,0,0,0,0,0,0,0,0,0,0,0,0,0,0,0,0,1,1,,0,0,1,0,0,0,0,0,0,0,0,0,0,1,1,1,1,,,1,998,998
57070,2024,10,6,11,28,28079,,3,2,No inventariada,,4,4,9,4,0,0,1,1,0,0,1,1,2,0,0,0,0,0,0,0,0,0,0,0,0,0,0,0,0,0,0,0,0,0,0,0,1,1,,0,0,1,0,0,0,0,0,0,0,0,0,0,1,1,1,1,,,1,998,998
57071,2024,10,3,11,28,28079,,3,2,No inventariada,,4,4,9,5,0,0,2,2,0,0,2,2,4,0,0,0,0,0,0,0,0,0,0,0,0,0,0,0,0,0,0,0,0,0,0,0,1,2,,1,0,0,0,0,0,0,0,0,0,0,0,0,6,3,1,2,,,1,998,998
57072,2024,10,6,12,28,28079,,3,2,No inventariada,,4,4,9,10,0,0,1,1,0,0,1,1,1,0,0,0,0,0,0,0,0,0,0,0,0,0,0,0,0,0,0,0,0,0,0,0,1,1,,0,0,1,0,0,0,0,0,0,0,0,0,0,1,1,1,1,,,1,998,998
57073,2024,10,6,9,28,28079,,3,2,No inventariada,,4,4,9,12,0,1,0,1,0,1,0,1,2,0,0,0,0,0,0,0,0,0,0,0,0,0,0,0,0,0,0,0,0,0,0,0,1,2,,1,0,0,0,0,0,0,0,0,0,0,0,0,1,1,1,2,,,1,998,998
57074,2024,10,6,12,28,28079,,3,2,No inventariada,,4,4,9,7,0,0,1,1,0,0,1,1,1,0,0,0,0,0,0,0,0,0,0,0,0,0,0,0,0,0,0,0,0,0,0,0,2,,,0,0,1,0,0,0,0,0,0,0,0,0,0,1,1,1,1,,,1,4,998
57075,2024,10,6,13,28,28079,,1,1,A-2,11.968,2,1,3,5,0,0,1,1,0,0,1,1,3,0,0,0,0,0,0,0,0,0,0,0,0,0,0,0,0,0,0,0,0,0,0,0,2,,,999,999,999,999,999,999,999,999,999,999,999,999,999,1,1,1,2,,,1,998,1
57076,2024,10,6,14,28,28079,,3,2,No inventariada,,4,4,9,10,0,0,1,1,0,0,1,1,1,0,0,0,0,0,0,0,0,0,0,0,0,0,0,0,0,0,0,0,0,0,0,0,2,,,1,0,0,0,0,0,0,0,0,0,0,0,0,1,1,1,1,,,1,998,998
57077,2024,10,5,18,28,28079,,3,2,No inventariada,,4,4,9,4,0,0,2,2,0,0,2,2,2,0,0,0,0,0,0,0,0,0,0,0,0,0,0,0,0,0,0,0,0,0,0,0,1,1,,0,0,1,0,0,0,0,0,0,0,0,0,0,2,1,1,2,,,1,998,998
57078,2024,10,6,16,28,28079,,3,2,No inventariada,,4,4,9,10,0,0,1,1,0,0,1,1,1,0,0,0,0,0,0,0,0,0,0,0,0,0,0,0,0,0,0,0,0,0,0,0,2,,,999,999,999,999,999,999,999,999,999,999,999,999,999,6,1,1,1,,,18,3,998