ID_ACCIDENTE,ANYO,MES,DIA_SEMANA,HORA,COD_PROVINCIA,COD_MUNICIPIO,ISLA,ZONA,ZONA_AGRUPADA,CARRETERA,KM,SENTIDO_1F,TITULARIDAD_VIA,TIPO_VIA,TIPO_ACCIDENTE,TOTAL_MU24H,TOTAL_HG24H,TOTAL_HL24H,TOTAL_VICTIMAS_24H,TOTAL_MU30DF,TOTAL_HG30DF,TOTAL_HL30DF,TOTAL_VICTIMAS_30DF,TOTAL_VEHICULOS,TOT_PEAT_MU24H,TOT_BICI_MU24H,TOT_CICLO_MU24H,TOT_MOTO_MU24H,TOT_TUR_MU24H,TOT_FURG_MU24H,TOT_CAM_MENOS3500_MU24H,TOT_CAM_MAS3500_MU24H,TOT_BUS_MU24H,TOT_OTRO_MU24H,TOT_SINESPECIF_MU24H,TOT_PEAT_MU30DF,TOT_BICI_MU30DF,TOT_CICLO_MU30DF,TOT_MOTO_MU30DF,TOT_TUR_MU30DF,TOT_FURG_MU30DF,TOT_CAM_MENOS3500_MU30DF,TOT_CAM_MAS3500_MU30DF,TOT_BUS_MU30DF,TOT_VMP_MU30DF,TOT_OTRO_MU30DF,TOT_SINESPECIF_MU30DF,NUDO,NUDO_INFO,CARRETERA_CRUCE,PRIORI_NORMA,PRIORI_AGENTE,PRIORI_SEMAFORO,PRIORI_VERT_STOP,PRIORI_VERT_CEDA,PRIORI_HORIZ_STOP,PRIORI_HORIZ_CEDA,PRIORI_MARCAS,PRIORI_PEA_NO_ELEV,PRIORI_PEA_ELEV,PRIORI_MARCA_CICLOS,PRIORI_CIRCUNSTANCIAL,PRIORI_OTRA,CONDICION_NIVEL_CIRCULA,CONDICION_FIRME,CONDICION_ILUMINACION,CONDICION_METEO,CONDICION_NIEBLA,CONDICION_VIENTO,VISIB_RESTRINGIDA_POR,ACERA,TRAZADO_PLANTA
63667,2024,6,6,15,29,29067,,3,2,No inventariada,,4,4,9,4,0,0,2,2,0,0,2,2,2,0,0,0,0,0,0,0,0,0,0,0,0,0,0,0,0,0,0,0,0,0,0,0,2,,,0,0,1,0,0,0,0,0,0,0,0,0,0,1,1,1,1,,,1,998,998
63668,2024,6,7,16,29,29067,,3,2,No inventariada,,4,4,9,2,0,0,1,1,0,0,1,1,2,0,0,0,0,0,0,0,0,0,0,0,0,0,0,0,0,0,0,0,0,0,0,0,2,,,1,0,0,0,0,0,0,0,0,0,0,0,0,1,1,1,1,,,1,998,998
63669,2024,6,4,16,29,29067,,3,2,No inventariada,,4,4,9,2,0,0,1,1,0,0,1,1,2,0,0,0,0,0,0,0,0,0,0,0,0,0,0,0,0,0,0,0,0,0,0,0,2,,,1,0,0,0,0,0,0,0,0,0,0,0,0,1,1,1,1,,,1,998,998
63670,2024,6,3,23,29,29067,,3,2,No inventariada,,4,4,9,4,0,0,1,1,0,0,1,1,2,0,0,0,0,0,0,0,0,0,0,0,0,0,0,0,0,0,0,0,0,0,0,0,1,1,,0,0,0,0,0,0,0,1,0,0,0,0,0,6,1,4,1,,,1,998,998
63671,2024,7,1,21,29,29067,,3,2,No inventariada,,4,4,9,10,0,0,1,1,0,0,1,1,1,0,0,0,0,0,0,0,0,0,0,0,0,0,0,0,0,0,0,0,0,0,0,0,1,4,,0,0,0,0,1,0,0,0,0,0,0,0,0,1,8,1,1,,,1,998,998
63672,2024,7,1,12,29,29067,,3,2,No inventariada,,4,4,9,7,0,0,1,1,0,0,1,1,1,0,0,0,0,0,0,0,0,0,0,0,0,0,0,0,0,0,0,0,0,0,0,0,2,,,1,0,0,0,0,0,0,0,0,0,0,0,0,1,1,1,1,,,1,4,998
63673,2024,7,1,14,29,29067,,3,2,No inventariada,,4,4,9,2,0,0,1,1,0,0,1,1,2,0,0,0,0,0,0,0,0,0,0,0,0,0,0,0,0,0,0,0,0,0,0,0,2,,,1,0,0,0,0,0,0,0,0,0,0,0,0,1,1,1,1,,,1,998,998
63674,2024,6,1,14,29,29067,,3,2,No inventariada,,4,4,9,3,0,1,0,1,0,1,0,1,2,0,0,0,0,0,0,0,0,0,0,0,0,0,0,0,0,0,0,0,0,0,0,0,1,2,,1,0,0,0,0,0,0,0,0,0,0,0,0,6,1,1,1,,,1,998,998
63675,2024,6,5,23,29,29067,,3,2,No inventariada,,4,4,9,2,0,0,2,2,0,0,2,2,2,0,0,0,0,0,0,0,0,0,0,0,0,0,0,0,0,0,0,0,0,0,0,0,1,1,,0,0,1,0,0,0,0,0,0,0,0,0,0,1,1,4,1,,,1,998,998
63676,2024,6,5,1,29,29067,,3,2,No inventariada,,4,4,9,10,0,0,1,1,0,0,1,1,1,0,0,0,0,0,0,0,0,0,0,0,0,0,0,0,0,0,0,0,0,0,0,0,2,,,1,0,0,0,0,0,0,0,0,0,0,0,0,1,3,4,3,,,5,998,998
63677,2024,6,6,17,29,29067,,3,2,No inventariada,,4,4,9,20,0,0,1,1,0,0,1,1,1,0,0,0,0,0,0,0,0,0,0,0,0,0,0,0,0,0,0,0,0,0,0,0,2,,,0,0,1,0,0,0,0,0,0,0,0,0,0,1,1,1,1,,,1,4,998
63678,2024,7,2,8,29,29067,,3,2,No inventariada,,4,4,9,12,0,0,1,1,0,0,1,1,1,0,0,0,0,0,0,0,0,0,0,0,0,0,0,0,0,0,0,0,0,0,0,0,2,,,0,0,0,0,0,0,0,1,0,0,0,0,0,1,1,1,1,,,6,998,998
63679,2024,7,3,13,29,29067,,3,2,No inventariada,,4,4,9,2,0,0,2,2,0,0,2,2,2,0,0,0,0,0,0,0,0,0,0,0,0,0,0,0,0,0,0,0,0,0,0,0,1,2,,0,0,0,1,0,0,0,0,0,0,0,0,0,2,1,1,1,,,1,998,998
63680,2024,6,3,9,29,29067,,3,2,No inventariada,,4,4,9,1,0,0,1,1,0,0,1,1,2,0,0,0,0,0,0,0,0,0,0,0,0,0,0,0,0,0,0,0,0,0,0,0,2,,,1,0,0,0,0,0,0,0,0,0,0,0,0,2,1,1,1,,,1,998,998
63681,2024,7,6,5,29,29067,,3,2,No inventariada,,4,4,9,19,0,0,2,2,0,0,2,2,1,0,0,0,0,0,0,0,0,0,0,0,0,0,0,0,0,0,0,0,0,0,0,0,2,,,0,0,0,0,0,0,0,0,0,0,0,0,1,1,1,4,1,,,1,998,998
63682,2024,6,4,15,29,29067,,3,2,No inventariada,,4,4,9,4,0,0,1,1,0,0,1,1,2,0,0,0,0,0,0,0,0,0,0,0,0,0,0,0,0,0,0,0,0,0,0,0,2,,,1,0,0,0,0,0,0,0,0,0,0,0,0,1,1,1,1,,,1,998,998
63683,2024,6,6,9,29,29067,,3,2,No inventariada,,4,4,9,2,0,0,1,1,0,0,1,1,2,0,0,0,0,0,0,0,0,0,0,0,0,0,0,0,0,0,0,0,0,0,0,0,1,1,,0,0,0,0,1,0,0,0,0,0,0,0,0,1,1,1,1,,,1,998,998
63684,2024,6,6,7,29,29067,,3,2,No inventariada,,4,4,9,3,0,0,1,1,0,0,1,1,2,0,0,0,0,0,0,0,0,0,0,0,0,0,0,0,0,0,0,0,0,0,0,0,1,1,,0,0,1,0,0,0,0,0,0,0,0,0,0,2,1,1,1,,,1,998,998
63685,2024,4,7,12,29,29067,,3,2,No inventariada,,4,4,9,7,0,0,1,1,0,0,1,1,1,0,0,0,0,0,0,0,0,0,0,0,0,0,0,0,0,0,0,0,0,0,0,0,2,,,0,0,1,0,0,0,0,0,0,0,0,0,0,1,1,1,1,,,11,4,998
63686,2024,6,7,22,29,29067,,3,2,No inventariada,,4,4,9,3,0,0,1,1,0,0,1,1,2,0,0,0,0,0,0,0,0,0,0,0,0,0,0,0,0,0,0,0,0,0,0,0,1,4,,0,0,0,0,0,0,0,1,0,0,0,0,0,1,1,4,1,,,1,998,998
63687,2024,6,6,14,29,29067,,3,2,No inventariada,,4,4,9,10,0,0,1,1,0,0,1,1,2,0,0,0,0,0,0,0,0,0,0,0,0,0,0,0,0,0,0,0,0,0,0,0,1,4,,0,0,0,0,1,0,0,0,0,0,0,0,0,2,1,1,1,,,1,998,998
63688,2024,7,7,7,29,29067,,3,2,No inventariada,,4,4,9,2,0,2,1,3,0,2,1,3,2,0,0,0,0,0,0,0,0,0,0,0,0,0,0,0,0,0,0,0,0,0,0,0,1,7,,0,0,1,0,0,0,0,0,0,0,0,0,0,1,1,2,1,,,1,998,998
63689,2024,6,6,20,29,29067,,3,2,No inventariada,,4,4,9,4,0,0,4,4,0,0,4,4,2,0,0,0,0,0,0,0,0,0,0,0,0,0,0,0,0,0,0,0,0,0,0,0,2,,,1,0,0,0,0,0,0,0,0,0,0,0,0,1,1,3,1,,,6,998,998
63690,2024,7,2,21,29,29067,,3,2,No inventariada,,4,4,9,2,0,0,1,1,0,0,1,1,2,0,0,0,0,0,0,0,0,0,0,0,0,0,0,0,0,0,0,0,0,0,0,0,1,4,,0,0,0,0,0,0,0,1,0,0,0,0,0,6,1,1,1,,,1,998,998
63691,2024,7,3,14,29,29067,,3,2,No inventariada,,4,4,9,3,0,0,1,1,0,0,1,1,2,0,0,0,0,0,0,0,0,0,0,0,0,0,0,0,0,0,0,0,0,0,0,0,1,1,,0,0,0,0,0,0,0,1,0,0,0,0,0,1,1,1,1,,,1,998,998
63692,2024,7,3,17,29,29067,,3,2,No inventariada,,4,4,9,4,0,0,1,1,0,0,1,1,2,0,0,0,0,0,0,0,0,0,0,0,0,0,0,0,0,0,0,0,0,0,0,0,1,4,,0,0,0,0,1,0,0,0,0,0,0,0,0,1,1,1,1,,,1,998,998
63693,2024,7,3,15,29,29067,,3,2,No inventariada,,4,4,9,2,0,0,1,1,0,0,1,1,2,0,0,0,0,0,0,0,0,0,0,0,0,0,0,0,0,0,0,0,0,0,0,0,1,4,,0,0,0,0,1,0,0,0,0,0,0,0,0,6,1,1,1,,,1,998,998
63694,2024,7,3,16,29,29067,,3,2,No inventariada,,4,4,9,4,0,0,1,1,0,0,1,1,3,0,0,0,0,0,0,0,0,0,0,0,0,0,0,0,0,0,0,0,0,0,0,0,2,,,1,0,0,0,0,0,0,0,0,0,0,0,0,5,1,1,1,,,1,998,998
63695,2024,7,3,13,29,29067,,3,2,No inventariada,,4,4,9,2,0,0,1,1,0,0,1,1,2,0,0,0,0,0,0,0,0,0,0,0,0,0,0,0,0,0,0,0,0,0,0,0,2,,,1,0,0,0,0,0,0,0,0,0,0,0,0,3,1,1,1,,,1,998,998
63696,2024,6,6,15,29,29067,,3,2,No inventariada,,4,4,14,4,0,0,1,1,0,0,1,1,2,0,0,0,0,0,0,0,0,0,0,0,0,0,0,0,0,0,0,0,0,0,0,0,2,,,0,0,0,0,0,0,0,1,0,0,0,0,0,3,1,1,1,,,1,998,998
63697,2024,7,2,14,29,29067,,3,2,No inventariada,,4,4,9,2,0,0,1,1,0,0,1,1,3,0,0,0,0,0,0,0,0,0,0,0,0,0,0,0,0,0,0,0,0,0,0,0,2,,,1,0,0,0,0,0,0,0,0,0,0,0,0,2,1,1,1,,,1,998,998
63698,2024,7,4,13,29,29067,,3,2,No inventariada,,4,4,9,3,0,0,2,2,0,0,2,2,2,0,0,0,0,0,0,0,0,0,0,0,0,0,0,0,0,0,0,0,0,0,0,0,1,1,,0,0,1,0,0,0,0,0,0,0,0,0,0,1,1,1,1,,,1,998,998
63699,2024,6,7,21,29,29067,,3,2,No inventariada,,4,4,9,2,0,0,1,1,0,0,1,1,2,0,0,0,0,0,0,0,0,0,0,0,0,0,0,0,0,0,0,0,0,0,0,0,2,,,0,0,0,0,1,0,0,0,0,0,0,0,0,1,1,4,1,,,1,998,998
63700,2024,6,7,2,29,29067,,3,2,No inventariada,,4,4,9,2,0,0,3,3,0,0,3,3,2,0,0,0,0,0,0,0,0,0,0,0,0,0,0,0,0,0,0,0,0,0,0,0,1,1,,1,0,0,0,0,0,0,0,0,0,0,0,0,1,1,1,1,,,1,998,998
63701,2024,7,4,17,29,29067,,3,2,No inventariada,,4,4,9,2,0,1,0,1,0,1,0,1,2,0,0,0,0,0,0,0,0,0,0,0,0,0,0,0,0,0,0,0,0,0,0,0,1,2,,1,0,0,0,0,0,0,0,0,0,0,0,0,1,1,1,1,,,1,998,998
63702,2024,6,5,15,29,29067,,3,2,No inventariada,,4,4,9,7,0,0,1,1,0,0,1,1,1,0,0,0,0,0,0,0,0,0,0,0,0,0,0,0,0,0,0,0,0,0,0,0,2,,,0,0,1,0,0,0,0,0,0,0,0,0,0,1,1,1,1,,,1,3,998
63703,2024,7,1,18,29,29067,,3,2,No inventariada,,4,4,9,2,0,0,1,1,0,0,1,1,2,0,0,0,0,0,0,0,0,0,0,0,0,0,0,0,0,0,0,0,0,0,0,0,1,2,,1,0,0,0,0,0,0,0,0,0,0,0,0,1,1,1,1,,,1,998,998
63704,2024,7,1,23,29,29067,,3,2,No inventariada,,4,4,9,2,0,0,1,1,0,0,1,1,2,0,0,0,0,0,0,0,0,0,0,0,0,0,0,0,0,0,0,0,0,0,0,0,2,,,0,0,0,0,1,0,0,0,0,0,0,0,0,1,1,4,1,,,1,998,998
63705,2024,6,3,10,29,29067,,3,2,No inventariada,,4,4,9,2,0,0,1,1,0,0,1,1,2,0,0,0,0,0,0,0,0,0,0,0,0,0,0,0,0,0,0,0,0,0,0,0,1,4,,0,0,0,0,1,0,0,0,0,0,0,0,0,1,1,1,1,,,1,998,998
63706,2024,7,4,7,29,29067,,3,2,No inventariada,,4,4,9,10,0,0,3,3,0,0,3,3,2,0,0,0,0,0,0,0,0,0,0,0,0,0,0,0,0,0,0,0,0,0,0,0,2,,,1,0,0,0,0,0,0,0,0,0,0,0,0,1,1,1,1,,,1,998,998
63707,2024,7,6,12,29,29067,,3,2,No inventariada,,4,4,9,4,0,0,3,3,0,0,3,3,2,0,0,0,0,0,0,0,0,0,0,0,0,0,0,0,0,0,0,0,0,0,0,0,2,,,1,0,0,0,0,0,0,0,0,0,0,0,0,6,1,1,1,,,1,998,998
63708,2024,7,4,12,29,29067,,3,2,No inventariada,,4,4,9,3,0,0,1,1,0,0,1,1,2,0,0,0,0,0,0,0,0,0,0,0,0,0,0,0,0,0,0,0,0,0,0,0,2,,,1,0,0,0,0,0,0,0,0,0,0,0,0,1,1,1,1,,,1,998,998
63709,2024,7,1,11,29,29067,,3,2,No inventariada,,4,4,9,3,0,0,1,1,0,0,1,1,2,0,0,0,0,0,0,0,0,0,0,0,0,0,0,0,0,0,0,0,0,0,0,0,2,,,0,0,0,0,0,0,1,0,0,0,0,0,0,6,1,1,1,,,1,998,998
63710,2024,7,5,21,29,29067,,3,2,No inventariada,,4,4,9,4,0,0,1,1,0,0,1,1,2,0,0,0,0,0,0,0,0,0,0,0,0,0,0,0,0,0,0,0,0,0,0,0,2,,,1,0,0,0,0,0,0,0,0,0,0,0,0,1,1,1,1,,,1,998,998
63711,2024,6,1,10,29,29067,,3,2,No inventariada,,4,4,9,7,0,0,1,1,0,0,1,1,1,0,0,0,0,0,0,0,0,0,0,0,0,0,0,0,0,0,0,0,0,0,0,0,1,3,,0,0,1,0,0,0,0,0,0,0,0,0,0,3,1,1,1,,,10,4,998
63712,2024,7,2,9,29,29067,,1,1,MA-20,9.7,2,1,3,4,0,0,1,1,0,0,1,1,2,0,0,0,0,0,0,0,0,0,0,0,0,0,0,0,0,0,0,0,0,0,0,0,2,,,999,999,999,999,999,999,999,999,999,999,999,999,999,3,1,4,1,,,1,998,1
63713,2024,7,1,9,29,29067,,3,2,No inventariada,,4,4,9,2,0,0,1,1,0,0,1,1,2,0,0,0,0,0,0,0,0,0,0,0,0,0,0,0,0,0,0,0,0,0,0,0,2,,,1,0,0,0,0,0,0,0,0,0,0,0,0,2,1,1,1,,,1,998,998
63714,2024,6,6,12,29,29067,,3,2,No inventariada,,4,4,9,4,0,0,1,1,0,0,1,1,4,0,0,0,0,0,0,0,0,0,0,0,0,0,0,0,0,0,0,0,0,0,0,0,2,,,1,0,0,0,0,0,0,0,0,0,0,0,0,1,1,1,1,,,1,998,998
63715,2024,7,7,13,29,29067,,3,2,No inventariada,,4,4,9,2,0,0,1,1,0,0,1,1,2,0,0,0,0,0,0,0,0,0,0,0,0,0,0,0,0,0,0,0,0,0,0,0,2,,,0,0,1,0,0,0,0,0,0,0,0,0,0,1,1,1,1,,,1,998,998
63716,2024,7,6,15,29,29067,,3,2,No inventariada,,4,4,9,4,0,0,1,1,0,0,1,1,2,0,0,0,0,0,0,0,0,0,0,0,0,0,0,0,0,0,0,0,0,0,0,0,2,,,1,0,0,0,0,0,0,0,0,0,0,0,0,1,1,1,1,,,1,998,998
63717,2024,6,4,20,29,29067,,3,2,No inventariada,,4,4,9,2,0,0,1,1,0,0,1,1,2,0,0,0,0,0,0,0,0,0,0,0,0,0,0,0,0,0,0,0,0,0,0,0,1,1,,0,0,0,1,0,0,0,0,0,0,0,0,0,1,1,1,1,,,1,998,998
63718,2024,7,1,11,29,29067,,3,2,No inventariada,,4,4,9,10,0,0,1,1,0,0,1,1,1,0,0,0,0,0,0,0,0,0,0,0,0,0,0,0,0,0,0,0,0,0,0,0,2,,,1,0,0,0,0,0,0,0,0,0,0,0,0,2,1,1,1,,,1,998,998
63719,2024,6,6,1,29,29067,,3,2,No inventariada,,4,4,9,3,0,0,5,5,0,0,5,5,3,0,0,0,0,0,0,0,0,0,0,0,0,0,0,0,0,0,0,0,0,0,0,0,2,,,0,0,0,0,0,0,0,1,0,0,0,0,0,2,1,4,1,,,1,998,998
63720,2024,7,3,16,29,29067,,3,2,No inventariada,,4,4,9,20,0,0,1,1,0,0,1,1,2,0,0,0,0,0,0,0,0,0,0,0,0,0,0,0,0,0,0,0,0,0,0,0,1,1,,0,0,0,1,0,0,0,0,0,0,0,0,0,1,1,1,1,,,1,998,998
63721,2024,6,2,13,29,29067,,3,2,No inventariada,,4,4,9,10,0,0,1,1,0,0,1,1,1,0,0,0,0,0,0,0,0,0,0,0,0,0,0,0,0,0,0,0,0,0,0,0,2,,,1,0,0,0,0,0,0,0,0,0,0,0,0,1,7,1,1,,,1,998,998
63722,2024,6,2,9,29,29067,,3,2,No inventariada,,4,4,9,2,0,0,1,1,0,0,1,1,2,0,0,0,0,0,0,0,0,0,0,0,0,0,0,0,0,0,0,0,0,0,0,0,1,3,,1,0,0,0,0,0,0,0,0,0,0,0,0,1,1,1,1,,,1,998,998
63723,2024,6,3,0,29,29067,,3,2,No inventariada,,4,4,9,2,0,0,1,1,0,0,1,1,2,0,0,0,0,0,0,0,0,0,0,0,0,0,0,0,0,0,0,0,0,0,0,0,1,4,,1,0,0,0,0,0,0,0,0,0,0,0,0,1,1,4,1,,,1,998,998
63724,2024,5,5,15,29,29067,,3,2,No inventariada,,4,4,9,10,0,0,1,1,0,0,1,1,1,0,0,0,0,0,0,0,0,0,0,0,0,0,0,0,0,0,0,0,0,0,0,0,2,,,1,0,0,0,0,0,0,0,0,0,0,0,0,1,1,1,1,,,1,998,998
63725,2024,6,3,17,29,29067,,3,2,No inventariada,,4,4,9,4,0,0,1,1,0,0,1,1,2,0,0,0,0,0,0,0,0,0,0,0,0,0,0,0,0,0,0,0,0,0,0,0,2,,,1,0,0,0,0,0,0,0,0,0,0,0,0,6,1,1,1,,,1,998,998
63726,2024,6,3,12,29,29067,,3,2,No inventariada,,4,4,9,2,0,0,1,1,0,0,1,1,2,0,0,0,0,0,0,0,0,0,0,0,0,0,0,0,0,0,0,0,0,0,0,0,1,5,,0,0,1,0,0,0,0,0,0,0,0,0,0,2,1,1,1,,,1,998,998
63727,2024,6,1,9,29,29067,,3,2,No inventariada,,4,4,9,7,0,0,1,1,0,0,1,1,1,0,0,0,0,0,0,0,0,0,0,0,0,0,0,0,0,0,0,0,0,0,0,0,2,,,0,0,0,0,0,0,0,0,1,0,0,0,0,1,1,1,1,,,1,4,998
63728,2024,7,4,11,29,29067,,3,2,No inventariada,,4,4,9,11,0,0,1,1,0,0,1,1,2,0,0,0,0,0,0,0,0,0,0,0,0,0,0,0,0,0,0,0,0,0,0,0,1,1,,0,0,1,0,0,0,0,0,0,0,0,0,0,1,1,1,1,,,1,998,998
63729,2024,7,6,1,29,29067,,3,2,No inventariada,,4,4,9,2,0,0,3,3,0,0,3,3,3,0,0,0,0,0,0,0,0,0,0,0,0,0,0,0,0,0,0,0,0,0,0,0,1,5,,0,0,1,0,0,0,0,0,0,0,0,0,0,1,1,4,1,,,1,998,998
63730,2024,7,3,18,29,29067,,3,2,No inventariada,,4,4,9,4,0,0,1,1,0,0,1,1,3,0,0,0,0,0,0,0,0,0,0,0,0,0,0,0,0,0,0,0,0,0,0,0,2,,,0,0,0,0,0,0,0,1,0,0,0,0,0,4,1,1,1,,,1,998,998
63731,2024,7,2,16,29,29067,,3,2,No inventariada,,4,4,9,2,0,0,1,1,0,0,1,1,2,0,0,0,0,0,0,0,0,0,0,0,0,0,0,0,0,0,0,0,0,0,0,0,1,1,,0,0,0,0,1,0,0,0,0,0,0,0,0,1,1,1,1,,,1,998,998
63732,2024,6,4,21,29,29067,,3,2,No inventariada,,4,4,9,2,0,0,1,1,0,0,1,1,2,0,0,0,0,0,0,0,0,0,0,0,0,0,0,0,0,0,0,0,0,0,0,0,1,2,,0,0,0,0,1,0,0,0,0,0,0,0,0,1,1,4,1,,,17,998,998
63733,2024,6,4,15,29,29067,,3,2,No inventariada,,4,4,9,2,0,0,2,2,0,0,2,2,2,0,0,0,0,0,0,0,0,0,0,0,0,0,0,0,0,0,0,0,0,0,0,0,1,3,,0,0,1,0,0,0,0,0,0,0,0,0,0,4,1,1,1,,,9,998,998
63734,2024,6,4,14,29,29067,,3,2,No inventariada,,4,4,9,2,0,0,1,1,0,0,1,1,2,0,0,0,0,0,0,0,0,0,0,0,0,0,0,0,0,0,0,0,0,0,0,0,2,,,0,0,1,0,0,0,0,0,0,0,0,0,0,3,1,1,1,,,1,998,998
63735,2024,6,7,23,29,29067,,3,2,No inventariada,,4,4,9,10,0,0,1,1,0,0,1,1,2,0,0,0,0,0,0,0,0,0,0,0,0,0,0,0,0,0,0,0,0,0,0,0,1,3,,0,0,1,0,0,0,0,0,0,0,0,0,0,1,1,4,1,,,1,998,998
63736,2024,6,7,9,29,29067,,3,2,No inventariada,,4,4,9,2,0,0,1,1,0,0,1,1,2,0,0,0,0,0,0,0,0,0,0,0,0,0,0,0,0,0,0,0,0,0,0,0,1,4,,1,0,0,0,0,0,0,0,0,0,0,0,0,1,1,1,1,,,1,998,998
63737,2024,7,2,15,29,29067,,3,2,No inventariada,,4,4,9,4,0,0,1,1,0,0,1,1,2,0,0,0,0,0,0,0,0,0,0,0,0,0,0,0,0,0,0,0,0,0,0,0,2,,,0,0,0,0,0,0,0,0,1,0,0,0,0,2,1,1,1,,,1,998,998
63738,2024,7,2,15,29,29067,,3,2,No inventariada,,4,4,9,2,0,0,2,2,0,0,2,2,2,0,0,0,0,0,0,0,0,0,0,0,0,0,0,0,0,0,0,0,0,0,0,0,1,3,,0,0,0,0,0,0,0,0,0,0,1,0,0,1,1,1,1,,,1,998,998
63739,2024,6,4,7,29,29067,,3,2,No inventariada,,4,4,9,4,0,1,1,2,0,1,1,2,2,0,0,0,0,0,0,0,0,0,0,0,0,0,0,0,0,0,0,0,0,0,0,0,2,,,0,0,1,0,0,0,0,0,0,0,0,0,0,2,1,1,1,,,1,998,998
63740,2024,7,1,21,29,29067,,3,2,No inventariada,,4,4,9,10,0,0,1,1,0,0,1,1,2,0,0,0,0,0,0,0,0,0,0,0,0,0,0,0,0,0,0,0,0,0,0,0,2,,,1,0,0,0,0,0,0,0,0,0,0,0,0,1,1,1,1,,,1,998,998
63741,2024,6,3,19,29,29067,,3,2,No inventariada,,4,4,9,4,0,0,1,1,0,0,1,1,2,0,0,0,0,0,0,0,0,0,0,0,0,0,0,0,0,0,0,0,0,0,0,0,2,,,1,0,0,0,0,0,0,0,0,0,0,0,0,1,1,1,1,,,1,998,998
63742,2024,7,1,15,29,29067,,3,2,No inventariada,,4,4,9,7,0,0,1,1,0,0,1,1,1,0,0,0,0,0,0,0,0,0,0,0,0,0,0,0,0,0,0,0,0,0,0,0,2,,,0,0,0,0,0,0,0,0,1,0,0,0,0,1,1,1,1,,,1,4,998
63743,2024,7,2,13,29,29067,,3,2,No inventariada,,4,4,9,4,0,0,1,1,0,0,1,1,3,0,0,0,0,0,0,0,0,0,0,0,0,0,0,0,0,0,0,0,0,0,0,0,1,5,,0,0,1,0,0,0,0,0,0,0,0,0,0,1,1,1,1,,,1,998,998
63744,2024,7,1,1,29,29067,,3,2,No inventariada,,4,4,9,19,0,0,1,1,0,0,1,1,1,0,0,0,0,0,0,0,0,0,0,0,0,0,0,0,0,0,0,0,0,0,0,0,2,,,0,0,0,0,0,0,0,0,0,0,0,0,1,1,1,4,1,,,1,998,998
63745,2024,7,4,15,29,29067,,3,2,No inventariada,,4,4,9,5,0,0,2,2,0,0,2,2,3,0,0,0,0,0,0,0,0,0,0,0,0,0,0,0,0,0,0,0,0,0,0,0,1,5,,0,0,1,0,0,0,0,0,0,0,0,0,0,1,1,1,1,,,1,998,998
63746,2024,7,3,19,29,29067,,3,2,No inventariada,,4,4,9,4,0,0,1,1,0,0,1,1,2,0,0,0,0,0,0,0,0,0,0,0,0,0,0,0,0,0,0,0,0,0,0,0,2,,,1,0,0,0,0,0,0,0,0,0,0,0,0,1,1,1,1,,,1,998,998
63747,2024,7,3,18,29,29067,,3,2,No inventariada,,4,4,9,3,0,0,3,3,0,0,3,3,2,0,0,0,0,0,0,0,0,0,0,0,0,0,0,0,0,0,0,0,0,0,0,0,2,,,1,0,0,0,0,0,0,0,0,0,0,0,0,1,1,1,1,,,1,998,998
63748,2024,7,5,15,29,29067,,1,1,MA-20,6.259,1,1,3,4,0,0,6,6,0,0,6,6,2,0,0,0,0,0,0,0,0,0,0,0,0,0,0,0,0,0,0,0,0,0,0,0,2,,,999,999,999,999,999,999,999,999,999,999,999,999,999,4,1,1,1,,,1,998,1
63749,2024,7,2,10,29,29067,,3,2,No inventariada,,4,4,9,2,0,0,1,1,0,0,1,1,2,0,0,0,0,0,0,0,0,0,0,0,0,0,0,0,0,0,0,0,0,0,0,0,1,2,,0,0,0,0,0,0,0,1,0,0,0,0,0,3,1,1,1,,,1,998,998
63750,2024,6,7,22,29,29067,,3,2,No inventariada,,4,4,9,10,0,0,1,1,0,0,1,1,1,0,0,0,0,0,0,0,0,0,0,0,0,0,0,0,0,0,0,0,0,0,0,0,1,5,,1,0,0,0,0,0,0,0,0,0,0,0,0,1,1,1,1,,,1,998,998
63751,2024,7,1,22,29,29067,,3,2,No inventariada,,4,4,9,2,0,0,1,1,0,0,1,1,2,0,0,0,0,0,0,0,0,0,0,0,0,0,0,0,0,0,0,0,0,0,0,0,1,1,,1,0,0,0,0,0,0,0,0,0,0,0,0,2,1,1,1,,,1,998,998
63752,2024,7,1,23,29,29067,,3,2,No inventariada,,4,4,9,2,0,0,1,1,0,0,1,1,2,0,0,0,0,0,0,0,0,0,0,0,0,0,0,0,0,0,0,0,0,0,0,0,2,,,0,0,1,0,0,0,0,0,0,0,0,0,0,1,1,4,1,,,1,998,998
63753,2024,6,6,20,29,29067,,3,2,No inventariada,,4,4,9,7,0,0,1,1,0,0,1,1,1,0,0,0,0,0,0,0,0,0,0,0,0,0,0,0,0,0,0,0,0,0,0,0,1,4,,0,0,0,0,0,0,0,0,1,0,0,0,0,1,1,1,1,,,1,4,998
63754,2024,7,3,9,29,29067,,3,2,No inventariada,,4,4,9,2,0,0,3,3,0,0,3,3,2,0,0,0,0,0,0,0,0,0,0,0,0,0,0,0,0,0,0,0,0,0,0,0,1,5,,0,0,1,0,0,0,0,0,0,0,0,0,0,1,1,1,1,,,1,998,998
63755,2024,7,4,8,29,29067,,3,2,No inventariada,,4,4,9,3,0,0,1,1,0,0,1,1,2,0,0,0,0,0,0,0,0,0,0,0,0,0,0,0,0,0,0,0,0,0,0,0,2,,,1,0,0,0,0,0,0,0,0,0,0,0,0,2,1,1,1,,,1,998,998
63756,2024,7,4,10,29,29067,,3,2,No inventariada,,4,4,9,4,0,0,1,1,0,0,1,1,2,0,0,0,0,0,0,0,0,0,0,0,0,0,0,0,0,0,0,0,0,0,0,0,1,2,,0,0,1,0,0,0,0,0,0,0,0,0,0,3,1,1,1,,,1,998,998
63757,2024,7,4,21,29,29067,,3,2,No inventariada,,4,4,9,10,0,0,1,1,0,0,1,1,1,0,0,0,0,0,0,0,0,0,0,0,0,0,0,0,0,0,0,0,0,0,0,0,2,,,0,0,0,0,0,0,0,1,0,0,0,0,0,1,3,1,1,,,1,998,998
63758,2024,7,4,16,29,29067,,3,2,No inventariada,,4,4,9,10,0,0,1,1,0,0,1,1,1,0,0,0,0,0,0,0,0,0,0,0,0,0,0,0,0,0,0,0,0,0,0,0,2,,,1,0,0,0,0,0,0,0,0,0,0,0,0,1,1,1,1,,,1,998,998
63759,2024,5,5,0,29,29067,,3,2,No inventariada,,4,4,9,4,0,0,4,4,0,0,4,4,2,0,0,0,0,0,0,0,0,0,0,0,0,0,0,0,0,0,0,0,0,0,0,0,2,,,1,0,0,0,0,0,0,0,0,0,0,0,0,6,1,1,1,,,1,998,998
63760,2024,7,5,15,29,29067,,3,2,No inventariada,,4,4,9,5,0,0,5,5,0,0,5,5,3,0,0,0,0,0,0,0,0,0,0,0,0,0,0,0,0,0,0,0,0,0,0,0,2,,,0,0,1,0,0,0,0,0,0,0,0,0,0,3,1,1,2,,,1,998,998
63761,2024,7,5,16,29,29067,,3,2,No inventariada,,4,4,9,2,0,0,1,1,0,0,1,1,2,0,0,0,0,0,0,0,0,0,0,0,0,0,0,0,0,0,0,0,0,0,0,0,1,3,,0,0,1,0,0,0,0,0,0,0,0,0,0,6,1,1,1,,,1,998,998
63762,2024,7,6,14,29,29067,,3,2,No inventariada,,4,4,9,10,0,0,1,1,0,0,1,1,1,0,0,0,0,0,0,0,0,0,0,0,0,0,0,0,0,0,0,0,0,0,0,0,2,,,1,0,0,0,0,0,0,0,0,0,0,0,0,2,1,1,1,,,1,998,998