ID_ACCIDENTE,ANYO,MES,DIA_SEMANA,HORA,COD_PROVINCIA,COD_MUNICIPIO,ISLA,ZONA,ZONA_AGRUPADA,CARRETERA,KM,SENTIDO_1F,TITULARIDAD_VIA,TIPO_VIA,TIPO_ACCIDENTE,TOTAL_MU24H,TOTAL_HG24H,TOTAL_HL24H,TOTAL_VICTIMAS_24H,TOTAL_MU30DF,TOTAL_HG30DF,TOTAL_HL30DF,TOTAL_VICTIMAS_30DF,TOTAL_VEHICULOS,TOT_PEAT_MU24H,TOT_BICI_MU24H,TOT_CICLO_MU24H,TOT_MOTO_MU24H,TOT_TUR_MU24H,TOT_FURG_MU24H,TOT_CAM_MENOS3500_MU24H,TOT_CAM_MAS3500_MU24H,TOT_BUS_MU24H,TOT_OTRO_MU24H,TOT_SINESPECIF_MU24H,TOT_PEAT_MU30DF,TOT_BICI_MU30DF,TOT_CICLO_MU30DF,TOT_MOTO_MU30DF,TOT_TUR_MU30DF,TOT_FURG_MU30DF,TOT_CAM_MENOS3500_MU30DF,TOT_CAM_MAS3500_MU30DF,TOT_BUS_MU30DF,TOT_VMP_MU30DF,TOT_OTRO_MU30DF,TOT_SINESPECIF_MU30DF,NUDO,NUDO_INFO,CARRETERA_CRUCE,PRIORI_NORMA,PRIORI_AGENTE,PRIORI_SEMAFORO,PRIORI_VERT_STOP,PRIORI_VERT_CEDA,PRIORI_HORIZ_STOP,PRIORI_HORIZ_CEDA,PRIORI_MARCAS,PRIORI_PEA_NO_ELEV,PRIORI_PEA_ELEV,PRIORI_MARCA_CICLOS,PRIORI_CIRCUNSTANCIAL,PRIORI_OTRA,CONDICION_NIVEL_CIRCULA,CONDICION_FIRME,CONDICION_ILUMINACION,CONDICION_METEO,CONDICION_NIEBLA,CONDICION_VIENTO,VISIB_RESTRINGIDA_POR,ACERA,TRAZADO_PLANTA
71120,2024,8,2,16,32,00000,,1,1,OU-504,11.7,3,2,6,1,0,1,6,7,0,1,6,7,2,0,0,0,0,0,0,0,0,0,0,0,0,0,0,0,0,0,0,0,0,0,0,0,2,,,999,999,999,999,999,999,999,999,999,999,999,999,999,1,1,1,1,,,1,998,1
71121,2024,12,1,20,32,00000,,1,1,OU-209,3.85,3,2,6,1,0,0,3,3,0,0,3,3,2,0,0,0,0,0,0,0,0,0,0,0,0,0,0,0,0,0,0,0,0,0,0,0,2,,,999,999,999,999,999,999,999,999,999,999,999,999,999,1,1,4,1,,,3,998,3
71122,2024,11,2,12,32,00000,,1,1,OU-1216,6.2,3,3,6,1,0,1,1,2,0,1,1,2,2,0,0,0,0,0,0,0,0,0,0,0,0,0,0,0,0,0,0,0,0,0,0,0,2,,,999,999,999,999,999,999,999,999,999,999,999,999,999,1,1,1,1,,,4,998,1
71123,2024,7,7,8,32,00000,,1,1,OU-312,1.492,1,2,6,16,0,1,0,1,0,1,0,1,1,0,0,0,0,0,0,0,0,0,0,0,0,0,0,0,0,0,0,0,0,0,0,0,2,,,999,999,999,999,999,999,999,999,999,999,999,999,999,1,1,1,1,,,1,998,3
71124,2024,2,6,15,32,00000,,1,1,OU-103,1.7,3,2,6,2,0,1,1,2,0,1,1,2,2,0,0,0,0,0,0,0,0,0,0,0,0,0,0,0,0,0,0,0,0,0,0,0,1,2,,1,0,0,0,0,0,0,0,0,0,0,0,0,1,1,1,1,,,4,998,3
71125,2024,8,2,17,32,00000,,1,1,OU-P000,0.3,1,4,10,2,0,0,1,1,0,0,1,1,2,0,0,0,0,0,0,0,0,0,0,0,0,0,0,0,0,0,0,0,0,0,0,0,2,,,999,999,999,999,999,999,999,999,999,999,999,999,999,1,1,1,1,,,2,998,1
71126,2024,9,2,14,32,00000,,3,2,No inventariada,,4,2,9,3,0,0,1,1,0,0,1,1,3,0,0,0,0,0,0,0,0,0,0,0,0,0,0,0,0,0,0,0,0,0,0,0,2,,,999,999,999,999,999,999,999,999,999,999,999,999,999,1,1,1,1,,,1,998,998
71127,2024,3,6,0,32,00000,,1,1,AG-54,2.1,1,2,3,18,0,0,1,1,0,0,1,1,1,0,0,0,0,0,0,0,0,0,0,0,0,0,0,0,0,0,0,0,0,0,0,0,2,,,999,999,999,999,999,999,999,999,999,999,999,999,999,999,3,6,3,,,1,998,3
71128,2024,4,1,8,32,00000,,1,1,OU-0405,4.5,1,3,6,2,0,0,2,2,0,0,2,2,2,0,0,0,0,0,0,0,0,0,0,0,0,0,0,0,0,0,0,0,0,0,0,0,1,2,,1,0,0,0,0,0,0,0,0,0,0,0,0,1,1,1,2,,,12,998,1
71129,2024,5,6,18,32,00000,,1,1,AG-54,2.4,2,2,3,19,0,0,1,1,0,0,1,1,1,0,0,0,0,0,0,0,0,0,0,0,0,0,0,0,0,0,0,0,0,0,0,0,2,,,999,999,999,999,999,999,999,999,999,999,999,999,999,1,1,1,1,,,1,998,1
71130,2024,5,3,15,32,00000,,1,1,N-541,20.1,3,1,6,2,0,0,1,1,0,0,1,1,2,0,0,0,0,0,0,0,0,0,0,0,0,0,0,0,0,0,0,0,0,0,0,0,2,,,999,999,999,999,999,999,999,999,999,999,999,999,999,1,1,1,1,,,1,998,1
71131,2024,10,4,0,32,00000,,1,1,AG-54,0.1,1,2,3,18,1,0,0,1,1,0,0,1,1,0,0,0,0,1,0,0,0,0,0,0,0,0,0,0,1,0,0,0,0,0,0,0,2,,,999,999,999,999,999,999,999,999,999,999,999,999,999,1,1,6,1,,,1,998,1
71132,2024,5,5,18,32,00000,,1,1,A-52,258.6,2,1,3,14,0,0,1,1,0,0,1,1,1,0,0,0,0,0,0,0,0,0,0,0,0,0,0,0,0,0,0,0,0,0,0,0,2,,,999,999,999,999,999,999,999,999,999,999,999,999,999,1,3,6,3,,,1,998,3
71133,2024,8,4,18,32,00000,,1,1,A-52,116.5,3,1,3,3,0,0,2,2,0,0,2,2,2,0,0,0,0,0,0,0,0,0,0,0,0,0,0,0,0,0,0,0,0,0,0,0,2,,,999,999,999,999,999,999,999,999,999,999,999,999,999,1,1,1,1,,,1,998,3
71134,2024,11,2,6,32,00000,,1,1,A-52,114.35,1,1,3,4,0,0,1,1,0,0,1,1,2,0,0,0,0,0,0,0,0,0,0,0,0,0,0,0,0,0,0,0,0,0,0,0,2,,,999,999,999,999,999,999,999,999,999,999,999,999,999,1,1,6,1,,,1,998,1
71135,2024,12,4,11,32,00000,,1,1,A-52,115.187,1,1,3,4,0,0,3,3,0,0,3,3,4,0,0,0,0,0,0,0,0,0,0,0,0,0,0,0,0,0,0,0,0,0,0,0,2,,,999,999,999,999,999,999,999,999,999,999,999,999,999,1,8,1,1,,,1,998,3
71136,2024,4,7,19,32,00000,,1,1,OU-536,32.2,2,2,6,14,0,0,1,1,0,0,1,1,1,0,0,0,0,0,0,0,0,0,0,0,0,0,0,0,0,0,0,0,0,0,0,0,2,,,999,999,999,999,999,999,999,999,999,999,999,999,999,2,1,1,1,,,4,998,2
71137,2024,8,7,11,32,00000,,1,1,OU-536,35.758,1,2,6,16,0,0,1,1,0,0,1,1,1,0,0,0,0,0,0,0,0,0,0,0,0,0,0,0,0,0,0,0,0,0,0,0,2,,,999,999,999,999,999,999,999,999,999,999,999,999,999,1,1,1,7,,,1,998,2
71138,2024,1,4,8,32,00000,,1,1,OU-1021,1.7,2,3,6,8,0,0,1,1,0,0,1,1,1,0,0,0,0,0,0,0,0,0,0,0,0,0,0,0,0,0,0,0,0,0,0,0,2,,,999,999,999,999,999,999,999,999,999,999,999,999,999,1,3,6,1,,,12,998,1
71139,2024,3,4,15,32,00000,,1,1,A-52,168.5,1,1,3,17,0,0,3,3,0,0,3,3,1,0,0,0,0,0,0,0,0,0,0,0,0,0,0,0,0,0,0,0,0,0,0,0,2,,,999,999,999,999,999,999,999,999,999,999,999,999,999,2,4,1,4,1,1,1,998,1
71140,2024,6,5,13,32,00000,,3,2,No inventariada,,4,4,9,7,0,0,1,1,0,0,1,1,1,0,0,0,0,0,0,0,0,0,0,0,0,0,0,0,0,0,0,0,0,0,0,0,2,,,999,999,999,999,999,999,999,999,999,999,999,999,999,6,1,1,1,,,9,1,998
71141,2024,7,7,18,32,00000,,1,1,OU-1015,6.4,2,3,6,15,0,0,1,1,0,0,1,1,1,0,0,0,0,0,0,0,0,0,0,0,0,0,0,0,0,0,0,0,0,0,0,0,2,,,999,999,999,999,999,999,999,999,999,999,999,999,999,1,1,1,1,,,12,998,1
71142,2024,9,2,14,32,00000,,1,1,OU-1021,3,2,3,5,12,0,0,1,1,0,0,1,1,1,0,0,0,0,0,0,0,0,0,0,0,0,0,0,0,0,0,0,0,0,0,0,0,2,,,999,999,999,999,999,999,999,999,999,999,999,999,999,1,3,1,3,,,4,998,2
71143,2024,12,2,15,32,00000,,1,1,N-525,171.743,2,1,6,16,0,0,1,1,0,0,1,1,1,0,0,0,0,0,0,0,0,0,0,0,0,0,0,0,0,0,0,0,0,0,0,0,2,,,999,999,999,999,999,999,999,999,999,999,999,999,999,1,1,1,1,,,1,998,1
71144,2024,3,7,13,32,00000,,1,1,OU-302,4.7,1,2,6,19,0,1,0,1,0,1,0,1,1,0,0,0,0,0,0,0,0,0,0,0,0,0,0,0,0,0,0,0,0,0,0,0,2,,,999,999,999,999,999,999,999,999,999,999,999,999,999,1,1,1,1,,,1,998,2
71145,2024,6,6,20,32,00000,,1,1,OU-1254,0.7,1,3,6,10,0,1,0,1,0,1,0,1,1,0,0,0,0,0,0,0,0,0,0,0,0,0,0,0,0,0,0,0,0,0,0,0,2,,,999,999,999,999,999,999,999,999,999,999,999,999,999,1,1,1,2,,,1,998,1
71146,2024,7,7,15,32,00000,,1,1,OU-540,55.1,2,2,6,14,0,0,1,1,0,0,1,1,1,0,0,0,0,0,0,0,0,0,0,0,0,0,0,0,0,0,0,0,0,0,0,0,2,,,999,999,999,999,999,999,999,999,999,999,999,999,999,1,1,1,1,,,1,998,3
71147,2024,8,6,13,32,00000,,1,1,OU-302,9.5,2,2,6,19,0,0,1,1,0,0,1,1,1,0,0,0,0,0,0,0,0,0,0,0,0,0,0,0,0,0,0,0,0,0,0,0,2,,,999,999,999,999,999,999,999,999,999,999,999,999,999,1,1,6,1,,,4,998,2
71148,2024,3,4,20,32,00000,,1,1,N-120,551.9,3,1,6,1,0,0,2,2,0,0,2,2,2,0,0,0,0,0,0,0,0,0,0,0,0,0,0,0,0,0,0,0,0,0,0,0,2,,,999,999,999,999,999,999,999,999,999,999,999,999,999,1,1,6,1,,,4,998,1
71149,2024,5,6,12,32,00000,,1,1,OU-0508,9.9,3,3,6,12,0,0,3,3,0,0,3,3,2,0,0,0,0,0,0,0,0,0,0,0,0,0,0,0,0,0,0,0,0,0,0,0,2,,,999,999,999,999,999,999,999,999,999,999,999,999,999,1,3,1,3,,,1,998,1
71150,2024,5,4,18,32,00000,,2,2,OU-0508,13.293,2,3,6,7,0,0,1,1,0,0,1,1,1,0,0,0,0,0,0,0,0,0,0,0,0,0,0,0,0,0,0,0,0,0,0,0,1,4,OU-0508,0,0,0,0,1,0,1,0,1,0,0,0,0,1,1,1,1,,,1,3,1
71151,2024,7,4,17,32,00000,,1,1,OU-0510,6.09,2,3,6,19,0,0,1,1,0,0,1,1,1,0,0,0,0,0,0,0,0,0,0,0,0,0,0,0,0,0,0,0,0,0,0,0,2,,,999,999,999,999,999,999,999,999,999,999,999,999,999,1,1,1,1,,,1,998,2
71152,2024,8,6,11,32,00000,,1,1,OU-P-0000,0.6,2,4,10,19,0,0,1,1,0,0,1,1,1,0,0,0,0,0,0,0,0,0,0,0,0,0,0,0,0,0,0,0,0,0,0,0,2,,,999,999,999,999,999,999,999,999,999,999,999,999,999,1,1,1,1,,,12,998,3
71153,2024,8,5,14,32,00000,,3,2,No inventariada,,4,4,9,2,0,0,1,1,0,0,1,1,2,0,0,0,0,0,0,0,0,0,0,0,0,0,0,0,0,0,0,0,0,0,0,0,2,,,999,999,999,999,999,999,999,999,999,999,999,999,999,1,1,1,1,,,9,998,998
71154,2024,12,7,5,32,00000,,1,1,N-532,9.45,1,1,6,14,0,0,1,1,0,0,1,1,1,0,0,0,0,0,0,0,0,0,0,0,0,0,0,0,0,0,0,0,0,0,0,0,2,,,999,999,999,999,999,999,999,999,999,999,999,999,999,1,1,6,1,,,1,998,1
71155,2024,1,2,22,32,32054,,3,2,No inventariada,,4,3,9,2,0,0,1,1,0,0,1,1,2,0,0,0,0,0,0,0,0,0,0,0,0,0,0,0,0,0,0,0,0,0,0,0,2,,,999,999,999,999,999,999,999,999,999,999,999,999,999,2,3,4,2,1,,1,998,998
71156,2024,1,3,13,32,32054,,1,1,ENLACE,0.98,2,5,3,12,0,0,1,1,0,0,1,1,1,0,0,0,0,0,0,0,0,0,0,0,0,0,0,0,0,0,0,0,0,0,0,0,2,,,999,999,999,999,999,999,999,999,999,999,999,999,999,1,3,1,4,,,5,998,3
71157,2024,1,7,20,32,32054,,1,1,N-120,577.715,1,1,6,3,0,0,3,3,0,0,3,3,2,0,0,0,0,0,0,0,0,0,0,0,0,0,0,0,0,0,0,0,0,0,0,0,2,,,999,999,999,999,999,999,999,999,999,999,999,999,999,1,1,3,1,,,1,998,1
71158,2024,1,1,21,32,32054,,3,2,No inventariada,,4,4,9,7,0,1,0,1,0,1,0,1,1,0,0,0,0,0,0,0,0,0,0,0,0,0,0,0,0,0,0,0,0,0,0,0,2,,,999,999,999,999,999,999,999,999,999,999,999,999,999,1,1,4,1,,,1,3,998
71159,2024,1,4,15,32,32054,,3,2,No inventariada,,4,4,9,3,0,0,1,1,0,0,1,1,2,0,0,0,0,0,0,0,0,0,0,0,0,0,0,0,0,0,0,0,0,0,0,0,1,2,,1,0,0,0,0,0,0,0,0,0,0,0,0,1,1,1,1,,,1,998,998
71160,2024,1,5,19,32,32054,,3,2,No inventariada,,4,4,9,7,0,0,1,1,0,0,1,1,1,0,0,0,0,0,0,0,0,0,0,0,0,0,0,0,0,0,0,0,0,0,0,0,2,,,999,999,999,999,999,999,999,999,999,999,999,999,999,1,3,4,3,,,1,3,998
71161,2024,1,5,16,32,32054,,3,2,No inventariada,,4,4,9,2,0,0,3,3,0,0,3,3,2,0,0,0,0,0,0,0,0,0,0,0,0,0,0,0,0,0,0,0,0,0,0,0,1,4,,0,0,0,0,0,0,1,0,0,0,0,0,0,1,3,1,3,,,1,998,998
71162,2024,1,7,22,32,32054,,3,2,No inventariada,,4,4,9,2,0,0,2,2,0,0,2,2,3,0,0,0,0,0,0,0,0,0,0,0,0,0,0,0,0,0,0,0,0,0,0,0,1,2,,0,0,0,0,1,0,0,0,0,0,0,0,0,1,3,4,3,,,1,998,998
71163,2024,1,5,8,32,32054,,3,2,No inventariada,,4,4,9,10,0,0,1,1,0,0,1,1,1,0,0,0,0,0,0,0,0,0,0,0,0,0,0,0,0,0,0,0,0,0,0,0,2,,,999,999,999,999,999,999,999,999,999,999,999,999,999,1,1,1,1,,,1,998,998
71164,2024,2,5,12,32,32054,,1,1,N-120,574.1,1,1,6,19,0,0,1,1,0,0,1,1,2,0,0,0,0,0,0,0,0,0,0,0,0,0,0,0,0,0,0,0,0,0,0,0,2,,,1,0,0,0,0,0,0,0,0,0,0,0,0,1,1,1,2,,,1,998,3
71165,2024,2,2,6,32,32054,,3,2,No inventariada,,4,1,9,19,0,1,0,1,0,1,0,1,1,0,0,0,0,0,0,0,0,0,0,0,0,0,0,0,0,0,0,0,0,0,0,0,2,,,999,999,999,999,999,999,999,999,999,999,999,999,999,1,1,4,1,,,1,998,998
71166,2024,2,3,14,32,32054,,3,2,No inventariada,,4,5,7,7,0,0,1,1,0,0,1,1,1,0,0,0,0,0,0,0,0,0,0,0,0,0,0,0,0,0,0,0,0,0,0,0,2,,,999,999,999,999,999,999,999,999,999,999,999,999,999,999,1,1,1,,,1,4,998
71167,2024,1,5,18,32,32054,,1,1,N-120,0,2,5,6,3,0,0,1,1,0,0,1,1,2,0,0,0,0,0,0,0,0,0,0,0,0,0,0,0,0,0,0,0,0,0,0,0,1,4,N-120,0,0,0,0,1,0,1,0,0,0,0,0,0,1,1,1,1,,,1,998,2
71168,2024,2,1,7,32,32054,,3,2,No inventariada,,4,4,9,7,0,0,1,1,0,0,1,1,1,0,0,0,0,0,0,0,0,0,0,0,0,0,0,0,0,0,0,0,0,0,0,0,2,,,999,999,999,999,999,999,999,999,999,999,999,999,999,1,1,3,1,,,1,3,998
71169,2024,2,7,11,32,32054,,3,2,No inventariada,,4,4,9,2,0,0,1,1,0,0,1,1,2,0,0,0,0,0,0,0,0,0,0,0,0,0,0,0,0,0,0,0,0,0,0,0,1,1,,0,0,1,0,0,0,0,0,0,0,0,0,0,1,3,1,3,,,1,998,998
71170,2024,2,1,0,32,32054,,3,2,No inventariada,,4,4,9,10,0,0,1,1,0,0,1,1,1,0,0,0,0,0,0,0,0,0,0,0,0,0,0,0,0,0,0,0,0,0,0,0,2,,,999,999,999,999,999,999,999,999,999,999,999,999,999,1,3,4,2,,,1,998,998
71171,2024,1,6,14,32,32054,,3,2,No inventariada,,4,2,9,10,0,1,0,1,0,1,0,1,2,0,0,0,0,0,0,0,0,0,0,0,0,0,0,0,0,0,0,0,0,0,0,0,2,,,999,999,999,999,999,999,999,999,999,999,999,999,999,1,1,1,1,,,1,998,998
71172,2024,3,2,13,32,32054,,3,2,No inventariada,,4,2,9,7,0,0,1,1,0,0,1,1,1,0,0,0,0,0,0,0,0,0,0,0,0,0,0,0,0,0,0,0,0,0,0,0,2,,,999,999,999,999,999,999,999,999,999,999,999,999,999,999,1,1,1,,,10,3,998
71173,2024,3,4,16,32,32054,,3,2,No inventariada,,4,4,9,3,0,0,1,1,0,0,1,1,2,0,0,0,0,0,0,0,0,0,0,0,0,0,0,0,0,0,0,0,0,0,0,0,2,,,999,999,999,999,999,999,999,999,999,999,999,999,999,1,3,1,2,,,1,998,998
71174,2024,2,6,21,32,32054,,3,2,No inventariada,,4,4,9,10,0,0,1,1,0,0,1,1,1,0,0,0,0,0,0,0,0,0,0,0,0,0,0,0,0,0,0,0,0,0,0,0,2,,,999,999,999,999,999,999,999,999,999,999,999,999,999,1,1,4,1,,,1,998,998
71175,2024,3,3,17,32,32054,,3,2,No inventariada,,4,4,9,7,0,1,0,1,0,1,0,1,1,0,0,0,0,0,0,0,0,0,0,0,0,0,0,0,0,0,0,0,0,0,0,0,1,4,,0,0,0,0,0,0,0,0,1,0,0,0,0,1,1,1,1,,,1,3,998
71176,2024,3,7,0,32,32054,,3,2,No inventariada,,4,4,9,12,0,0,1,1,0,0,1,1,1,0,0,0,0,0,0,0,0,0,0,0,0,0,0,0,0,0,0,0,0,0,0,0,2,,,999,999,999,999,999,999,999,999,999,999,999,999,999,1,1,4,1,,,1,998,998
71177,2024,3,5,23,32,32054,,3,2,No inventariada,,4,4,9,10,0,1,0,1,0,1,0,1,1,0,0,0,0,0,0,0,0,0,0,0,0,0,0,0,0,0,0,0,0,0,0,0,1,4,,0,0,0,0,1,0,0,0,0,0,0,0,1,2,3,4,4,,,5,998,998
71178,2024,3,7,20,32,32054,,3,2,No inventariada,,4,4,9,3,0,0,1,1,0,0,1,1,2,0,0,0,0,0,0,0,0,0,0,0,0,0,0,0,0,0,0,0,0,0,0,0,2,,,999,999,999,999,999,999,999,999,999,999,999,999,999,1,1,4,1,,,1,3,998
71179,2024,3,3,8,32,32054,,3,2,No inventariada,,4,1,9,7,0,1,0,1,0,1,0,1,1,0,0,0,0,0,0,0,0,0,0,0,0,0,0,0,0,0,0,0,0,0,0,0,2,,,999,999,999,999,999,999,999,999,999,999,999,999,999,1,1,1,1,,,1,3,998
71180,2024,3,3,14,32,32054,,3,2,No inventariada,,4,2,9,7,0,1,0,1,0,1,0,1,1,0,0,0,0,0,0,0,0,0,0,0,0,0,0,0,0,0,0,0,0,0,0,0,2,,,999,999,999,999,999,999,999,999,999,999,999,999,999,1,1,1,1,,,1,3,998
71181,2024,3,3,21,32,32054,,3,2,No inventariada,,4,4,9,2,0,0,3,3,0,0,3,3,2,0,0,0,0,0,0,0,0,0,0,0,0,0,0,0,0,0,0,0,0,0,0,0,1,4,,0,0,0,0,1,0,1,0,0,0,0,0,0,1,1,4,1,,,1,998,998
71182,2024,3,5,13,32,32054,,1,1,OU-105,3.3,3,2,6,2,0,1,0,1,0,1,0,1,3,0,0,0,0,0,0,0,0,0,0,0,0,0,0,0,0,0,0,0,0,0,0,0,2,,,999,999,999,999,999,999,999,999,999,999,999,999,999,1,1,1,1,,,4,998,1
71183,2024,3,6,23,32,32054,,3,2,No inventariada,,4,1,9,7,1,0,0,1,1,0,0,1,1,1,0,0,0,0,0,0,0,0,0,0,1,0,0,0,0,0,0,0,0,0,0,0,2,,,999,999,999,999,999,999,999,999,999,999,999,999,999,1,1,4,1,,,1,3,998
71184,2024,3,1,12,32,32054,,3,2,No inventariada,,4,2,9,7,0,1,0,1,0,1,0,1,1,0,0,0,0,0,0,0,0,0,0,0,0,0,0,0,0,0,0,0,0,0,0,0,1,1,,0,0,1,0,0,0,0,0,0,0,0,0,0,1,1,1,1,,,1,3,998
71185,2024,3,6,13,32,32054,,3,2,No inventariada,,4,3,9,3,0,0,2,2,0,0,2,2,2,0,0,0,0,0,0,0,0,0,0,0,0,0,0,0,0,0,0,0,0,0,0,0,2,,,999,999,999,999,999,999,999,999,999,999,999,999,999,1,1,1,1,,,1,998,998
71186,2024,3,2,17,32,32054,,3,2,No inventariada,,4,4,9,7,0,0,1,1,0,0,1,1,1,0,0,0,0,0,0,0,0,0,0,0,0,0,0,0,0,0,0,0,0,0,0,0,2,,,999,999,999,999,999,999,999,999,999,999,999,999,999,1,1,1,1,,,1,3,998
71187,2024,3,4,15,32,32054,,3,2,No inventariada,,4,4,9,2,0,0,1,1,0,0,1,1,2,0,0,0,0,0,0,0,0,0,0,0,0,0,0,0,0,0,0,0,0,0,0,0,1,1,,0,0,0,0,1,0,0,0,0,0,0,0,1,1,1,1,1,,,9,998,998
71188,2024,3,5,12,32,32054,,3,2,No inventariada,,4,4,9,3,0,0,1,1,0,0,1,1,2,0,0,0,0,0,0,0,0,0,0,0,0,0,0,0,0,0,0,0,0,0,0,0,2,,,999,999,999,999,999,999,999,999,999,999,999,999,999,1,1,1,1,,,1,998,998
71189,2024,4,3,16,32,32054,,1,1,OU-11,0,1,1,5,20,0,1,0,1,0,1,0,1,2,0,0,0,0,0,0,0,0,0,0,0,0,0,0,0,0,0,0,0,0,0,0,0,1,4,A-52,0,0,0,0,1,0,1,0,0,0,0,0,0,1,1,1,1,,,1,998,1
71190,2024,3,5,17,32,32054,,3,2,No inventariada,,4,4,9,7,0,0,1,1,0,0,1,1,1,0,0,0,0,0,0,0,0,0,0,0,0,0,0,0,0,0,0,0,0,0,0,0,2,,,999,999,999,999,999,999,999,999,999,999,999,999,999,1,1,1,1,,,1,1,998
71191,2024,3,6,9,32,32054,,3,2,No inventariada,,4,4,9,4,0,0,1,1,0,0,1,1,2,0,0,0,0,0,0,0,0,0,0,0,0,0,0,0,0,0,0,0,0,0,0,0,2,,,999,999,999,999,999,999,999,999,999,999,999,999,999,1,1,1,1,,,1,998,998
71192,2024,3,1,19,32,32054,,3,2,No inventariada,,4,2,9,7,0,0,1,1,0,0,1,1,1,0,0,0,0,0,0,0,0,0,0,0,0,0,0,0,0,0,0,0,0,0,0,0,2,,,999,999,999,999,999,999,999,999,999,999,999,999,999,1,3,3,3,,,1,3,998
71193,2024,3,3,20,32,32054,,3,2,No inventariada,,4,1,9,5,0,0,1,1,0,0,1,1,4,0,0,0,0,0,0,0,0,0,0,0,0,0,0,0,0,0,0,0,0,0,0,0,2,,,999,999,999,999,999,999,999,999,999,999,999,999,999,1,3,3,3,,,1,998,998
71194,2024,4,5,19,32,32054,,3,2,No inventariada,,4,4,9,7,0,1,0,1,0,1,0,1,1,0,0,0,0,0,0,0,0,0,0,0,0,0,0,0,0,0,0,0,0,0,0,0,2,,,999,999,999,999,999,999,999,999,999,999,999,999,999,1,1,1,1,,,1,3,998
71195,2024,4,2,15,32,32054,,3,2,No inventariada,,4,2,9,4,0,0,1,1,0,0,1,1,2,0,0,0,0,0,0,0,0,0,0,0,0,0,0,0,0,0,0,0,0,0,0,0,2,,,999,999,999,999,999,999,999,999,999,999,999,999,999,1,1,1,1,,,1,998,998
71196,2024,4,3,20,32,32054,,3,2,No inventariada,,4,4,9,4,0,0,1,1,0,0,1,1,2,0,0,0,0,0,0,0,0,0,0,0,0,0,0,0,0,0,0,0,0,0,0,0,2,,,999,999,999,999,999,999,999,999,999,999,999,999,999,1,1,2,1,,,1,998,998
71197,2024,4,4,11,32,32054,,3,2,No inventariada,,4,1,9,2,0,0,1,1,0,0,1,1,2,0,0,0,0,0,0,0,0,0,0,0,0,0,0,0,0,0,0,0,0,0,0,0,2,,,999,999,999,999,999,999,999,999,999,999,999,999,999,1,1,1,1,,,1,998,998
71198,2024,4,1,8,32,32054,,3,2,No inventariada,,4,3,14,1,0,0,2,2,0,0,2,2,2,0,0,0,0,0,0,0,0,0,0,0,0,0,0,0,0,0,0,0,0,0,0,0,2,,,999,999,999,999,999,999,999,999,999,999,999,999,999,1,3,2,3,,,1,998,998
71199,2024,4,2,1,32,32054,,3,2,No inventariada,,4,2,9,10,0,0,1,1,0,0,1,1,1,0,0,0,0,0,0,0,0,0,0,0,0,0,0,0,0,0,0,0,0,0,0,0,2,,,999,999,999,999,999,999,999,999,999,999,999,999,999,1,1,4,1,,,1,998,998
71200,2024,4,3,7,32,32054,,3,2,No inventariada,,4,4,9,3,0,0,1,1,0,0,1,1,2,0,0,0,0,0,0,0,0,0,0,0,0,0,0,0,0,0,0,0,0,0,0,0,2,,,999,999,999,999,999,999,999,999,999,999,999,999,999,1,1,2,1,,,1,998,998
71201,2024,4,1,7,32,32054,,3,2,No inventariada,,4,4,9,7,0,0,1,1,0,0,1,1,1,0,0,0,0,0,0,0,0,0,0,0,0,0,0,0,0,0,0,0,0,0,0,0,2,,,999,999,999,999,999,999,999,999,999,999,999,999,999,1,1,2,1,,,1,3,998
71202,2024,4,5,15,32,32054,,3,2,No inventariada,,4,1,9,1,0,0,1,1,0,0,1,1,2,0,0,0,0,0,0,0,0,0,0,0,0,0,0,0,0,0,0,0,0,0,0,0,2,,,999,999,999,999,999,999,999,999,999,999,999,999,999,1,1,1,1,,,1,998,998
71203,2024,4,5,14,32,32054,,3,2,No inventariada,,4,1,9,20,0,0,1,1,0,0,1,1,2,0,0,0,0,0,0,0,0,0,0,0,0,0,0,0,0,0,0,0,0,0,0,0,1,4,N-120a,0,0,0,0,1,0,1,0,0,0,0,0,0,1,3,1,2,,,1,998,998
71204,2024,5,6,18,32,32054,,3,2,No inventariada,,4,2,9,4,0,0,7,7,0,0,7,7,2,0,0,0,0,0,0,0,0,0,0,0,0,0,0,0,0,0,0,0,0,0,0,0,2,,,999,999,999,999,999,999,999,999,999,999,999,999,999,1,1,1,1,,,1,998,998
71205,2024,4,4,14,32,32054,,3,2,No inventariada,,4,4,9,7,0,0,1,1,0,0,1,1,1,0,0,0,0,0,0,0,0,0,0,0,0,0,0,0,0,0,0,0,0,0,0,0,1,1,,0,0,1,0,0,0,0,0,0,0,0,0,0,1,1,1,1,,,1,3,998
71206,2024,4,4,20,32,32054,,3,2,No inventariada,,4,4,9,15,0,0,1,1,0,0,1,1,1,0,0,0,0,0,0,0,0,0,0,0,0,0,0,0,0,0,0,0,0,0,0,0,2,,,999,999,999,999,999,999,999,999,999,999,999,999,999,1,1,1,1,,,1,998,998