ID_ACCIDENTE,ANYO,MES,DIA_SEMANA,HORA,COD_PROVINCIA,COD_MUNICIPIO,ISLA,ZONA,ZONA_AGRUPADA,CARRETERA,KM,SENTIDO_1F,TITULARIDAD_VIA,TIPO_VIA,TIPO_ACCIDENTE,TOTAL_MU24H,TOTAL_HG24H,TOTAL_HL24H,TOTAL_VICTIMAS_24H,TOTAL_MU30DF,TOTAL_HG30DF,TOTAL_HL30DF,TOTAL_VICTIMAS_30DF,TOTAL_VEHICULOS,TOT_PEAT_MU24H,TOT_BICI_MU24H,TOT_CICLO_MU24H,TOT_MOTO_MU24H,TOT_TUR_MU24H,TOT_FURG_MU24H,TOT_CAM_MENOS3500_MU24H,TOT_CAM_MAS3500_MU24H,TOT_BUS_MU24H,TOT_OTRO_MU24H,TOT_SINESPECIF_MU24H,TOT_PEAT_MU30DF,TOT_BICI_MU30DF,TOT_CICLO_MU30DF,TOT_MOTO_MU30DF,TOT_TUR_MU30DF,TOT_FURG_MU30DF,TOT_CAM_MENOS3500_MU30DF,TOT_CAM_MAS3500_MU30DF,TOT_BUS_MU30DF,TOT_VMP_MU30DF,TOT_OTRO_MU30DF,TOT_SINESPECIF_MU30DF,NUDO,NUDO_INFO,CARRETERA_CRUCE,PRIORI_NORMA,PRIORI_AGENTE,PRIORI_SEMAFORO,PRIORI_VERT_STOP,PRIORI_VERT_CEDA,PRIORI_HORIZ_STOP,PRIORI_HORIZ_CEDA,PRIORI_MARCAS,PRIORI_PEA_NO_ELEV,PRIORI_PEA_ELEV,PRIORI_MARCA_CICLOS,PRIORI_CIRCUNSTANCIAL,PRIORI_OTRA,CONDICION_NIVEL_CIRCULA,CONDICION_FIRME,CONDICION_ILUMINACION,CONDICION_METEO,CONDICION_NIEBLA,CONDICION_VIENTO,VISIB_RESTRINGIDA_POR,ACERA,TRAZADO_PLANTA
84360,2024,9,6,2,41,41091,,3,2,No inventariada,,4,4,9,10,0,1,0,1,0,1,0,1,1,0,0,0,0,0,0,0,0,0,0,0,0,0,0,0,0,0,0,0,0,0,0,0,2,,,999,999,999,999,999,999,999,999,999,999,999,999,999,1,1,4,1,,,1,998,998
84361,2024,9,5,11,41,41091,,3,2,No inventariada,,4,4,9,2,0,0,1,1,0,0,1,1,2,0,0,0,0,0,0,0,0,0,0,0,0,0,0,0,0,0,0,0,0,0,0,0,1,1,,0,0,0,0,0,0,0,0,0,0,1,0,0,1,1,1,1,,,1,998,998
84362,2024,7,3,1,41,41091,,3,2,No inventariada,,4,4,9,10,0,0,1,1,0,0,1,1,1,0,0,0,0,0,0,0,0,0,0,0,0,0,0,0,0,0,0,0,0,0,0,0,2,,,999,999,999,999,999,999,999,999,999,999,999,999,999,6,1,4,1,,,1,998,998
84363,2024,9,5,20,41,41091,,3,2,No inventariada,,4,4,9,2,0,0,1,1,0,0,1,1,3,0,0,0,0,0,0,0,0,0,0,0,0,0,0,0,0,0,0,0,0,0,0,0,1,4,,0,0,1,0,0,0,0,0,0,0,0,0,0,6,1,1,1,,,1,998,998
84364,2024,8,5,16,41,41091,,1,1,SE-30,10.2,1,1,3,4,0,0,1,1,0,0,1,1,2,0,0,0,0,0,0,0,0,0,0,0,0,0,0,0,0,0,0,0,0,0,0,0,2,,,999,999,999,999,999,999,999,999,999,999,999,999,999,3,1,1,1,,,1,998,1
84365,2024,9,4,18,41,41091,,1,1,SE-30,4,1,1,3,10,0,0,1,1,0,0,1,1,1,0,0,0,0,0,0,0,0,0,0,0,0,0,0,0,0,0,0,0,0,0,0,0,2,,,999,999,999,999,999,999,999,999,999,999,999,999,999,2,1,1,1,,,1,998,1
84366,2024,8,4,8,41,41091,,3,2,No inventariada,,4,4,9,2,0,1,0,1,0,1,0,1,2,0,0,0,0,0,0,0,0,0,0,0,0,0,0,0,0,0,0,0,0,0,0,0,1,1,,0,0,0,1,0,0,0,0,0,0,0,0,0,1,1,1,1,,,1,998,998
84367,2024,9,5,10,41,41091,,3,2,No inventariada,,4,4,9,7,0,0,1,1,0,0,1,1,1,0,0,0,0,0,0,0,0,0,0,0,0,0,0,0,0,0,0,0,0,0,0,0,2,,,999,999,999,999,999,999,999,999,999,999,999,999,999,3,1,1,1,,,9,4,998
84368,2024,9,5,12,41,41091,,3,2,No inventariada,,4,4,9,4,0,0,3,3,0,0,3,3,3,0,0,0,0,0,0,0,0,0,0,0,0,0,0,0,0,0,0,0,0,0,0,0,2,,,999,999,999,999,999,999,999,999,999,999,999,999,999,6,1,1,1,,,1,998,998
84369,2024,9,6,12,41,41091,,3,2,No inventariada,,4,4,9,6,0,0,1,1,0,0,1,1,2,0,0,0,0,0,0,0,0,0,0,0,0,0,0,0,0,0,0,0,0,0,0,0,2,,,999,999,999,999,999,999,999,999,999,999,999,999,999,2,1,1,1,,,1,998,998
84370,2024,9,5,14,41,41091,,3,2,No inventariada,,4,4,9,4,0,0,1,1,0,0,1,1,2,0,0,0,0,0,0,0,0,0,0,0,0,0,0,0,0,0,0,0,0,0,0,0,2,,,999,999,999,999,999,999,999,999,999,999,999,999,999,3,1,1,1,,,1,998,998
84371,2024,9,3,15,41,41091,,3,2,No inventariada,,4,4,9,4,0,0,1,1,0,0,1,1,2,0,0,0,0,0,0,0,0,0,0,0,0,0,0,0,0,0,0,0,0,0,0,0,2,,,999,999,999,999,999,999,999,999,999,999,999,999,999,1,1,1,1,,,1,998,998
84372,2024,8,6,13,41,41091,,3,2,No inventariada,,4,4,9,10,0,0,1,1,0,0,1,1,2,0,0,0,0,0,0,0,0,0,0,0,0,0,0,0,0,0,0,0,0,0,0,0,1,1,,0,0,0,0,1,0,0,0,0,0,0,0,0,6,1,1,1,,,9,998,998
84373,2024,9,7,23,41,41091,,3,2,No inventariada,,4,4,9,4,0,0,2,2,0,0,2,2,2,0,0,0,0,0,0,0,0,0,0,0,0,0,0,0,0,0,0,0,0,0,0,0,2,,,999,999,999,999,999,999,999,999,999,999,999,999,999,6,1,4,1,,,1,998,998
84374,2024,8,1,19,41,41091,,3,2,No inventariada,,4,4,9,4,0,0,2,2,0,0,2,2,2,0,0,0,0,0,0,0,0,0,0,0,0,0,0,0,0,0,0,0,0,0,0,0,1,1,,0,0,0,0,0,0,0,0,0,0,0,1,0,6,1,1,1,,,1,998,998
84375,2024,9,5,19,41,41091,,3,2,No inventariada,,4,4,9,10,0,0,1,1,0,0,1,1,2,0,0,0,0,0,0,0,0,0,0,0,0,0,0,0,0,0,0,0,0,0,0,0,1,1,,0,0,0,0,1,0,0,0,0,0,0,0,0,1,1,1,1,,,1,998,998
84376,2024,9,1,12,41,41091,,3,2,No inventariada,,4,4,9,2,0,0,1,1,0,0,1,1,2,0,0,0,0,0,0,0,0,0,0,0,0,0,0,0,0,0,0,0,0,0,0,0,1,1,,0,0,1,0,0,0,0,0,0,0,0,0,0,1,1,1,1,,,1,998,998
84377,2024,9,1,16,41,41091,,3,2,No inventariada,,4,4,9,10,0,0,1,1,0,0,1,1,1,0,0,0,0,0,0,0,0,0,0,0,0,0,0,0,0,0,0,0,0,0,0,0,2,,,999,999,999,999,999,999,999,999,999,999,999,999,999,1,8,1,1,,,1,998,998
84378,2024,9,1,18,41,41091,,3,2,No inventariada,,4,4,9,10,0,0,1,1,0,0,1,1,1,0,0,0,0,0,0,0,0,0,0,0,0,0,0,0,0,0,0,0,0,0,0,0,2,,,999,999,999,999,999,999,999,999,999,999,999,999,999,1,1,1,1,,,18,4,998
84379,2024,9,1,20,41,41091,,3,2,No inventariada,,4,4,9,2,0,0,1,1,0,0,1,1,3,0,0,0,0,0,0,0,0,0,0,0,0,0,0,0,0,0,0,0,0,0,0,0,1,1,,0,0,0,0,1,0,0,0,0,0,0,0,0,1,1,1,1,,,2,998,998
84380,2024,9,2,0,41,41091,,3,2,No inventariada,,4,4,9,2,0,0,9,9,0,0,9,9,5,0,0,0,0,0,0,0,0,0,0,0,0,0,0,0,0,0,0,0,0,0,0,0,1,1,,0,0,0,0,1,0,0,0,0,0,0,0,0,6,1,4,1,,,1,998,998
84381,2024,9,2,5,41,41091,,3,2,No inventariada,,4,4,9,10,0,0,1,1,0,0,1,1,2,0,0,0,0,0,0,0,0,0,0,0,0,0,0,0,0,0,0,0,0,0,0,0,2,,,999,999,999,999,999,999,999,999,999,999,999,999,999,1,1,4,1,,,1,998,998
84382,2024,9,2,8,41,41091,,3,2,No inventariada,,4,4,9,2,0,0,1,1,0,0,1,1,2,0,0,0,0,0,0,0,0,0,0,0,0,0,0,0,0,0,0,0,0,0,0,0,2,,,999,999,999,999,999,999,999,999,999,999,999,999,999,2,1,1,2,,,1,998,998
84383,2024,9,7,13,41,41091,,3,2,No inventariada,,4,4,9,2,0,0,1,1,0,0,1,1,2,0,0,0,0,0,0,0,0,0,0,0,0,0,0,0,0,0,0,0,0,0,0,0,1,2,,0,0,0,0,1,0,0,0,0,0,0,0,0,1,1,1,1,,,1,998,998
84384,2024,9,2,11,41,41091,,3,2,No inventariada,,4,4,9,10,0,0,1,1,0,0,1,1,1,0,0,0,0,0,0,0,0,0,0,0,0,0,0,0,0,0,0,0,0,0,0,0,1,4,,0,0,1,0,0,0,0,0,0,0,0,0,0,1,1,1,1,,,1,998,998
84385,2024,9,2,12,41,41091,,3,2,No inventariada,,4,4,9,7,0,0,1,1,0,0,1,1,2,0,0,0,0,0,0,0,0,0,0,0,0,0,0,0,0,0,0,0,0,0,0,0,1,1,,0,0,1,0,0,0,0,0,0,0,0,0,0,6,1,1,1,,,1,998,998
84386,2024,9,2,15,41,41091,,3,2,No inventariada,,4,4,9,4,0,0,1,1,0,0,1,1,2,0,0,0,0,0,0,0,0,0,0,0,0,0,0,0,0,0,0,0,0,0,0,0,1,4,,0,0,1,0,0,0,0,0,0,0,0,0,0,1,1,1,1,,,1,998,998
84387,2024,9,2,16,41,41091,,3,2,No inventariada,,4,4,9,4,0,0,2,2,0,0,2,2,3,0,0,0,0,0,0,0,0,0,0,0,0,0,0,0,0,0,0,0,0,0,0,0,2,,,999,999,999,999,999,999,999,999,999,999,999,999,999,2,1,1,1,,,1,998,998
84388,2024,9,3,5,41,41091,,1,1,SE-30,13.609,2,1,3,10,0,0,1,1,0,0,1,1,1,0,0,0,0,0,0,0,0,0,0,0,0,0,0,0,0,0,0,0,0,0,0,0,2,,,999,999,999,999,999,999,999,999,999,999,999,999,999,1,7,6,1,,,1,998,2
84389,2024,9,2,22,41,41091,,3,2,No inventariada,,4,4,9,7,0,0,1,1,0,0,1,1,2,0,0,0,0,0,0,0,0,0,0,0,0,0,0,0,0,0,0,0,0,0,0,0,1,1,,1,0,0,0,0,0,0,0,0,0,0,0,0,1,1,4,1,,,1,998,998
84390,2024,9,3,0,41,41091,,3,2,No inventariada,,4,4,9,7,0,0,2,2,0,0,2,2,1,0,0,0,0,0,0,0,0,0,0,0,0,0,0,0,0,0,0,0,0,0,0,0,2,,,999,999,999,999,999,999,999,999,999,999,999,999,999,1,1,4,1,,,1,4,998
84391,2024,9,3,7,41,41091,,3,2,No inventariada,,4,4,9,3,0,0,1,1,0,0,1,1,2,0,0,0,0,0,0,0,0,0,0,0,0,0,0,0,0,0,0,0,0,0,0,0,1,2,,0,0,1,0,0,0,0,0,0,0,0,0,0,2,1,3,1,,,1,998,998
84392,2024,9,2,14,41,41091,,3,2,No inventariada,,4,4,9,5,0,0,4,4,0,0,4,4,4,0,0,0,0,0,0,0,0,0,0,0,0,0,0,0,0,0,0,0,0,0,0,0,2,,,999,999,999,999,999,999,999,999,999,999,999,999,999,6,1,1,1,,,1,998,998
84393,2024,9,1,0,41,41091,,3,2,No inventariada,,4,4,9,4,0,0,1,1,0,0,1,1,2,0,0,0,0,0,0,0,0,0,0,0,0,0,0,0,0,0,0,0,0,0,0,0,1,5,,0,0,1,0,1,0,0,0,0,0,0,0,0,6,1,1,1,,,1,998,998
84394,2024,9,3,9,41,41091,,3,2,No inventariada,,4,4,9,10,0,0,1,1,0,0,1,1,2,0,0,0,0,0,0,0,0,0,0,0,0,0,0,0,0,0,0,0,0,0,0,0,2,,,999,999,999,999,999,999,999,999,999,999,999,999,999,1,1,1,1,,,1,998,998
84395,2024,9,1,21,41,41091,,3,2,No inventariada,,4,4,9,7,0,0,2,2,0,0,2,2,1,0,0,0,0,0,0,0,0,0,0,0,0,0,0,0,0,0,0,0,0,0,0,0,2,,,999,999,999,999,999,999,999,999,999,999,999,999,999,6,1,4,1,,,1,4,998
84396,2024,9,3,11,41,41091,,3,2,No inventariada,,4,4,9,2,0,0,3,3,0,0,3,3,2,0,0,0,0,0,0,0,0,0,0,0,0,0,0,0,0,0,0,0,0,0,0,0,1,1,,0,0,0,1,0,0,0,0,0,0,0,0,0,1,1,1,1,,,1,998,998
84397,2024,9,3,11,41,41091,,3,2,No inventariada,,4,4,9,10,0,0,1,1,0,0,1,1,1,0,0,0,0,0,0,0,0,0,0,0,0,0,0,0,0,0,0,0,0,0,0,0,1,2,,1,0,0,0,0,0,0,0,0,0,0,0,0,1,3,1,1,,,1,998,998
84398,2024,9,2,17,41,41091,,3,2,No inventariada,,4,4,9,2,0,0,1,1,0,0,1,1,2,0,0,0,0,0,0,0,0,0,0,0,0,0,0,0,0,0,0,0,0,0,0,0,1,1,,0,0,0,1,0,0,0,0,0,0,0,0,0,6,1,1,1,,,6,998,998
84399,2024,9,3,19,41,41091,,3,2,No inventariada,,4,4,9,10,0,0,1,1,0,0,1,1,1,0,0,0,0,0,0,0,0,0,0,0,0,0,0,0,0,0,0,0,0,0,0,0,2,,,999,999,999,999,999,999,999,999,999,999,999,999,999,1,1,1,1,,,1,998,998
84400,2024,9,6,15,41,41091,,3,2,No inventariada,,4,4,9,7,0,0,1,1,0,0,1,1,2,0,0,0,0,0,0,0,0,0,0,0,0,0,0,0,0,0,0,0,0,0,0,0,1,2,,0,0,1,0,0,0,0,0,0,0,0,0,0,6,1,1,1,,,1,998,998
84401,2024,9,3,10,41,41091,,3,2,No inventariada,,4,4,9,4,0,0,2,2,0,0,2,2,2,0,0,0,0,0,0,0,0,0,0,0,0,0,0,0,0,0,0,0,0,0,0,0,1,4,,0,0,1,0,0,0,0,0,0,0,0,0,0,6,1,1,1,,,1,998,998
84402,2024,9,3,8,41,41091,,3,2,No inventariada,,4,4,9,7,0,0,2,2,0,0,2,2,2,0,0,0,0,0,0,0,0,0,0,0,0,0,0,0,0,0,0,0,0,0,0,0,1,2,,0,0,0,0,0,0,0,0,1,0,0,0,0,6,1,1,1,,,1,998,998
84403,2024,9,4,8,41,41091,,3,2,No inventariada,,4,4,9,7,0,0,1,1,0,0,1,1,2,0,0,0,0,0,0,0,0,0,0,0,0,0,0,0,0,0,0,0,0,0,0,0,2,,,999,999,999,999,999,999,999,999,999,999,999,999,999,2,1,1,2,,,1,998,998
84404,2024,9,4,9,41,41091,,3,2,No inventariada,,4,4,9,4,0,0,1,1,0,0,1,1,3,0,0,0,0,0,0,0,0,0,0,0,0,0,0,0,0,0,0,0,0,0,0,0,1,5,,0,0,1,0,0,0,0,0,0,0,0,0,0,3,1,1,1,,,1,998,998
84405,2024,9,4,9,41,41091,,3,2,No inventariada,,4,4,9,4,0,0,2,2,0,0,2,2,3,0,0,0,0,0,0,0,0,0,0,0,0,0,0,0,0,0,0,0,0,0,0,0,2,,,999,999,999,999,999,999,999,999,999,999,999,999,999,1,1,1,2,,,1,998,998
84406,2024,9,3,19,41,41091,,3,2,No inventariada,,4,4,9,10,0,0,1,1,0,0,1,1,1,0,0,0,0,0,0,0,0,0,0,0,0,0,0,0,0,0,0,0,0,0,0,0,1,2,,1,0,0,0,0,0,0,0,0,0,0,0,0,1,7,1,1,,,1,998,998
84407,2024,9,5,0,41,41091,,3,2,No inventariada,,4,4,9,3,0,0,1,1,0,0,1,1,2,0,0,0,0,0,0,0,0,0,0,0,0,0,0,0,0,0,0,0,0,0,0,0,1,5,,0,0,1,0,0,0,0,0,0,0,0,0,0,1,1,4,1,,,18,998,998
84408,2024,8,7,0,41,41091,,3,2,No inventariada,,4,4,9,10,0,0,1,1,0,0,1,1,1,0,0,0,0,0,0,0,0,0,0,0,0,0,0,0,0,0,0,0,0,0,0,0,2,,,999,999,999,999,999,999,999,999,999,999,999,999,999,6,1,3,1,,,1,998,998
84409,2024,9,5,18,41,41086,,1,1,SE-30,14.9,1,1,3,4,0,0,1,1,0,0,1,1,2,0,0,0,0,0,0,0,0,0,0,0,0,0,0,0,0,0,0,0,0,0,0,0,2,,,999,999,999,999,999,999,999,999,999,999,999,999,999,3,1,1,1,,,1,998,1
84410,2024,9,4,19,41,41091,,3,2,No inventariada,,4,4,9,4,0,0,1,1,0,0,1,1,3,0,0,0,0,0,0,0,0,0,0,0,0,0,0,0,0,0,0,0,0,0,0,0,2,,,999,999,999,999,999,999,999,999,999,999,999,999,999,3,1,1,1,,,1,998,998
84411,2024,9,4,21,41,41091,,3,2,No inventariada,,4,4,9,2,0,0,1,1,0,0,1,1,2,0,0,0,0,0,0,0,0,0,0,0,0,0,0,0,0,0,0,0,0,0,0,0,1,1,,0,0,1,0,0,0,0,0,0,0,0,0,0,2,1,4,1,,,1,998,998
84412,2024,9,5,9,41,41091,,3,2,No inventariada,,4,4,9,10,0,0,1,1,0,0,1,1,1,0,0,0,0,0,0,0,0,0,0,0,0,0,0,0,0,0,0,0,0,0,0,0,2,,,999,999,999,999,999,999,999,999,999,999,999,999,999,6,3,1,1,,,1,998,998
84413,2024,9,3,12,41,41091,,3,2,No inventariada,,4,4,9,7,0,0,1,1,0,0,1,1,2,0,0,0,0,0,0,0,0,0,0,0,0,0,0,0,0,0,0,0,0,0,0,0,1,2,,0,0,0,0,0,0,0,0,1,0,0,0,0,6,1,1,1,,,1,998,998
84414,2024,9,4,10,41,41091,,3,2,No inventariada,,4,4,9,20,0,0,1,1,0,0,1,1,2,0,0,0,0,0,0,0,0,0,0,0,0,0,0,0,0,0,0,0,0,0,0,0,2,,,999,999,999,999,999,999,999,999,999,999,999,999,999,1,1,1,1,,,1,998,998
84415,2024,9,4,13,41,41091,,3,2,No inventariada,,4,4,9,2,0,0,2,2,0,0,2,2,2,0,0,0,0,0,0,0,0,0,0,0,0,0,0,0,0,0,0,0,0,0,0,0,2,,,999,999,999,999,999,999,999,999,999,999,999,999,999,1,1,1,1,,,1,998,998
84416,2024,9,5,23,41,41091,,3,2,No inventariada,,4,4,9,3,0,0,4,4,0,0,4,4,2,0,0,0,0,0,0,0,0,0,0,0,0,0,0,0,0,0,0,0,0,0,0,0,2,,,999,999,999,999,999,999,999,999,999,999,999,999,999,4,1,4,1,,,1,998,998
84417,2024,9,6,0,41,41091,,3,2,No inventariada,,4,4,9,2,0,0,1,1,0,0,1,1,2,0,0,0,0,0,0,0,0,0,0,0,0,0,0,0,0,0,0,0,0,0,0,0,1,1,,0,0,0,1,0,0,0,0,0,0,0,0,0,1,1,4,1,,,1,998,998
84418,2024,9,6,4,41,41091,,3,2,No inventariada,,4,4,9,2,0,0,3,3,0,0,3,3,4,0,0,0,0,0,0,0,0,0,0,0,0,0,0,0,0,0,0,0,0,0,0,0,1,1,,0,0,0,0,1,0,0,0,0,0,0,0,0,1,1,4,1,,,1,998,998
84419,2024,9,5,13,41,41091,,3,2,No inventariada,,4,4,9,10,0,0,1,1,0,0,1,1,1,0,0,0,0,0,0,0,0,0,0,0,0,0,0,0,0,0,0,0,0,0,0,0,1,1,,0,0,1,0,0,0,0,0,0,0,0,0,0,4,1,1,1,,,1,998,998
84420,2024,9,6,11,41,41091,,3,2,No inventariada,,4,4,9,7,0,0,1,1,0,0,1,1,1,0,0,0,0,0,0,0,0,0,0,0,0,0,0,0,0,0,0,0,0,0,0,0,1,2,,0,0,0,0,0,0,0,0,1,0,0,0,0,1,1,1,1,,,1,4,998
84421,2024,9,6,22,41,41091,,3,2,No inventariada,,4,4,9,4,0,0,5,5,0,0,5,5,3,0,0,0,0,0,0,0,0,0,0,0,0,0,0,0,0,0,0,0,0,0,0,0,2,,,999,999,999,999,999,999,999,999,999,999,999,999,999,1,1,4,1,,,1,998,998
84422,2024,9,5,13,41,41091,,1,1,SE-30,13,1,1,3,4,0,0,1,1,0,0,1,1,2,0,0,0,0,0,0,0,0,0,0,0,0,0,0,0,0,0,0,0,0,0,0,0,2,,,999,999,999,999,999,999,999,999,999,999,999,999,999,1,1,1,1,,,1,998,1
84423,2024,9,6,13,41,41091,,3,2,No inventariada,,4,4,9,7,0,0,2,2,0,0,2,2,2,0,0,0,0,0,0,0,0,0,0,0,0,0,0,0,0,0,0,0,0,0,0,0,2,,,999,999,999,999,999,999,999,999,999,999,999,999,999,1,1,1,1,,,1,998,998
84424,2024,9,7,4,41,41091,,3,2,No inventariada,,4,4,9,10,0,0,2,2,0,0,2,2,1,0,0,0,0,0,0,0,0,0,0,0,0,0,0,0,0,0,0,0,0,0,0,0,2,,,999,999,999,999,999,999,999,999,999,999,999,999,999,1,1,4,1,,,1,998,998
84425,2024,9,7,12,41,41091,,3,2,No inventariada,,4,4,9,10,0,0,1,1,0,0,1,1,1,0,0,0,0,0,0,0,0,0,0,0,0,0,0,0,0,0,0,0,0,0,0,0,2,,,999,999,999,999,999,999,999,999,999,999,999,999,999,1,1,1,1,,,1,998,998
84426,2024,9,6,22,41,41091,,3,2,No inventariada,,4,4,9,7,0,0,1,1,0,0,1,1,2,0,0,0,0,0,0,0,0,0,0,0,0,0,0,0,0,0,0,0,0,0,0,0,1,2,,1,0,0,0,0,0,0,0,0,0,0,0,0,6,1,3,1,,,2,998,998
84427,2024,8,6,20,41,41091,,3,2,No inventariada,,4,4,9,2,0,0,3,3,0,0,3,3,2,0,0,0,0,0,0,0,0,0,0,0,0,0,0,0,0,0,0,0,0,0,0,0,1,1,,0,0,1,0,0,0,0,0,0,0,0,0,0,6,1,1,1,,,1,998,998
84428,2024,8,1,23,41,41091,,3,2,No inventariada,,4,4,9,5,0,0,1,1,0,0,1,1,3,0,0,0,0,0,0,0,0,0,0,0,0,0,0,0,0,0,0,0,0,0,0,0,1,2,,1,0,0,0,0,0,0,0,0,0,0,0,0,1,1,4,1,,,1,998,998
84429,2024,8,6,0,41,41091,,3,2,No inventariada,,4,4,9,3,0,0,1,1,0,0,1,1,2,0,0,0,0,0,0,0,0,0,0,0,0,0,0,0,0,0,0,0,0,0,0,0,1,5,,0,0,1,0,0,0,0,0,0,0,0,0,0,4,1,4,1,,,1,998,998
84430,2024,9,1,18,41,41091,,3,2,No inventariada,,4,4,9,4,0,0,6,6,0,0,6,6,2,0,0,0,0,0,0,0,0,0,0,0,0,0,0,0,0,0,0,0,0,0,0,0,1,2,,1,0,0,0,0,0,0,0,0,0,0,0,0,1,1,2,1,,,1,998,998
84431,2024,9,4,12,41,41091,,3,2,No inventariada,,4,4,9,10,0,0,1,1,0,0,1,1,2,0,0,0,0,0,0,0,0,0,0,0,0,0,0,0,0,0,0,0,0,0,0,0,2,,,999,999,999,999,999,999,999,999,999,999,999,999,999,1,1,1,1,,,1,998,998
84432,2024,9,5,8,41,41091,,3,2,No inventariada,,4,4,9,2,0,0,1,1,0,0,1,1,2,0,0,0,0,0,0,0,0,0,0,0,0,0,0,0,0,0,0,0,0,0,0,0,1,1,,0,0,1,0,0,0,0,0,0,0,0,0,0,3,1,1,1,,,1,998,998
84433,2024,9,5,13,41,41091,,3,2,No inventariada,,4,4,9,7,0,0,1,1,0,0,1,1,2,0,0,0,0,0,0,0,0,0,0,0,0,0,0,0,0,0,0,0,0,0,0,0,1,5,,0,0,1,0,0,0,0,0,0,0,0,0,0,1,1,1,1,,,1,998,998
84434,2024,9,6,14,41,41091,,3,2,No inventariada,,4,4,9,7,0,0,1,1,0,0,1,1,2,0,0,0,0,0,0,0,0,0,0,0,0,0,0,0,0,0,0,0,0,0,0,0,1,2,,0,0,1,0,0,0,0,0,0,0,0,0,0,1,1,1,1,,,11,998,998
84435,2024,9,7,23,41,41091,,3,2,No inventariada,,4,4,9,1,0,0,1,1,0,0,1,1,2,0,0,0,0,0,0,0,0,0,0,0,0,0,0,0,0,0,0,0,0,0,0,0,1,2,,0,0,0,0,1,0,0,0,0,0,0,0,0,1,1,4,1,,,1,998,998
84436,2024,9,1,0,41,41091,,3,2,No inventariada,,4,4,9,4,0,0,1,1,0,0,1,1,2,0,0,0,0,0,0,0,0,0,0,0,0,0,0,0,0,0,0,0,0,0,0,0,1,1,,0,0,1,0,0,0,0,0,0,0,0,0,0,1,1,4,1,,,1,998,998
84437,2024,8,3,13,41,41091,,3,2,No inventariada,,4,4,9,7,0,0,1,1,0,0,1,1,1,0,0,0,0,0,0,0,0,0,0,0,0,0,0,0,0,0,0,0,0,0,0,0,1,2,,0,0,0,0,0,0,0,0,1,0,0,0,0,1,1,1,1,,,1,4,998
84438,2024,8,5,8,41,41091,,3,2,No inventariada,,4,4,9,7,0,0,1,1,0,0,1,1,2,0,0,0,0,0,0,0,0,0,0,0,0,0,0,0,0,0,0,0,0,0,0,0,2,,,999,999,999,999,999,999,999,999,999,999,999,999,999,6,9,1,7,,,18,998,998
84439,2024,9,5,14,41,41091,,3,2,No inventariada,,4,4,9,4,0,0,4,4,0,0,4,4,2,0,0,0,0,0,0,0,0,0,0,0,0,0,0,0,0,0,0,0,0,0,0,0,2,,,999,999,999,999,999,999,999,999,999,999,999,999,999,1,1,1,1,,,1,998,998
84440,2024,9,7,14,41,41091,,3,2,No inventariada,,4,4,9,4,0,0,1,1,0,0,1,1,2,0,0,0,0,0,0,0,0,0,0,0,0,0,0,0,0,0,0,0,0,0,0,0,2,,,999,999,999,999,999,999,999,999,999,999,999,999,999,2,1,1,1,,,1,998,998
84441,2024,9,1,13,41,41091,,3,2,No inventariada,,4,4,9,3,0,0,1,1,0,0,1,1,2,0,0,0,0,0,0,0,0,0,0,0,0,0,0,0,0,0,0,0,0,0,0,0,1,2,,0,0,0,0,1,0,0,0,0,0,0,0,0,1,1,1,1,,,1,998,998
84442,2024,9,1,21,41,41091,,3,2,No inventariada,,4,4,9,6,0,0,2,2,0,0,2,2,1,0,0,0,0,0,0,0,0,0,0,0,0,0,0,0,0,0,0,0,0,0,0,0,2,,,999,999,999,999,999,999,999,999,999,999,999,999,999,1,1,4,1,,,1,998,998
84443,2024,9,2,10,41,41091,,3,2,No inventariada,,4,4,9,7,0,0,2,2,0,0,2,2,1,0,0,0,0,0,0,0,0,0,0,0,0,0,0,0,0,0,0,0,0,0,0,0,1,1,,0,0,0,0,0,0,0,0,1,0,0,0,0,1,1,1,1,,,1,4,998
84444,2024,9,5,16,41,41091,,3,2,No inventariada,,4,4,9,2,0,0,1,1,0,0,1,1,2,0,0,0,0,0,0,0,0,0,0,0,0,0,0,0,0,0,0,0,0,0,0,0,1,5,,0,0,1,0,0,0,0,0,0,0,0,0,0,1,1,1,1,,,1,998,998
84445,2024,9,2,10,41,41091,,3,2,No inventariada,,4,4,9,4,0,0,1,1,0,0,1,1,2,0,0,0,0,0,0,0,0,0,0,0,0,0,0,0,0,0,0,0,0,0,0,0,2,,,999,999,999,999,999,999,999,999,999,999,999,999,999,1,1,1,1,,,1,998,998
84446,2024,9,1,13,41,41091,,3,2,No inventariada,,4,4,9,2,0,0,1,1,0,0,1,1,2,0,0,0,0,0,0,0,0,0,0,0,0,0,0,0,0,0,0,0,0,0,0,0,2,,,999,999,999,999,999,999,999,999,999,999,999,999,999,2,1,1,1,,,1,998,998
84447,2024,9,2,14,41,41091,,3,2,No inventariada,,4,4,9,4,0,0,1,1,0,0,1,1,2,0,0,0,0,0,0,0,0,0,0,0,0,0,0,0,0,0,0,0,0,0,0,0,2,,,999,999,999,999,999,999,999,999,999,999,999,999,999,2,1,1,1,,,1,998,998
84448,2024,9,2,14,41,41091,,3,2,No inventariada,,4,4,9,2,0,0,2,2,0,0,2,2,2,0,0,0,0,0,0,0,0,0,0,0,0,0,0,0,0,0,0,0,0,0,0,0,1,1,,0,0,0,1,0,0,0,0,0,0,0,0,0,1,1,1,1,,,1,998,998
84449,2024,9,2,15,41,41091,,3,2,No inventariada,,4,4,9,10,0,0,1,1,0,0,1,1,1,0,0,0,0,0,0,0,0,0,0,0,0,0,0,0,0,0,0,0,0,0,0,0,2,,,999,999,999,999,999,999,999,999,999,999,999,999,999,1,1,1,2,,,1,998,998