ID_ACCIDENTE,ANYO,MES,DIA_SEMANA,HORA,COD_PROVINCIA,COD_MUNICIPIO,ISLA,ZONA,ZONA_AGRUPADA,CARRETERA,KM,SENTIDO_1F,TITULARIDAD_VIA,TIPO_VIA,TIPO_ACCIDENTE,TOTAL_MU24H,TOTAL_HG24H,TOTAL_HL24H,TOTAL_VICTIMAS_24H,TOTAL_MU30DF,TOTAL_HG30DF,TOTAL_HL30DF,TOTAL_VICTIMAS_30DF,TOTAL_VEHICULOS,TOT_PEAT_MU24H,TOT_BICI_MU24H,TOT_CICLO_MU24H,TOT_MOTO_MU24H,TOT_TUR_MU24H,TOT_FURG_MU24H,TOT_CAM_MENOS3500_MU24H,TOT_CAM_MAS3500_MU24H,TOT_BUS_MU24H,TOT_OTRO_MU24H,TOT_SINESPECIF_MU24H,TOT_PEAT_MU30DF,TOT_BICI_MU30DF,TOT_CICLO_MU30DF,TOT_MOTO_MU30DF,TOT_TUR_MU30DF,TOT_FURG_MU30DF,TOT_CAM_MENOS3500_MU30DF,TOT_CAM_MAS3500_MU30DF,TOT_BUS_MU30DF,TOT_VMP_MU30DF,TOT_OTRO_MU30DF,TOT_SINESPECIF_MU30DF,NUDO,NUDO_INFO,CARRETERA_CRUCE,PRIORI_NORMA,PRIORI_AGENTE,PRIORI_SEMAFORO,PRIORI_VERT_STOP,PRIORI_VERT_CEDA,PRIORI_HORIZ_STOP,PRIORI_HORIZ_CEDA,PRIORI_MARCAS,PRIORI_PEA_NO_ELEV,PRIORI_PEA_ELEV,PRIORI_MARCA_CICLOS,PRIORI_CIRCUNSTANCIAL,PRIORI_OTRA,CONDICION_NIVEL_CIRCULA,CONDICION_FIRME,CONDICION_ILUMINACION,CONDICION_METEO,CONDICION_NIEBLA,CONDICION_VIENTO,VISIB_RESTRINGIDA_POR,ACERA,TRAZADO_PLANTA
89172,2024,11,4,10,45,45168,,1,1,TO-3100,1.227,2,3,6,2,0,0,1,1,0,0,1,1,2,0,0,0,0,0,0,0,0,0,0,0,0,0,0,0,0,0,0,0,0,0,0,0,1,2,TO-3100,0,0,0,1,0,1,0,0,0,0,0,0,0,1,1,1,1,,,1,998,1
89173,2024,11,5,23,45,45168,,1,1,A-42,66.889,1,1,3,4,0,0,2,2,0,0,2,2,2,0,0,0,0,0,0,0,0,0,0,0,0,0,0,0,0,0,0,0,0,0,0,0,2,,,999,999,999,999,999,999,999,999,999,999,999,999,999,1,1,6,1,,,1,998,1
89174,2024,12,1,12,45,45168,,1,1,A-42,71.5,1,1,3,2,0,0,2,2,0,0,2,2,2,0,0,0,0,0,0,0,0,0,0,0,0,0,0,0,0,0,0,0,0,0,0,0,2,,,999,999,999,999,999,999,999,999,999,999,999,999,999,1,1,1,1,,,1,998,1
89175,2024,12,1,16,45,45168,,1,1,CM-42,1.3,2,2,3,4,0,0,1,1,0,0,1,1,2,0,0,0,0,0,0,0,0,0,0,0,0,0,0,0,0,0,0,0,0,0,0,0,2,,,999,999,999,999,999,999,999,999,999,999,999,999,999,1,1,1,1,,,1,998,1
89176,2024,12,1,11,45,45168,,1,1,CM-4000,4.591,3,2,8,2,0,0,1,1,0,0,1,1,2,0,0,0,0,0,0,0,0,0,0,0,0,0,0,0,0,0,0,0,0,0,0,0,1,4,CM-40,0,0,0,0,1,0,1,0,0,0,0,0,0,1,1,1,1,,,1,998,2
89177,2024,6,5,18,45,00000,,1,1,A-5,145.15,2,1,3,18,0,0,2,2,0,0,2,2,1,0,0,0,0,0,0,0,0,0,0,0,0,0,0,0,0,0,0,0,0,0,0,0,2,,,999,999,999,999,999,999,999,999,999,999,999,999,999,1,1,1,1,,,1,998,3
89178,2024,6,3,19,45,00000,,1,1,A-5,145.942,2,1,3,4,0,0,2,2,0,0,2,2,2,0,0,0,0,0,0,0,0,0,0,0,0,0,0,0,0,0,0,0,0,0,0,0,2,,,999,999,999,999,999,999,999,999,999,999,999,999,999,1,3,1,3,,,5,998,1
89179,2024,8,4,11,45,00000,,1,1,A-5,145.5,1,1,3,14,0,0,1,1,0,0,1,1,1,0,0,0,0,0,0,0,0,0,0,0,0,0,0,0,0,0,0,0,0,0,0,0,2,,,999,999,999,999,999,999,999,999,999,999,999,999,999,1,1,1,1,,,1,998,1
89180,2024,1,1,17,45,00000,,1,1,A-5,54.6,2,1,3,18,0,0,1,1,0,0,1,1,1,0,0,0,0,0,0,0,0,0,0,0,0,0,0,0,0,0,0,0,0,0,0,0,2,,,999,999,999,999,999,999,999,999,999,999,999,999,999,1,1,1,1,,,1,998,3
89181,2024,1,7,18,45,00000,,1,1,TO-1742,2.936,1,3,6,12,0,0,1,1,0,0,1,1,2,0,0,0,0,0,0,0,0,0,0,0,0,0,0,0,0,0,0,0,0,0,0,0,2,,,999,999,999,999,999,999,999,999,999,999,999,999,999,2,1,1,1,,,1,998,1
89182,2024,6,3,22,45,00000,,1,1,A-5,54.35,1,1,3,6,0,1,1,2,0,1,1,2,2,0,0,0,0,0,0,0,0,0,0,0,0,0,0,0,0,0,0,0,0,0,0,0,2,,,999,999,999,999,999,999,999,999,999,999,999,999,999,1,1,6,2,,,1,1,1
89183,2024,7,3,16,45,00000,,1,1,A-5,53.4,1,1,3,18,0,0,2,2,0,0,2,2,1,0,0,0,0,0,0,0,0,0,0,0,0,0,0,0,0,0,0,0,0,0,0,0,2,,,999,999,999,999,999,999,999,999,999,999,999,999,999,1,1,1,1,,,1,998,1
89184,2024,9,1,6,45,00000,,1,1,A-5,51.3,2,1,3,4,0,0,3,3,0,0,3,3,2,0,0,0,0,0,0,0,0,0,0,0,0,0,0,0,0,0,0,0,0,0,0,0,2,,,999,999,999,999,999,999,999,999,999,999,999,999,999,2,1,6,1,,,1,998,1
89185,2024,10,1,20,45,45099,,1,1,CM-5004,1.9,1,2,6,2,0,0,1,1,0,0,1,1,2,0,0,0,0,0,0,0,0,0,0,0,0,0,0,0,0,0,0,0,0,0,0,0,1,5,,0,0,0,1,0,0,0,0,0,0,0,0,0,1,1,6,1,,,1,998,1
89186,2024,11,7,14,45,00000,,1,1,A-5,53.751,2,1,3,12,0,0,1,1,0,0,1,1,1,0,0,0,0,0,0,0,0,0,0,0,0,0,0,0,0,0,0,0,0,0,0,0,2,,,999,999,999,999,999,999,999,999,999,999,999,999,999,1,1,1,1,,,1,998,1
89187,2024,2,5,15,45,45173,,1,1,TO-1028,0.4,1,3,6,4,0,0,1,1,0,0,1,1,2,0,0,0,0,0,0,0,0,0,0,0,0,0,0,0,0,0,0,0,0,0,0,0,2,,,999,999,999,999,999,999,999,999,999,999,999,999,999,6,3,1,3,,,1,998,1
89188,2024,2,3,16,45,45173,,1,1,TO-3927,0.8,1,3,6,2,0,1,1,2,0,1,1,2,2,0,0,0,0,0,0,0,0,0,0,0,0,0,0,0,0,0,0,0,0,0,0,0,2,,,999,999,999,999,999,999,999,999,999,999,999,999,999,1,1,1,2,,,1,998,1
89189,2024,2,1,9,45,45173,,1,1,TO-3927,0.213,1,4,6,20,0,0,1,1,0,0,1,1,2,0,0,0,0,0,0,0,0,0,0,0,0,0,0,0,0,0,0,0,0,0,0,0,1,4,TO-3127,0,0,0,0,1,0,0,0,0,0,0,0,0,1,1,1,1,,,1,998,1
89190,2024,6,7,18,45,45173,,1,1,TO-1029,2.05,2,3,6,18,0,0,1,1,0,0,1,1,1,0,0,0,0,0,0,0,0,0,0,0,0,0,0,0,0,0,0,0,0,0,0,0,2,,,999,999,999,999,999,999,999,999,999,999,999,999,999,1,1,1,1,,,1,998,2
89191,2024,8,7,10,45,00000,,1,1,TO-1028,10.8,2,3,6,4,0,0,2,2,0,0,2,2,2,0,0,0,0,0,0,0,0,0,0,0,0,0,0,0,0,0,0,0,0,0,0,0,1,1,,1,0,0,0,0,0,0,0,0,0,0,0,0,1,1,1,1,,,1,998,1
89192,2024,9,2,20,45,00000,,1,1,TO-1029,2.15,2,3,6,1,0,0,2,2,0,0,2,2,2,0,0,0,0,0,0,0,0,0,0,0,0,0,0,0,0,0,0,0,0,0,0,0,2,,,999,999,999,999,999,999,999,999,999,999,999,999,999,1,1,1,1,,,1,998,1
89193,2024,9,6,23,45,45173,,1,1,N-403a,26.3,1,5,6,14,0,0,1,1,0,0,1,1,1,0,0,0,0,0,0,0,0,0,0,0,0,0,0,0,0,0,0,0,0,0,0,0,1,4,A-40,0,0,0,0,0,0,1,0,0,0,0,0,0,1,1,6,1,,,1,998,3
89194,2024,12,7,6,45,45173,,1,1,TO-1029,2.054,1,3,6,18,0,0,1,1,0,0,1,1,1,0,0,0,0,0,0,0,0,0,0,0,0,0,0,0,0,0,0,0,0,0,0,0,2,,,999,999,999,999,999,999,999,999,999,999,999,999,999,1,1,6,7,,,8,998,2
89195,2024,6,2,19,45,00000,,1,1,CM-42,42.571,2,2,3,12,0,0,2,2,0,0,2,2,1,0,0,0,0,0,0,0,0,0,0,0,0,0,0,0,0,0,0,0,0,0,0,0,2,,,999,999,999,999,999,999,999,999,999,999,999,999,999,1,1,1,2,,,1,998,1
89196,2024,8,7,19,45,45176,,1,1,CM-4008,4,1,2,6,15,0,0,1,1,0,0,1,1,1,0,0,0,0,0,0,0,0,0,0,0,0,0,0,0,0,0,0,0,0,0,0,0,1,4,,1,0,0,0,0,0,0,0,0,0,0,0,0,1,1,1,1,,,1,998,1
89197,2024,10,5,18,45,45176,,1,1,CM-4008,4.6,1,2,6,7,0,1,1,2,0,1,1,2,1,0,0,0,0,0,0,0,0,0,0,0,0,0,0,0,0,0,0,0,0,0,0,0,1,1,,1,0,0,0,0,0,0,0,0,0,0,0,0,1,1,1,2,,,12,1,2
89198,2024,2,3,16,45,00000,,1,1,TO-3268,9.8,1,3,6,10,0,0,1,1,0,0,1,1,1,0,0,0,0,0,0,0,0,0,0,0,0,0,0,0,0,0,0,0,0,0,0,0,2,,,999,999,999,999,999,999,999,999,999,999,999,999,999,6,1,1,1,,,4,998,2
89199,2024,8,6,16,45,45200,,1,1,N-401,133.6,2,1,6,15,0,0,2,2,0,0,2,2,1,0,0,0,0,0,0,0,0,0,0,0,0,0,0,0,0,0,0,0,0,0,0,0,2,,,999,999,999,999,999,999,999,999,999,999,999,999,999,1,1,1,1,,,1,998,1
89200,2024,9,3,14,45,00000,,1,1,N-401,138.1,2,1,6,18,0,0,1,1,0,0,1,1,1,0,0,0,0,0,0,0,0,0,0,0,0,0,0,0,0,0,0,0,0,0,0,0,2,,,999,999,999,999,999,999,999,999,999,999,999,999,999,1,1,1,2,,,1,998,1
89201,2024,10,5,15,45,00000,,1,1,N-401,140.4,1,1,6,16,0,0,1,1,0,0,1,1,1,0,0,0,0,0,0,0,0,0,0,0,0,0,0,0,0,0,0,0,0,0,0,0,2,,,999,999,999,999,999,999,999,999,999,999,999,999,999,1,1,1,1,,,1,998,1
89202,2024,10,4,18,45,00000,,1,1,CM-4116,12.8,2,2,6,7,0,0,1,1,0,0,1,1,1,0,0,0,0,0,0,0,0,0,0,0,0,0,0,0,0,0,0,0,0,0,0,0,2,,,999,999,999,999,999,999,999,999,999,999,999,999,999,1,3,6,2,,,8,1,1
89203,2024,11,1,14,45,00000,,1,1,N-401,149,2,1,6,16,0,0,1,1,0,0,1,1,1,0,0,0,0,0,0,0,0,0,0,0,0,0,0,0,0,0,0,0,0,0,0,0,2,,,999,999,999,999,999,999,999,999,999,999,999,999,999,2,1,1,1,,,1,998,2
89204,2024,12,2,10,45,00000,,1,1,N-401,139.118,2,1,6,14,0,0,1,1,0,0,1,1,1,0,0,0,0,0,0,0,0,0,0,0,0,0,0,0,0,0,0,0,0,0,0,0,2,,,999,999,999,999,999,999,999,999,999,999,999,999,999,1,3,1,2,1,,1,998,2
89205,2024,1,3,17,45,00000,,1,1,CM-5007,15.545,1,2,6,18,0,0,1,1,0,0,1,1,1,0,0,0,0,0,0,0,0,0,0,0,0,0,0,0,0,0,0,0,0,0,0,0,2,,,999,999,999,999,999,999,999,999,999,999,999,999,999,1,3,1,3,,,1,998,2
89206,2024,2,7,2,45,00000,,1,1,A-5,45.75,2,1,3,4,0,0,1,1,0,0,1,1,2,0,0,0,0,0,0,0,0,0,0,0,0,0,0,0,0,0,0,0,0,0,0,0,2,,,999,999,999,999,999,999,999,999,999,999,999,999,999,1,1,6,1,,,1,998,1
89207,2024,2,4,20,45,00000,,1,1,A-5,45.34,1,1,8,16,0,0,1,1,0,0,1,1,1,0,0,0,0,0,0,0,0,0,0,0,0,0,0,0,0,0,0,0,0,0,0,0,2,,,999,999,999,999,999,999,999,999,999,999,999,999,999,1,3,6,3,,,1,998,2
89208,2024,3,7,15,45,00000,,1,1,CM-5007,13.6,1,2,6,18,0,0,1,1,0,0,1,1,1,0,0,0,0,0,0,0,0,0,0,0,0,0,0,0,0,0,0,0,0,0,0,0,2,,,999,999,999,999,999,999,999,999,999,999,999,999,999,1,1,1,2,,,1,998,2
89209,2024,4,1,1,45,00000,,1,1,A-5,42.6,2,1,3,18,0,0,1,1,0,0,1,1,2,0,0,0,0,0,0,0,0,0,0,0,0,0,0,0,0,0,0,0,0,0,0,0,2,,,999,999,999,999,999,999,999,999,999,999,999,999,999,999,1,6,1,,,1,998,1
89210,2024,5,2,17,45,00000,,1,1,A-5,43.9,2,1,3,5,0,0,2,2,0,0,2,2,3,0,0,0,0,0,0,0,0,0,0,0,0,0,0,0,0,0,0,0,0,0,0,0,2,,,999,999,999,999,999,999,999,999,999,999,999,999,999,1,1,1,1,,,1,998,1
89211,2024,7,7,17,45,00000,,3,2,No inventariada,,4,4,9,1,0,0,1,1,0,0,1,1,2,0,0,0,0,0,0,0,0,0,0,0,0,0,0,0,0,0,0,0,0,0,0,0,1,4,,0,0,0,0,1,0,0,0,0,0,0,0,0,1,1,1,1,,,1,998,998
89212,2024,9,4,18,45,00000,,1,1,A-5,42.3,1,1,3,18,0,0,1,1,0,0,1,1,1,0,0,0,0,0,0,0,0,0,0,0,0,0,0,0,0,0,0,0,0,0,0,0,2,,,999,999,999,999,999,999,999,999,999,999,999,999,999,1,3,1,4,,,5,998,2
89213,2024,9,6,19,45,00000,,1,1,CM-5007,13.95,2,2,6,4,0,0,1,1,0,0,1,1,2,0,0,0,0,0,0,0,0,0,0,0,0,0,0,0,0,0,0,0,0,0,0,0,1,2,,1,0,0,0,0,0,0,0,0,0,0,0,0,1,1,1,1,,,1,998,2
89214,2024,4,3,19,45,00000,,1,1,N-502,92.1,1,1,6,12,0,0,1,1,0,0,1,1,1,0,0,0,0,0,0,0,0,0,0,0,0,0,0,0,0,0,0,0,0,0,0,0,2,,,999,999,999,999,999,999,999,999,999,999,999,999,999,1,1,1,1,,,1,998,2
89215,2024,7,2,1,45,00000,,1,1,N-502,94.5,1,1,6,18,0,0,2,2,0,0,2,2,1,0,0,0,0,0,0,0,0,0,0,0,0,0,0,0,0,0,0,0,0,0,0,0,2,,,999,999,999,999,999,999,999,999,999,999,999,999,999,1,1,6,1,,,1,998,2
89216,2024,9,6,14,45,00000,,1,1,TO-1291,0.3,2,3,6,19,0,0,1,1,0,0,1,1,1,0,0,0,0,0,0,0,0,0,0,0,0,0,0,0,0,0,0,0,0,0,0,0,2,,,999,999,999,999,999,999,999,999,999,999,999,999,999,1,1,1,1,,,1,998,1
89217,2024,10,7,6,45,00000,,3,2,No inventariada,,4,4,9,1,0,0,2,2,0,0,2,2,2,0,0,0,0,0,0,0,0,0,0,0,0,0,0,0,0,0,0,0,0,0,0,0,2,,,999,999,999,999,999,999,999,999,999,999,999,999,999,1,1,4,1,,,1,998,998
89218,2024,11,1,10,45,00000,,1,1,N-502,98.256,1,1,5,16,0,0,1,1,0,0,1,1,1,0,0,0,0,0,0,0,0,0,0,0,0,0,0,0,0,0,0,0,0,0,0,0,2,,,999,999,999,999,999,999,999,999,999,999,999,999,999,1,1,1,2,,,1,998,1
89219,2024,8,7,12,45,00000,,1,1,CM-403,19.608,1,2,6,15,0,0,1,1,0,0,1,1,1,0,0,0,0,0,0,0,0,0,0,0,0,0,0,0,0,0,0,0,0,0,0,0,2,,,999,999,999,999,999,999,999,999,999,999,999,999,999,1,1,1,1,,,18,998,2
89220,2024,9,2,23,45,00000,,1,1,CM-403,18.2,1,2,6,15,0,0,1,1,0,0,1,1,1,0,0,0,0,0,0,0,0,0,0,0,0,0,0,0,0,0,0,0,0,0,0,0,2,,,999,999,999,999,999,999,999,999,999,999,999,999,999,1,1,6,1,,,1,998,1
89221,2024,9,7,22,45,00000,,1,1,TO-3638,4.5,2,3,6,16,0,0,1,1,0,0,1,1,1,0,0,0,0,0,0,0,0,0,0,0,0,0,0,0,0,0,0,0,0,0,0,0,2,,,999,999,999,999,999,999,999,999,999,999,999,999,999,1,1,6,1,,,1,998,1
89222,2024,6,7,17,45,00000,,1,1,A-5,52.2,1,1,3,16,0,0,1,1,0,0,1,1,1,0,0,0,0,0,0,0,0,0,0,0,0,0,0,0,0,0,0,0,0,0,0,0,2,,,999,999,999,999,999,999,999,999,999,999,999,999,999,1,1,1,1,,,1,998,2
89223,2024,10,7,19,45,00000,,1,1,CM-4003,32.5,2,2,6,4,0,0,1,1,0,0,1,1,2,0,0,0,0,0,0,0,0,0,0,0,0,0,0,0,0,0,0,0,0,0,0,0,2,,,999,999,999,999,999,999,999,999,999,999,999,999,999,1,1,6,1,,,1,998,1
89224,2024,12,5,14,45,00000,,1,1,CM-4003,34.5,1,2,6,18,0,0,1,1,0,0,1,1,1,0,0,0,0,0,0,0,0,0,0,0,0,0,0,0,0,0,0,0,0,0,0,0,2,,,999,999,999,999,999,999,999,999,999,999,999,999,999,1,1,1,1,,,1,998,1
89225,2024,4,2,16,45,00000,,1,1,CM-5102,2.8,2,2,6,15,0,0,1,1,0,0,1,1,1,0,0,0,0,0,0,0,0,0,0,0,0,0,0,0,0,0,0,0,0,0,0,0,2,,,999,999,999,999,999,999,999,999,999,999,999,999,999,999,1,1,1,,,1,998,1
89226,2024,5,2,10,45,45185,,1,1,CM-410,88.545,2,2,6,16,0,0,1,1,0,0,1,1,2,0,0,0,0,0,0,0,0,0,0,0,0,0,0,0,0,0,0,0,0,0,0,0,2,,,999,999,999,999,999,999,999,999,999,999,999,999,999,1,1,1,1,,,1,998,1
89227,2024,7,7,9,45,45185,,3,2,No inventariada,,4,999,9,,0,0,1,1,0,0,1,1,0,0,0,0,0,0,0,0,0,0,0,0,0,0,0,0,0,0,0,0,0,0,0,0,,,,999,999,999,999,999,999,999,999,999,999,999,999,999,999,999,999,999,,,999,998,998
89228,2024,9,5,17,45,45185,,1,1,TO-3077,0.99,2,3,6,16,0,0,1,1,0,0,1,1,1,0,0,0,0,0,0,0,0,0,0,0,0,0,0,0,0,0,0,0,0,0,0,0,2,,,999,999,999,999,999,999,999,999,999,999,999,999,999,1,1,1,1,,,1,998,1
89229,2024,9,2,15,45,45185,,1,1,CM-410,80.8,1,2,6,19,0,0,1,1,0,0,1,1,1,0,0,0,0,0,0,0,0,0,0,0,0,0,0,0,0,0,0,0,0,0,0,0,2,,,999,999,999,999,999,999,999,999,999,999,999,999,999,1,1,1,2,,,1,998,2
89230,2024,12,3,13,45,45185,,3,2,No inventariada,,4,999,9,7,0,1,0,1,0,1,0,1,0,0,0,0,0,0,0,0,0,0,0,0,0,0,0,0,0,0,0,0,0,0,0,0,,,,999,999,999,999,999,999,999,999,999,999,999,999,999,2,1,1,1,,,999,998,998
89231,2024,12,7,5,45,00000,,1,1,CM-3001,39.5,1,2,6,12,0,0,1,1,0,0,1,1,1,0,0,0,0,0,0,0,0,0,0,0,0,0,0,0,0,0,0,0,0,0,0,0,2,,,999,999,999,999,999,999,999,999,999,999,999,999,999,999,1,6,1,,,1,998,1
89232,2024,7,2,18,45,00000,,1,1,CM-410,97,1,2,6,3,0,1,0,1,0,1,0,1,2,0,0,0,0,0,0,0,0,0,0,0,0,0,0,0,0,0,0,0,0,0,0,0,2,,,999,999,999,999,999,999,999,999,999,999,999,999,999,1,1,1,1,,,1,998,1
89233,2024,8,1,9,45,00000,,1,1,CM-410,98.5,1,2,6,16,0,0,1,1,0,0,1,1,1,0,0,0,0,0,0,0,0,0,0,0,0,0,0,0,0,0,0,0,0,0,0,0,2,,,999,999,999,999,999,999,999,999,999,999,999,999,999,1,1,1,1,,,1,998,1
89234,2024,3,6,21,45,00000,,2,2,CM-4133,25,1,2,6,7,1,0,0,1,1,0,0,1,2,1,0,0,0,0,0,0,0,0,0,0,1,0,0,0,0,0,0,0,0,0,0,0,2,,,999,999,999,999,999,999,999,999,999,999,999,999,999,1,3,4,1,,,1,1,1
89235,2024,6,6,11,45,00000,,1,1,TO-3077,15.5,1,3,6,19,0,0,5,5,0,0,5,5,1,0,0,0,0,0,0,0,0,0,0,0,0,0,0,0,0,0,0,0,0,0,0,0,2,,,999,999,999,999,999,999,999,999,999,999,999,999,999,2,1,1,1,,,1,998,1
89236,2024,6,3,12,45,00000,,1,1,A-42,49.721,2,1,3,16,0,0,2,2,0,0,2,2,1,0,0,0,0,0,0,0,0,0,0,0,0,0,0,0,0,0,0,0,0,0,0,0,2,,,999,999,999,999,999,999,999,999,999,999,999,999,999,1,1,1,1,,,1,998,1
89237,2024,8,1,17,45,00000,,1,1,TO-2323,3.5,1,3,6,16,1,0,0,1,1,0,0,1,1,0,0,0,0,0,1,0,0,0,0,0,0,0,0,0,0,1,0,0,0,0,0,0,2,,,999,999,999,999,999,999,999,999,999,999,999,999,999,1,1,1,1,,,1,998,1
89238,2024,9,7,6,45,45203,,1,1,A-42,45.298,1,1,3,18,0,0,1,1,0,0,1,1,1,0,0,0,0,0,0,0,0,0,0,0,0,0,0,0,0,0,0,0,0,0,0,0,2,,,999,999,999,999,999,999,999,999,999,999,999,999,999,1,1,6,1,,,1,998,2
89239,2024,4,7,20,45,00000,,3,2,No inventariada,,4,4,9,2,0,0,1,1,0,0,1,1,2,0,0,0,0,0,0,0,0,0,0,0,0,0,0,0,0,0,0,0,0,0,0,0,1,1,,0,0,0,1,0,0,0,0,0,0,0,0,0,1,1,1,1,,,1,998,998
89240,2024,6,1,8,45,00000,,1,1,CM-4011,19.373,2,2,6,18,0,0,1,1,0,0,1,1,1,0,0,0,0,0,0,0,0,0,0,0,0,0,0,0,0,0,0,0,0,0,0,0,2,,,999,999,999,999,999,999,999,999,999,999,999,999,999,1,3,1,3,,,1,998,1
89241,2024,6,1,19,45,00000,,1,1,CM-4011,19.5,1,2,6,5,0,0,3,3,0,0,3,3,3,0,0,0,0,0,0,0,0,0,0,0,0,0,0,0,0,0,0,0,0,0,0,0,1,2,,0,0,0,0,0,0,0,1,0,0,0,0,0,1,1,1,1,,,1,998,1
89242,2024,12,2,12,45,00000,,3,2,No inventariada,,4,4,9,7,0,1,0,1,0,1,0,1,1,0,0,0,0,0,0,0,0,0,0,0,0,0,0,0,0,0,0,0,0,0,0,0,2,,,999,999,999,999,999,999,999,999,999,999,999,999,999,1,1,1,1,,,1,4,998
89243,2024,12,6,8,45,00000,,1,1,TO-2628,4.9,3,3,6,19,0,0,2,2,0,0,2,2,1,0,0,0,0,0,0,0,0,0,0,0,0,0,0,0,0,0,0,0,0,0,0,0,2,,,999,999,999,999,999,999,999,999,999,999,999,999,999,1,1,2,1,1,,1,998,1
89244,2024,7,3,10,45,00000,,3,2,No inventariada,,4,4,9,12,0,0,1,1,0,0,1,1,1,0,0,0,0,0,0,0,0,0,0,0,0,0,0,0,0,0,0,0,0,0,0,0,1,1,,1,0,0,0,0,0,0,0,0,0,0,0,0,1,1,1,1,,,1,998,998
89245,2024,4,3,6,45,00000,,1,1,TO-2628,7.5,2,3,6,16,0,0,1,1,0,0,1,1,1,0,0,0,0,0,0,0,0,0,0,0,0,0,0,0,0,0,0,0,0,0,0,0,2,,,999,999,999,999,999,999,999,999,999,999,999,999,999,1,1,6,1,,,1,998,1
89246,2024,10,3,6,45,00000,,1,1,CM-4001,18.9,1,2,6,1,0,2,0,2,1,1,0,2,2,0,0,0,0,0,0,0,0,0,0,0,0,0,0,0,0,1,0,0,0,0,0,0,2,,,999,999,999,999,999,999,999,999,999,999,999,999,999,1,1,6,1,,,1,998,1
89247,2024,5,5,0,45,00000,,1,1,TO-2628,5,1,3,6,16,0,0,2,2,0,0,2,2,1,0,0,0,0,0,0,0,0,0,0,0,0,0,0,0,0,0,0,0,0,0,0,0,1,4,TO-2628,1,0,0,0,0,0,1,0,0,0,0,0,0,1,1,6,1,,,1,998,2
89248,2024,5,4,12,45,00000,,1,1,N-301,77.1,1,1,6,1,1,2,0,3,1,2,0,3,2,0,0,0,0,1,0,0,0,0,0,0,0,0,0,0,1,0,0,0,0,0,0,0,2,,,999,999,999,999,999,999,999,999,999,999,999,999,999,1,1,1,1,,,1,998,2
89249,2024,10,4,13,45,00000,,1,1,AP-36,21.704,1,1,1,14,0,0,1,1,0,0,1,1,1,0,0,0,0,0,0,0,0,0,0,0,0,0,0,0,0,0,0,0,0,0,0,0,2,,,999,999,999,999,999,999,999,999,999,999,999,999,999,2,1,1,1,,,1,998,2
89250,2024,11,3,13,45,00000,,1,1,N-301,88.65,1,1,6,14,0,0,2,2,0,0,2,2,1,0,0,0,0,0,0,0,0,0,0,0,0,0,0,0,0,0,0,0,0,0,0,0,2,,,999,999,999,999,999,999,999,999,999,999,999,999,999,1,3,1,3,,,1,998,2
89251,2024,1,3,10,45,45199,,1,1,CM-41,11.65,1,2,3,4,0,0,2,2,0,0,2,2,2,0,0,0,0,0,0,0,0,0,0,0,0,0,0,0,0,0,0,0,0,0,0,0,2,,,999,999,999,999,999,999,999,999,999,999,999,999,999,1,3,2,3,,,1,998,1
89252,2024,3,4,14,45,45199,,1,1,CM-4004,9.7,1,2,6,14,0,0,2,2,0,0,2,2,1,0,0,0,0,0,0,0,0,0,0,0,0,0,0,0,0,0,0,0,0,0,0,0,2,,,999,999,999,999,999,999,999,999,999,999,999,999,999,1,3,1,3,,,1,998,1
89253,2024,8,3,16,45,45199,,1,1,TO-1927,22.234,1,3,6,4,0,0,2,2,0,0,2,2,2,0,0,0,0,0,0,0,0,0,0,0,0,0,0,0,0,0,0,0,0,0,0,0,2,,,999,999,999,999,999,999,999,999,999,999,999,999,999,1,1,1,1,,,1,998,1
89254,2024,9,1,7,45,45199,,1,1,CM-41,11.313,2,2,3,4,0,0,3,3,0,0,3,3,2,0,0,0,0,0,0,0,0,0,0,0,0,0,0,0,0,0,0,0,0,0,0,0,2,,,999,999,999,999,999,999,999,999,999,999,999,999,999,6,1,1,1,,,1,998,1
89255,2024,12,4,0,45,45199,,3,2,No inventariada,,4,4,9,12,1,0,0,1,1,0,0,1,1,0,0,0,1,0,0,0,0,0,0,0,0,0,0,1,0,0,0,0,0,0,0,0,2,,,999,999,999,999,999,999,999,999,999,999,999,999,999,1,1,4,1,,,1,998,998
89256,2024,1,7,19,45,45200,,1,1,CM-4017,12.557,1,2,6,19,0,1,0,1,0,1,0,1,1,0,0,0,0,0,0,0,0,0,0,0,0,0,0,0,0,0,0,0,0,0,0,0,2,,,999,999,999,999,999,999,999,999,999,999,999,999,999,1,3,6,2,,,1,998,1
89257,2024,2,2,12,45,45200,,1,1,CM-4025,1.2,1,2,6,2,0,0,1,1,0,0,1,1,2,0,0,0,0,0,0,0,0,0,0,0,0,0,0,0,0,0,0,0,0,0,0,0,1,2,CM-4017,0,0,0,1,0,0,0,0,0,0,0,0,0,1,1,1,1,,,1,998,1
89258,2024,6,5,8,45,45053,,1,1,CM-4025,6.684,2,2,6,2,0,0,3,3,0,0,3,3,2,0,0,0,0,0,0,0,0,0,0,0,0,0,0,0,0,0,0,0,0,0,0,0,2,,,999,999,999,999,999,999,999,999,999,999,999,999,999,1,1,1,1,,,1,998,1
89259,2024,9,2,13,45,00000,,1,1,N-401,136.261,1,1,6,19,0,0,2,2,0,0,2,2,1,0,0,0,0,0,0,0,0,0,0,0,0,0,0,0,0,0,0,0,0,0,0,0,2,,,999,999,999,999,999,999,999,999,999,999,999,999,999,1,1,1,1,,,1,998,1