ID_ACCIDENTE,ANYO,MES,DIA_SEMANA,HORA,COD_PROVINCIA,COD_MUNICIPIO,ISLA,ZONA,ZONA_AGRUPADA,CARRETERA,KM,SENTIDO_1F,TITULARIDAD_VIA,TIPO_VIA,TIPO_ACCIDENTE,TOTAL_MU24H,TOTAL_HG24H,TOTAL_HL24H,TOTAL_VICTIMAS_24H,TOTAL_MU30DF,TOTAL_HG30DF,TOTAL_HL30DF,TOTAL_VICTIMAS_30DF,TOTAL_VEHICULOS,TOT_PEAT_MU24H,TOT_BICI_MU24H,TOT_CICLO_MU24H,TOT_MOTO_MU24H,TOT_TUR_MU24H,TOT_FURG_MU24H,TOT_CAM_MENOS3500_MU24H,TOT_CAM_MAS3500_MU24H,TOT_BUS_MU24H,TOT_OTRO_MU24H,TOT_SINESPECIF_MU24H,TOT_PEAT_MU30DF,TOT_BICI_MU30DF,TOT_CICLO_MU30DF,TOT_MOTO_MU30DF,TOT_TUR_MU30DF,TOT_FURG_MU30DF,TOT_CAM_MENOS3500_MU30DF,TOT_CAM_MAS3500_MU30DF,TOT_BUS_MU30DF,TOT_VMP_MU30DF,TOT_OTRO_MU30DF,TOT_SINESPECIF_MU30DF,NUDO,NUDO_INFO,CARRETERA_CRUCE,PRIORI_NORMA,PRIORI_AGENTE,PRIORI_SEMAFORO,PRIORI_VERT_STOP,PRIORI_VERT_CEDA,PRIORI_HORIZ_STOP,PRIORI_HORIZ_CEDA,PRIORI_MARCAS,PRIORI_PEA_NO_ELEV,PRIORI_PEA_ELEV,PRIORI_MARCA_CICLOS,PRIORI_CIRCUNSTANCIAL,PRIORI_OTRA,CONDICION_NIVEL_CIRCULA,CONDICION_FIRME,CONDICION_ILUMINACION,CONDICION_METEO,CONDICION_NIEBLA,CONDICION_VIENTO,VISIB_RESTRINGIDA_POR,ACERA,TRAZADO_PLANTA
90236,2024,6,6,13,46,00000,,1,1,A-35,14,3,1,3,12,0,0,1,1,0,0,1,1,2,0,0,0,0,0,0,0,0,0,0,0,0,0,0,0,0,0,0,0,0,0,0,0,2,,,999,999,999,999,999,999,999,999,999,999,999,999,999,1,1,1,1,,,1,998,1
90237,2024,9,5,8,46,00000,,1,1,A-35,14.3,1,1,3,12,0,0,1,1,0,0,1,1,1,0,0,0,0,0,0,0,0,0,0,0,0,0,0,0,0,0,0,0,0,0,0,0,2,,,999,999,999,999,999,999,999,999,999,999,999,999,999,1,1,1,1,,,1,998,2
90238,2024,10,1,7,46,00000,,1,1,A-35,9.225,2,1,3,18,0,0,1,1,0,0,1,1,1,0,0,0,0,0,0,0,0,0,0,0,0,0,0,0,0,0,0,0,0,0,0,0,2,,,999,999,999,999,999,999,999,999,999,999,999,999,999,1,1,6,1,,,1,998,2
90239,2024,10,4,22,46,00000,,1,1,A-35,9.5,1,1,3,17,0,1,2,3,0,1,2,3,1,0,0,0,0,0,0,0,0,0,0,0,0,0,0,0,0,0,0,0,0,0,0,0,2,,,999,999,999,999,999,999,999,999,999,999,999,999,999,2,3,6,3,,,1,998,1
90240,2024,2,2,5,46,46011,,1,1,A-7,386.5,2,1,3,4,0,0,2,2,0,0,2,2,2,0,0,0,0,0,0,0,0,0,0,0,0,0,0,0,0,0,0,0,0,0,0,0,2,,,999,999,999,999,999,999,999,999,999,999,999,999,999,2,1,6,2,,,1,998,1
90241,2024,10,1,15,46,00000,,1,1,CV-557,1.3,2,3,6,15,0,0,1,1,0,0,1,1,1,0,0,0,0,0,0,0,0,0,0,0,0,0,0,0,0,0,0,0,0,0,0,0,2,,,999,999,999,999,999,999,999,999,999,999,999,999,999,2,1,1,1,,,1,998,3
90242,2024,1,2,8,46,46131,,1,1,CV-670,0.1,1,3,6,2,0,0,1,1,0,0,1,1,2,0,0,0,0,0,0,0,0,0,0,0,0,0,0,0,0,0,0,0,0,0,0,0,1,4,,1,0,0,0,0,0,0,0,0,0,0,0,0,1,1,1,1,,,1,998,2
90243,2024,1,7,19,46,46131,,1,1,CV-686,3.5,1,2,6,16,0,0,1,1,0,0,1,1,1,0,0,0,0,0,0,0,0,0,0,0,0,0,0,0,0,0,0,0,0,0,0,0,1,4,CV-686,0,0,0,0,1,0,0,0,0,0,0,0,0,2,1,4,1,,,1,998,2
90244,2024,1,5,13,46,46131,,3,2,No inventariada,,4,4,9,2,0,0,1,1,0,0,1,1,2,0,0,0,0,0,0,0,0,0,0,0,0,0,0,0,0,0,0,0,0,0,0,0,1,1,,0,0,0,1,0,1,0,0,0,0,0,0,0,2,1,1,1,,,1,998,998
90245,2024,1,3,20,46,46131,,3,2,No inventariada,,4,4,9,2,0,0,1,1,0,0,1,1,2,0,0,0,0,0,0,0,0,0,0,0,0,0,0,0,0,0,0,0,0,0,0,0,1,1,,1,0,0,0,0,0,0,0,0,0,0,0,0,2,1,4,1,,,2,998,998
90246,2024,2,5,6,46,46131,,3,2,No inventariada,,4,4,9,10,0,0,1,1,0,0,1,1,1,0,0,0,0,0,0,0,0,0,0,0,0,0,0,0,0,0,0,0,0,0,0,0,1,2,,1,0,0,0,0,0,0,0,0,0,0,0,0,999,3,4,3,1,,18,998,998
90247,2024,2,6,10,46,46131,,1,1,N-332,223.5,1,1,6,2,0,1,0,1,0,1,0,1,2,0,0,0,0,0,0,0,0,0,0,0,0,0,0,0,0,0,0,0,0,0,0,0,1,11,,0,0,0,1,0,1,0,0,0,0,0,0,0,2,1,1,1,,,1,998,1
90248,2024,1,3,7,46,46131,,3,2,No inventariada,,4,4,9,4,0,0,1,1,0,0,1,1,2,0,0,0,0,0,0,0,0,0,0,0,0,0,0,0,0,0,0,0,0,0,0,0,1,4,,1,0,0,0,0,0,0,0,0,0,0,0,0,3,3,3,3,,,1,998,998
90249,2024,2,3,10,46,46131,,3,2,No inventariada,,4,4,9,10,0,0,1,1,0,0,1,1,1,0,0,0,0,0,0,0,0,0,0,0,0,0,0,0,0,0,0,0,0,0,0,0,2,,,999,999,999,999,999,999,999,999,999,999,999,999,999,3,1,1,1,,,1,998,998
90250,2024,2,3,21,46,46131,,3,2,No inventariada,,4,4,9,2,0,0,1,1,0,0,1,1,2,0,0,0,0,0,0,0,0,0,0,0,0,0,0,0,0,0,0,0,0,0,0,0,1,1,,0,0,0,1,0,0,0,0,0,0,0,0,0,2,1,4,1,,,1,998,998
90251,2024,3,6,11,46,46131,,1,1,CºERMITA,12,2,5,10,9,0,0,1,1,0,0,1,1,1,0,0,0,0,0,0,0,0,0,0,0,0,0,0,0,0,0,0,0,0,0,0,0,2,,,999,999,999,999,999,999,999,999,999,999,999,999,999,1,1,1,1,,,1,998,1
90252,2024,2,7,11,46,46131,,3,2,No inventariada,,4,4,9,4,0,0,1,1,0,0,1,1,1,0,0,0,0,0,0,0,0,0,0,0,0,0,0,0,0,0,0,0,0,0,0,0,2,,,999,999,999,999,999,999,999,999,999,999,999,999,999,2,1,1,1,,,2,998,998
90253,2024,2,6,18,46,46131,,3,2,No inventariada,,4,4,9,3,0,0,1,1,0,0,1,1,2,0,0,0,0,0,0,0,0,0,0,0,0,0,0,0,0,0,0,0,0,0,0,0,1,1,,0,0,0,1,0,1,0,0,0,0,0,0,0,2,3,4,2,,,3,998,998
90254,2024,2,5,7,46,46131,,3,2,No inventariada,,4,4,9,2,0,0,2,2,0,0,2,2,2,0,0,0,0,0,0,0,0,0,0,0,0,0,0,0,0,0,0,0,0,0,0,0,1,1,,0,0,0,1,0,1,0,0,0,0,0,0,0,1,3,1,1,,,1,998,998
90255,2024,2,1,17,46,46131,,3,2,No inventariada,,4,4,9,3,0,0,2,2,0,0,2,2,2,0,0,0,0,0,0,0,0,0,0,0,0,0,0,0,0,0,0,0,0,0,0,0,2,,,999,999,999,999,999,999,999,999,999,999,999,999,999,3,1,1,1,,,18,998,998
90256,2024,2,7,9,46,46131,,3,2,No inventariada,,4,4,9,2,0,0,1,1,0,0,1,1,2,0,0,0,0,0,0,0,0,0,0,0,0,0,0,0,0,0,0,0,0,0,0,0,1,4,,0,0,0,0,1,0,1,0,0,0,0,0,0,1,1,1,1,,,1,998,998
90257,2024,3,5,14,46,46131,,3,2,No inventariada,,4,4,9,2,0,0,1,1,0,0,1,1,2,0,0,0,0,0,0,0,0,0,0,0,0,0,0,0,0,0,0,0,0,0,0,0,1,4,,0,0,0,0,1,0,1,0,0,0,0,0,0,3,1,1,1,,,1,998,998
90258,2024,3,5,18,46,46131,,3,2,No inventariada,,4,4,9,10,0,0,1,1,0,0,1,1,1,0,0,0,0,0,0,0,0,0,0,0,0,0,0,0,0,0,0,0,0,0,0,0,2,,,999,999,999,999,999,999,999,999,999,999,999,999,999,3,1,3,1,,,1,998,998
90259,2024,2,1,11,46,46131,,3,2,No inventariada,,4,4,9,10,0,0,1,1,0,0,1,1,1,0,0,0,0,0,0,0,0,0,0,0,0,0,0,0,0,0,0,0,0,0,0,0,1,1,,0,0,0,1,0,0,0,0,0,0,0,0,0,2,1,1,1,,,1,998,998
90260,2024,2,3,18,46,46131,,3,2,No inventariada,,4,4,9,10,0,0,1,1,0,0,1,1,1,0,0,0,0,0,0,0,0,0,0,0,0,0,0,0,0,0,0,0,0,0,0,0,2,,,999,999,999,999,999,999,999,999,999,999,999,999,999,3,1,1,1,,,1,998,998
90261,2024,1,7,15,46,46131,,3,2,No inventariada,,4,4,9,2,0,0,1,1,0,0,1,1,2,0,0,0,0,0,0,0,0,0,0,0,0,0,0,0,0,0,0,0,0,0,0,0,1,1,,0,0,1,0,0,0,0,0,0,0,0,0,0,999,1,1,1,,,1,998,998
90262,2024,3,1,15,46,46131,,3,2,No inventariada,,4,4,9,10,0,0,1,1,0,0,1,1,1,0,0,0,0,0,0,0,0,0,0,0,0,0,0,0,0,0,0,0,0,0,0,0,1,4,,1,0,0,0,0,0,0,0,0,0,0,0,0,999,1,1,1,1,,1,998,998
90263,2024,1,4,15,46,46131,,3,2,No inventariada,,4,4,9,10,0,0,1,1,0,0,1,1,1,0,0,0,0,0,0,0,0,0,0,0,0,0,0,0,0,0,0,0,0,0,0,0,2,,,999,999,999,999,999,999,999,999,999,999,999,999,999,2,1,1,1,,,1,998,998
90264,2024,1,5,18,46,46131,,3,2,No inventariada,,4,4,9,20,0,0,1,1,0,0,1,1,2,0,0,0,0,0,0,0,0,0,0,0,0,0,0,0,0,0,0,0,0,0,0,0,2,,,999,999,999,999,999,999,999,999,999,999,999,999,999,1,1,4,1,,,1,998,998
90265,2024,1,2,11,46,46131,,3,2,No inventariada,,4,4,9,10,0,0,1,1,0,0,1,1,1,0,0,0,0,0,0,0,0,0,0,0,0,0,0,0,0,0,0,0,0,0,0,0,2,,,999,999,999,999,999,999,999,999,999,999,999,999,999,1,1,1,1,,,1,998,998
90266,2024,2,4,17,46,46131,,3,2,No inventariada,,4,4,9,7,0,0,1,1,0,0,1,1,1,0,0,0,0,0,0,0,0,0,0,0,0,0,0,0,0,0,0,0,0,0,0,0,1,1,,0,0,0,0,0,0,0,0,1,0,0,0,0,2,1,1,1,,,1,3,998
90267,2024,2,4,17,46,46131,,3,2,No inventariada,,4,4,9,3,0,0,1,1,0,0,1,1,2,0,0,0,0,0,0,0,0,0,0,0,0,0,0,0,0,0,0,0,0,0,0,0,2,,,999,999,999,999,999,999,999,999,999,999,999,999,999,3,1,1,1,,,1,998,998
90268,2024,2,1,15,46,46131,,3,2,No inventariada,,4,4,9,3,0,0,1,1,0,0,1,1,2,0,0,0,0,0,0,0,0,0,0,0,0,0,0,0,0,0,0,0,0,0,0,0,1,4,,1,0,0,0,0,0,0,0,0,0,0,0,0,2,1,1,1,,,1,998,998
90269,2024,2,2,15,46,46131,,3,2,No inventariada,,4,4,9,7,0,0,1,1,0,0,1,1,1,0,0,0,0,0,0,0,0,0,0,0,0,0,0,0,0,0,0,0,0,0,0,0,2,,,999,999,999,999,999,999,999,999,999,999,999,999,999,2,1,1,1,,,1,3,998
90270,2024,2,2,18,46,46131,,3,2,No inventariada,,4,4,9,7,0,0,1,1,0,0,1,1,2,0,0,0,0,0,0,0,0,0,0,0,0,0,0,0,0,0,0,0,0,0,0,0,1,1,,0,0,0,1,0,1,0,0,0,0,1,0,0,3,1,1,1,,,1,998,998
90271,2024,3,6,18,46,46131,,1,1,N-332,221.2,2,1,6,12,0,1,0,1,0,1,0,1,1,0,0,0,0,0,0,0,0,0,0,0,0,0,0,0,0,0,0,0,0,0,0,0,2,,,999,999,999,999,999,999,999,999,999,999,999,999,999,2,1,2,1,,,1,998,1
90272,2024,2,4,7,46,46131,,3,2,No inventariada,,4,4,9,10,0,0,1,1,0,0,1,1,1,0,0,0,0,0,0,0,0,0,0,0,0,0,0,0,0,0,0,0,0,0,0,0,2,,,999,999,999,999,999,999,999,999,999,999,999,999,999,1,1,1,1,,,1,998,998
90273,2024,3,5,8,46,46131,,3,2,No inventariada,,4,4,9,7,0,0,1,1,0,0,1,1,2,0,0,0,0,0,0,0,0,0,0,0,0,0,0,0,0,0,0,0,0,0,0,0,1,4,,0,0,0,0,1,0,1,0,0,0,0,0,0,3,1,1,1,,,6,998,998
90274,2024,3,6,13,46,46131,,3,2,No inventariada,,4,4,9,4,0,0,1,1,0,0,1,1,2,0,0,0,0,0,0,0,0,0,0,0,0,0,0,0,0,0,0,0,0,0,0,0,1,4,,1,0,0,0,0,0,0,0,0,0,0,0,0,3,1,1,1,,,1,998,998
90275,2024,3,1,2,46,46131,,3,2,No inventariada,,4,4,9,19,0,0,1,1,0,0,1,1,1,0,0,0,0,0,0,0,0,0,0,0,0,0,0,0,0,0,0,0,0,0,0,0,2,,,999,999,999,999,999,999,999,999,999,999,999,999,999,1,1,4,1,,,1,998,998
90276,2024,3,2,12,46,46131,,3,2,No inventariada,,4,4,9,4,0,1,0,1,0,1,0,1,2,0,0,0,0,0,0,0,0,0,0,0,0,0,0,0,0,0,0,0,0,0,0,0,2,,,999,999,999,999,999,999,999,999,999,999,999,999,999,3,1,1,1,,,1,998,998
90277,2024,2,2,16,46,46131,,3,2,No inventariada,,4,4,9,1,0,0,2,2,0,0,2,2,2,0,0,0,0,0,0,0,0,0,0,0,0,0,0,0,0,0,0,0,0,0,0,0,2,,,999,999,999,999,999,999,999,999,999,999,999,999,999,2,1,1,1,,,12,998,998
90278,2024,2,1,18,46,46131,,3,2,No inventariada,,4,4,9,10,0,0,1,1,0,0,1,1,1,0,0,0,0,0,0,0,0,0,0,0,0,0,0,0,0,0,0,0,0,0,0,0,1,4,,0,0,0,0,0,0,0,0,0,0,0,0,1,3,1,1,1,,,1,998,998
90279,2024,3,2,17,46,46131,,1,1,N-332,222.466,1,1,6,4,0,0,1,1,0,0,1,1,2,0,0,0,0,0,0,0,0,0,0,0,0,0,0,0,0,0,0,0,0,0,0,0,2,,,999,999,999,999,999,999,999,999,999,999,999,999,999,1,1,1,2,,,1,998,2
90280,2024,3,5,15,46,46131,,3,2,No inventariada,,4,4,9,2,0,0,1,1,0,0,1,1,2,0,0,0,0,0,0,0,0,0,0,0,0,0,0,0,0,0,0,0,0,0,0,0,1,1,,0,0,0,0,1,0,1,0,0,0,0,0,0,2,3,1,3,,,1,998,998
90281,2024,3,2,14,46,46131,,3,2,No inventariada,,4,4,9,2,0,0,1,1,0,0,1,1,2,0,0,0,0,0,0,0,0,0,0,0,0,0,0,0,0,0,0,0,0,0,0,0,1,4,,0,0,0,0,0,0,1,0,0,0,0,0,0,2,1,1,2,,,1,998,998
90282,2024,3,4,17,46,46131,,3,2,No inventariada,,4,4,9,2,0,0,1,1,0,0,1,1,2,0,0,0,0,0,0,0,0,0,0,0,0,0,0,0,0,0,0,0,0,0,0,0,1,1,,0,0,0,0,1,0,1,0,0,0,0,0,0,2,1,1,1,,,1,998,998
90283,2024,3,6,19,46,46131,,3,2,No inventariada,,4,4,9,9,0,0,1,1,0,0,1,1,2,0,0,0,0,0,0,0,0,0,0,0,0,0,0,0,0,0,0,0,0,0,0,0,1,1,,0,0,0,0,1,0,1,0,0,0,0,0,0,2,1,3,1,,,9,998,998
90284,2024,3,7,15,46,46131,,3,2,No inventariada,,4,4,9,2,0,0,1,1,0,0,1,1,2,0,0,0,0,0,0,0,0,0,0,0,0,0,0,0,0,0,0,0,0,0,0,0,1,4,,1,0,0,0,0,0,0,0,0,0,0,0,0,999,1,1,1,,,1,998,998
90285,2024,3,2,10,46,46131,,3,2,No inventariada,,4,4,9,2,0,0,1,1,0,0,1,1,2,0,0,0,0,0,0,0,0,0,0,0,0,0,0,0,0,0,0,0,0,0,0,0,1,1,,1,0,0,0,0,0,0,0,0,0,0,0,0,999,1,1,7,1,,1,998,998
90286,2024,4,2,14,46,46131,,1,1,N-332,220.6,2,1,6,3,0,0,1,1,0,0,1,1,2,0,0,0,0,0,0,0,0,0,0,0,0,0,0,0,0,0,0,0,0,0,0,0,1,4,N-332,1,0,0,0,0,0,0,0,0,0,0,0,0,1,1,1,1,,,1,998,2
90287,2024,3,3,9,46,46131,,3,2,No inventariada,,4,4,9,7,0,0,1,1,0,0,1,1,1,0,0,0,0,0,0,0,0,0,0,0,0,0,0,0,0,0,0,0,0,0,0,0,2,,,999,999,999,999,999,999,999,999,999,999,999,999,999,999,1,1,1,1,,1,1,998
90288,2024,4,6,16,46,46131,,1,1,CV-686,3.5,1,2,6,9,0,0,1,1,0,0,1,1,1,0,0,0,0,0,0,0,0,0,0,0,0,0,0,0,0,0,0,0,0,0,0,0,1,4,N-332,0,0,0,0,1,0,1,0,0,0,0,0,0,1,1,1,1,,,1,998,2
90289,2024,4,2,11,46,46131,,3,2,No inventariada,,4,4,9,2,0,0,1,1,0,0,1,1,2,0,0,0,0,0,0,0,0,0,0,0,0,0,0,0,0,0,0,0,0,0,0,0,1,1,,0,0,0,1,0,1,0,0,0,0,0,0,0,2,1,1,1,,,1,998,998
90290,2024,4,6,12,46,46131,,1,1,N-337a,0.567,1,1,6,17,0,0,1,1,0,0,1,1,1,0,0,0,0,0,0,0,0,0,0,0,0,0,0,0,0,0,0,0,0,0,0,0,2,,,999,999,999,999,999,999,999,999,999,999,999,999,999,2,1,1,1,,,1,998,1
90291,2024,4,7,22,46,46131,,1,1,N-332,220.8,2,1,6,14,0,0,1,1,0,0,1,1,1,0,0,0,0,0,0,0,0,0,0,0,0,0,0,0,0,0,0,0,0,0,0,0,1,4,,0,0,0,0,1,0,1,0,0,0,0,0,0,1,1,4,1,,,1,998,1
90292,2024,4,4,15,46,46131,,3,2,No inventariada,,4,4,9,7,0,0,1,1,0,0,1,1,1,0,0,0,0,0,0,0,0,0,0,0,0,0,0,0,0,0,0,0,0,0,0,0,2,,,999,999,999,999,999,999,999,999,999,999,999,999,999,999,1,1,1,1,,1,4,998
90293,2024,4,7,20,46,46131,,1,1,N-332,221.65,3,1,6,3,0,0,2,2,0,0,2,2,3,0,0,0,0,0,0,0,0,0,0,0,0,0,0,0,0,0,0,0,0,0,0,0,2,,,999,999,999,999,999,999,999,999,999,999,999,999,999,2,1,1,1,,,1,998,1
90294,2024,5,4,8,46,46131,,1,1,N-332,222.475,2,1,6,4,0,1,0,1,0,1,0,1,2,0,0,0,0,0,0,0,0,0,0,0,0,0,0,0,0,0,0,0,0,0,0,0,2,,,999,999,999,999,999,999,999,999,999,999,999,999,999,3,1,1,1,,,1,998,1
90295,2024,5,6,9,46,46131,,3,2,No inventariada,,4,4,9,3,0,1,0,1,0,1,0,1,2,0,0,0,0,0,0,0,0,0,0,0,0,0,0,0,0,0,0,0,0,0,0,0,1,4,,1,0,0,0,0,0,0,0,0,0,0,0,0,1,1,1,1,1,,1,998,998
90296,2024,4,2,11,46,46131,,3,2,No inventariada,,4,4,9,7,0,0,1,1,0,0,1,1,1,0,0,0,0,0,0,0,0,0,0,0,0,0,0,0,0,0,0,0,0,0,0,0,1,4,,1,0,0,0,0,0,0,0,0,0,0,0,0,1,9,4,7,,,18,4,998
90297,2024,5,2,15,46,46131,,3,2,No inventariada,,4,4,9,3,0,2,0,2,0,2,0,2,2,0,0,0,0,0,0,0,0,0,0,0,0,0,0,0,0,0,0,0,0,0,0,0,1,1,,0,0,0,0,1,0,1,0,1,0,0,0,0,1,1,1,2,,,1,998,998
90298,2024,5,6,18,46,46131,,3,2,No inventariada,,4,4,9,10,0,0,1,1,0,0,1,1,2,0,0,0,0,0,0,0,0,0,0,0,0,0,0,0,0,0,0,0,0,0,0,0,1,4,,0,0,0,0,1,0,1,0,0,0,0,0,0,4,1,1,2,,,9,998,998
90299,2024,5,5,17,46,46131,,3,2,No inventariada,,4,4,9,4,0,0,1,1,0,0,1,1,2,0,0,0,0,0,0,0,0,0,0,0,0,0,0,0,0,0,0,0,0,0,0,0,1,6,,0,0,0,0,1,0,1,0,0,0,0,0,0,3,1,1,1,,,1,998,998
90300,2024,5,4,9,46,46131,,3,2,No inventariada,,4,4,9,10,0,0,1,1,0,0,1,1,1,0,0,0,0,0,0,0,0,0,0,0,0,0,0,0,0,0,0,0,0,0,0,0,2,,,999,999,999,999,999,999,999,999,999,999,999,999,999,2,1,1,1,,,1,998,998
90301,2024,5,7,12,46,46131,,1,1,AP-7,578.567,2,1,2,4,0,0,1,1,0,0,1,1,2,0,0,0,0,0,0,0,0,0,0,0,0,0,0,0,0,0,0,0,0,0,0,0,2,,,999,999,999,999,999,999,999,999,999,999,999,999,999,3,1,1,1,,,1,998,1
90302,2024,5,1,0,46,46131,,3,2,No inventariada,,4,4,9,10,0,0,1,1,0,0,1,1,1,0,0,0,0,0,0,0,0,0,0,0,0,0,0,0,0,0,0,0,0,0,0,0,2,,,999,999,999,999,999,999,999,999,999,999,999,999,999,999,1,4,1,1,,1,998,998
90303,2024,5,1,5,46,46131,,1,1,N-332,220.6,2,1,6,4,0,1,0,1,0,1,0,1,2,0,0,0,0,0,0,0,0,0,0,0,0,0,0,0,0,0,0,0,0,0,0,0,1,12,,1,0,0,0,0,0,1,0,0,0,0,0,0,1,1,4,1,,,1,998,1
90304,2024,4,4,17,46,46131,,3,2,No inventariada,,4,4,9,7,0,0,1,1,0,0,1,1,1,0,0,0,0,0,0,0,0,0,0,0,0,0,0,0,0,0,0,0,0,0,0,0,2,,,999,999,999,999,999,999,999,999,999,999,999,999,999,999,1,1,1,,,1,4,998
90305,2024,5,4,17,46,46131,,1,1,CAMI SEQUI,0.424,2,4,10,2,0,0,1,1,0,0,1,1,2,0,0,0,0,0,0,0,0,0,0,0,0,0,0,0,0,0,0,0,0,0,0,0,1,1,,1,0,0,0,0,0,0,0,0,0,0,0,0,1,1,1,1,,,4,998,1
90306,2024,4,3,18,46,46131,,3,2,No inventariada,,4,4,9,10,0,0,1,1,0,0,1,1,1,0,0,0,0,0,0,0,0,0,0,0,0,0,0,0,0,0,0,0,0,0,0,0,2,,,999,999,999,999,999,999,999,999,999,999,999,999,999,1,1,1,1,,,1,998,998
90307,2024,4,7,17,46,46131,,3,2,No inventariada,,4,4,9,7,0,0,1,1,0,0,1,1,1,0,0,0,0,0,0,0,0,0,0,0,0,0,0,0,0,0,0,0,0,0,0,0,2,,,999,999,999,999,999,999,999,999,999,999,999,999,999,999,1,1,1,,,1,4,998
90308,2024,4,6,13,46,46131,,3,2,No inventariada,,4,4,9,10,0,0,1,1,0,0,1,1,1,0,0,0,0,0,0,0,0,0,0,0,0,0,0,0,0,0,0,0,0,0,0,0,2,,,999,999,999,999,999,999,999,999,999,999,999,999,999,2,1,1,1,,,1,998,998
90309,2024,5,2,15,46,46131,,1,1,CV-675,4.8,1,3,6,14,0,0,1,1,0,0,1,1,1,0,0,0,0,0,0,0,0,0,0,0,0,0,0,0,0,0,0,0,0,0,0,0,2,,,999,999,999,999,999,999,999,999,999,999,999,999,999,2,1,1,1,,,1,998,2
90310,2024,4,4,14,46,46131,,3,2,No inventariada,,4,4,9,7,0,0,1,1,0,0,1,1,1,0,0,0,0,0,0,0,0,0,0,0,0,0,0,0,0,0,0,0,0,0,0,0,2,,,999,999,999,999,999,999,999,999,999,999,999,999,999,1,1,1,1,,,1,3,998
90311,2024,4,4,15,46,46131,,3,2,No inventariada,,4,4,9,4,0,0,1,1,0,0,1,1,2,0,0,0,0,0,0,0,0,0,0,0,0,0,0,0,0,0,0,0,0,0,0,0,2,,,999,999,999,999,999,999,999,999,999,999,999,999,999,1,1,1,1,,,1,998,998
90312,2024,5,2,21,46,46131,,3,2,No inventariada,,4,4,9,6,0,1,0,1,0,1,0,1,1,0,0,0,0,0,0,0,0,0,0,0,0,0,0,0,0,0,0,0,0,0,0,0,1,4,,0,0,0,0,0,0,0,0,0,0,0,0,1,1,1,3,1,,,1,998,998
90313,2024,5,4,18,46,46131,,1,1,N-332,225.2,1,1,6,4,0,0,1,1,0,0,1,1,2,0,0,0,0,0,0,0,0,0,0,0,0,0,0,0,0,0,0,0,0,0,0,0,1,2,N-332a,0,0,0,1,0,1,0,0,0,0,0,0,0,6,1,1,1,,,1,998,2
90314,2024,5,7,0,46,46131,,3,2,No inventariada,,4,4,9,4,0,0,1,1,0,0,1,1,1,0,0,0,0,0,0,0,0,0,0,0,0,0,0,0,0,0,0,0,0,0,0,0,1,2,,0,0,0,0,0,0,0,1,0,0,0,0,0,2,1,4,1,,,1,998,998
90315,2024,6,2,5,46,46131,,3,2,No inventariada,,4,4,9,2,0,0,1,1,0,0,1,1,2,0,0,0,0,0,0,0,0,0,0,0,0,0,0,0,0,0,0,0,0,0,0,0,1,2,,0,0,0,1,0,1,0,0,0,0,1,0,0,2,1,4,1,,,1,998,998
90316,2024,3,4,21,46,46131,,3,2,No inventariada,,4,4,9,10,0,0,1,1,0,0,1,1,1,0,0,0,0,0,0,0,0,0,0,0,0,0,0,0,0,0,0,0,0,0,0,0,2,,,999,999,999,999,999,999,999,999,999,999,999,999,999,1,1,4,1,,,1,998,998
90317,2024,4,6,11,46,46131,,3,2,No inventariada,,4,4,9,4,0,0,1,1,0,0,1,1,2,0,0,0,0,0,0,0,0,0,0,0,0,0,0,0,0,0,0,0,0,0,0,0,2,,,999,999,999,999,999,999,999,999,999,999,999,999,999,3,1,1,1,,,1,998,998
90318,2024,4,6,12,46,46131,,3,2,No inventariada,,4,4,9,7,0,0,1,1,0,0,1,1,1,0,0,0,0,0,0,0,0,0,0,0,0,0,0,0,0,0,0,0,0,0,0,0,2,,,999,999,999,999,999,999,999,999,999,999,999,999,999,2,1,1,1,,,1,3,998
90319,2024,4,6,12,46,46131,,3,2,No inventariada,,4,4,9,10,0,0,1,1,0,0,1,1,1,0,0,0,0,0,0,0,0,0,0,0,0,0,0,0,0,0,0,0,0,0,0,0,2,,,999,999,999,999,999,999,999,999,999,999,999,999,999,2,1,1,1,,,1,998,998
90320,2024,4,3,11,46,46131,,3,2,No inventariada,,4,4,9,10,0,0,1,1,0,0,1,1,1,0,0,0,0,0,0,0,0,0,0,0,0,0,0,0,0,0,0,0,0,0,0,0,2,,,999,999,999,999,999,999,999,999,999,999,999,999,999,1,1,1,1,,,1,998,998
90321,2024,5,2,13,46,46131,,3,2,No inventariada,,4,4,9,20,0,0,1,1,0,0,1,1,1,0,0,0,0,0,0,0,0,0,0,0,0,0,0,0,0,0,0,0,0,0,0,0,2,,,999,999,999,999,999,999,999,999,999,999,999,999,999,2,1,1,1,,,1,3,998
90322,2024,5,3,9,46,46131,,3,2,No inventariada,,4,4,9,7,0,0,1,1,0,0,1,1,1,0,0,0,0,0,0,0,0,0,0,0,0,0,0,0,0,0,0,0,0,0,0,0,2,,,999,999,999,999,999,999,999,999,999,999,999,999,999,3,1,1,1,,,1,4,998
90323,2024,6,5,22,46,46131,,3,2,No inventariada,,4,4,9,7,0,0,1,1,0,0,1,1,1,0,0,0,0,0,0,0,0,0,0,0,0,0,0,0,0,0,0,0,0,0,0,0,2,,,999,999,999,999,999,999,999,999,999,999,999,999,999,2,1,4,1,,,1,4,998
90324,2024,5,3,18,46,46131,,3,2,No inventariada,,4,4,9,20,0,0,1,1,0,0,1,1,3,0,0,0,0,0,0,0,0,0,0,0,0,0,0,0,0,0,0,0,0,0,0,0,2,,,999,999,999,999,999,999,999,999,999,999,999,999,999,2,1,1,1,,,4,998,998