ID_ACCIDENTE,ANYO,MES,DIA_SEMANA,HORA,COD_PROVINCIA,COD_MUNICIPIO,ISLA,ZONA,ZONA_AGRUPADA,CARRETERA,KM,SENTIDO_1F,TITULARIDAD_VIA,TIPO_VIA,TIPO_ACCIDENTE,TOTAL_MU24H,TOTAL_HG24H,TOTAL_HL24H,TOTAL_VICTIMAS_24H,TOTAL_MU30DF,TOTAL_HG30DF,TOTAL_HL30DF,TOTAL_VICTIMAS_30DF,TOTAL_VEHICULOS,TOT_PEAT_MU24H,TOT_BICI_MU24H,TOT_CICLO_MU24H,TOT_MOTO_MU24H,TOT_TUR_MU24H,TOT_FURG_MU24H,TOT_CAM_MENOS3500_MU24H,TOT_CAM_MAS3500_MU24H,TOT_BUS_MU24H,TOT_OTRO_MU24H,TOT_SINESPECIF_MU24H,TOT_PEAT_MU30DF,TOT_BICI_MU30DF,TOT_CICLO_MU30DF,TOT_MOTO_MU30DF,TOT_TUR_MU30DF,TOT_FURG_MU30DF,TOT_CAM_MENOS3500_MU30DF,TOT_CAM_MAS3500_MU30DF,TOT_BUS_MU30DF,TOT_VMP_MU30DF,TOT_OTRO_MU30DF,TOT_SINESPECIF_MU30DF,NUDO,NUDO_INFO,CARRETERA_CRUCE,PRIORI_NORMA,PRIORI_AGENTE,PRIORI_SEMAFORO,PRIORI_VERT_STOP,PRIORI_VERT_CEDA,PRIORI_HORIZ_STOP,PRIORI_HORIZ_CEDA,PRIORI_MARCAS,PRIORI_PEA_NO_ELEV,PRIORI_PEA_ELEV,PRIORI_MARCA_CICLOS,PRIORI_CIRCUNSTANCIAL,PRIORI_OTRA,CONDICION_NIVEL_CIRCULA,CONDICION_FIRME,CONDICION_ILUMINACION,CONDICION_METEO,CONDICION_NIEBLA,CONDICION_VIENTO,VISIB_RESTRINGIDA_POR,ACERA,TRAZADO_PLANTA
100223,2024,10,4,20,3,03121,,3,2,No inventariada,,4,4,9,3,0,0,1,1,0,0,1,1,2,0,0,0,0,0,0,0,0,0,0,0,0,0,0,0,0,0,0,0,0,0,0,0,2,,,999,999,999,999,999,999,999,999,999,999,999,999,999,999,1,6,1,,,1,998,998
100224,2024,11,1,11,3,03122,,3,2,No inventariada,,4,4,9,4,0,0,1,1,0,0,1,1,2,0,0,0,0,0,0,0,0,0,0,0,0,0,0,0,0,0,0,0,0,0,0,0,1,1,,1,0,0,0,0,0,0,0,0,0,0,0,0,6,1,1,1,,,1,998,998
100225,2024,9,4,20,3,03122,,3,2,No inventariada,,4,4,9,7,0,0,1,1,0,0,1,1,1,0,0,0,0,0,0,0,0,0,0,0,0,0,0,0,0,0,0,0,0,0,0,0,2,,,1,0,0,0,0,0,0,0,1,0,0,0,0,6,3,4,3,,,1,4,998
100226,2024,9,4,17,3,03122,,3,2,No inventariada,,4,4,9,3,0,0,1,1,0,0,1,1,2,0,0,0,0,0,0,0,0,0,0,0,0,0,0,0,0,0,0,0,0,0,0,0,1,9,,0,0,0,0,0,0,0,0,0,0,0,1,1,6,1,1,1,,,1,998,998
100227,2024,6,2,13,3,03128,,3,2,No inventariada,,4,4,9,4,0,0,1,1,0,0,1,1,2,0,0,0,0,0,0,0,0,0,0,0,0,0,0,0,0,0,0,0,0,0,0,0,1,4,CV-740,1,0,0,0,1,0,0,0,0,0,0,0,0,999,1,1,1,,,1,998,998
100228,2024,6,3,19,3,03128,,3,2,No inventariada,,4,4,9,7,0,0,2,2,0,0,2,2,1,0,0,0,0,0,0,0,0,0,0,0,0,0,0,0,0,0,0,0,0,0,0,0,1,4,,0,0,0,0,0,0,0,0,1,0,0,0,0,999,1,1,1,,,1,4,998
100229,2024,6,6,19,3,03128,,3,2,No inventariada,,4,4,9,10,0,1,0,1,0,1,0,1,1,0,0,0,0,0,0,0,0,0,0,0,0,0,0,0,0,0,0,0,0,0,0,0,2,,,999,999,999,999,999,999,999,999,999,999,999,999,999,999,1,1,1,,,1,998,998
100230,2024,6,4,15,3,03128,,3,2,No inventariada,,4,4,9,3,0,0,1,1,0,0,1,1,2,0,0,0,0,0,0,0,0,0,0,0,0,0,0,0,0,0,0,0,0,0,0,0,1,4,,1,0,0,0,0,0,0,0,0,0,0,0,0,999,1,1,1,,,1,4,998
100231,2024,10,1,13,3,03133,,3,2,No inventariada,,4,4,9,2,0,0,1,1,0,0,1,1,2,0,0,0,0,0,0,0,0,0,0,0,0,0,0,0,0,0,0,0,0,0,0,0,1,1,,0,0,0,1,0,0,0,0,0,0,0,0,0,999,1,1,1,,,1,998,998
100232,2024,10,2,9,3,03133,,3,2,No inventariada,,4,4,9,2,0,0,1,1,0,0,1,1,2,0,0,0,0,0,0,0,0,0,0,0,0,0,0,0,0,0,0,0,0,0,0,0,1,4,,0,0,0,0,1,0,0,0,0,0,0,0,0,999,1,1,7,,,1,998,998
100233,2024,11,7,10,3,03133,,3,2,No inventariada,,4,4,9,7,0,1,0,1,0,1,0,1,1,0,0,0,0,0,0,0,0,0,0,0,0,0,0,0,0,0,0,0,0,0,0,0,2,,,999,999,999,999,999,999,999,999,999,999,999,999,999,999,1,1,7,,,1,4,998
100234,2024,10,4,19,3,03133,,3,2,No inventariada,,4,4,9,7,0,1,1,2,0,1,1,2,1,0,0,0,0,0,0,0,0,0,0,0,0,0,0,0,0,0,0,0,0,0,0,0,2,,,999,999,999,999,999,999,999,999,999,999,999,999,999,999,1,3,1,,,1,4,998
100235,2024,9,2,13,3,03133,,3,2,No inventariada,,4,4,9,2,0,0,1,1,0,0,1,1,2,0,0,0,0,0,0,0,0,0,0,0,0,0,0,0,0,0,0,0,0,0,0,0,1,1,,0,0,0,1,0,1,0,0,0,0,0,0,0,999,1,1,1,,,2,998,998
100236,2024,10,1,22,3,03133,,3,2,No inventariada,,4,4,9,2,0,2,0,2,0,2,0,2,2,0,0,0,0,0,0,0,0,0,0,0,0,0,0,0,0,0,0,0,0,0,0,0,1,1,,0,0,0,1,0,1,0,0,0,0,0,0,0,999,1,5,1,,,2,998,998
100237,2024,11,2,7,3,03133,,3,2,No inventariada,,4,4,9,2,0,0,1,1,0,0,1,1,2,0,0,0,0,0,0,0,0,0,0,0,0,0,0,0,0,0,0,0,0,0,0,0,1,1,,0,0,0,1,0,1,0,0,0,0,0,0,0,999,1,1,1,,,2,998,998
100238,2024,8,1,10,3,03133,,3,2,No inventariada,,4,4,9,7,0,1,0,1,0,1,0,1,1,0,0,0,0,0,0,0,0,0,0,0,0,0,0,0,0,0,0,0,0,0,0,0,2,,,999,999,999,999,999,999,999,999,999,999,999,999,999,999,1,1,1,,,1,4,998
100239,2024,10,5,14,3,03133,,3,2,No inventariada,,4,4,9,7,0,0,1,1,0,0,1,1,1,0,0,0,0,0,0,0,0,0,0,0,0,0,0,0,0,0,0,0,0,0,0,0,2,,,999,999,999,999,999,999,999,999,999,999,999,999,999,999,1,1,1,,,1,4,998
100240,2024,8,4,15,3,03133,,3,2,No inventariada,,4,4,9,2,0,1,0,1,0,1,0,1,2,0,0,0,0,0,0,0,0,0,0,0,0,0,0,0,0,0,0,0,0,0,0,0,1,1,,0,0,0,1,0,0,0,0,0,0,0,0,0,999,1,1,1,,,2,998,998
100241,2024,11,3,7,3,03133,,3,2,No inventariada,,4,4,9,2,0,1,0,1,0,1,0,1,2,0,0,0,0,0,0,0,0,0,0,0,0,0,0,0,0,0,0,0,0,0,0,0,1,4,,0,0,0,0,1,0,1,0,0,0,0,0,0,999,3,5,3,,,1,998,998
100242,2024,11,3,14,3,03133,,3,2,No inventariada,,4,4,9,19,0,1,0,1,0,1,0,1,1,0,0,0,0,0,0,0,0,0,0,0,0,0,0,0,0,0,0,0,0,0,0,0,2,,,999,999,999,999,999,999,999,999,999,999,999,999,999,999,1,1,1,,,2,998,998
100243,2024,11,5,14,3,03133,,3,2,No inventariada,,4,4,9,2,0,1,2,3,0,1,2,3,2,0,0,0,0,0,0,0,0,0,0,0,0,0,0,0,0,0,0,0,0,0,0,0,1,1,,0,0,0,1,0,1,0,0,0,0,0,0,0,999,1,1,1,,,2,4,998
100244,2024,12,2,18,3,03133,,3,2,No inventariada,,4,4,9,7,0,0,1,1,0,0,1,1,1,0,0,0,0,0,0,0,0,0,0,0,0,0,0,0,0,0,0,0,0,0,0,0,2,,,999,999,999,999,999,999,999,999,999,999,999,999,999,999,3,4,3,,,5,4,998
100245,2024,12,7,12,3,03133,,3,2,No inventariada,,4,4,9,10,0,0,1,1,0,0,1,1,1,0,0,0,0,0,0,0,0,0,0,0,0,0,0,0,0,0,0,0,0,0,0,0,2,,,999,999,999,999,999,999,999,999,999,999,999,999,999,999,1,1,1,,,1,998,998
100246,2024,12,5,8,3,03133,,3,2,No inventariada,,4,4,9,2,0,0,1,1,0,0,1,1,2,0,0,0,0,0,0,0,0,0,0,0,0,0,0,0,0,0,0,0,0,0,0,0,1,4,,0,0,0,0,1,0,1,0,0,0,0,0,0,999,1,1,1,,,1,998,998
100247,2024,6,4,15,3,03133,,3,2,No inventariada,,4,4,9,1,0,0,1,1,0,0,1,1,2,0,0,0,0,0,0,0,0,0,0,0,0,0,0,0,0,0,0,0,0,0,0,0,2,,,999,999,999,999,999,999,999,999,999,999,999,999,999,999,1,1,1,,,9,998,998
100248,2024,12,7,20,3,03133,,3,2,No inventariada,,4,4,9,2,0,0,1,1,0,0,1,1,2,0,0,0,0,0,0,0,0,0,0,0,0,0,0,0,0,0,0,0,0,0,0,0,1,1,,0,0,0,1,0,1,0,0,0,0,0,0,0,999,1,1,1,,,2,998,998
100249,2024,12,5,11,3,03133,,3,2,No inventariada,,4,4,9,7,0,1,0,1,0,1,0,1,1,0,0,0,0,0,0,0,0,0,0,0,0,0,0,0,0,0,0,0,0,0,0,0,2,,,999,999,999,999,999,999,999,999,999,999,999,999,999,999,1,1,1,,,1,4,998
100250,2024,9,5,18,3,03133,,3,2,No inventariada,,4,4,9,2,0,0,1,1,0,0,1,1,2,0,0,0,0,0,0,0,0,0,0,0,0,0,0,0,0,0,0,0,0,0,0,0,1,1,,0,0,0,1,0,1,0,0,0,0,0,0,0,999,1,1,1,,,2,998,998
100251,2024,12,1,17,3,03133,,3,2,No inventariada,,4,4,9,2,0,0,1,1,0,0,1,1,2,0,0,0,0,0,0,0,0,0,0,0,0,0,0,0,0,0,0,0,0,0,0,0,1,2,,0,0,0,1,0,1,0,0,0,0,0,0,0,999,1,1,1,,,2,998,998
100252,2024,12,1,19,3,03133,,3,2,No inventariada,,4,4,9,2,0,0,1,1,0,0,1,1,2,0,0,0,0,0,0,0,0,0,0,0,0,0,0,0,0,0,0,0,0,0,0,0,2,,,999,999,999,999,999,999,999,999,999,999,999,999,999,999,1,4,1,,,1,998,998
100253,2024,10,3,7,3,03138,,3,2,No inventariada,,4,4,9,4,0,1,0,1,0,1,0,1,2,0,0,0,0,0,0,0,0,0,0,0,0,0,0,0,0,0,0,0,0,0,0,0,2,,,999,999,999,999,999,999,999,999,999,999,999,999,999,1,1,4,1,,,1,998,998
100254,2024,9,5,10,3,03138,,3,2,No inventariada,,4,4,9,3,0,0,1,1,0,0,1,1,2,0,0,0,0,0,0,0,0,0,0,0,0,0,0,0,0,0,0,0,0,0,0,0,2,,,999,999,999,999,999,999,999,999,999,999,999,999,999,1,1,1,1,,,1,998,998
100255,2024,11,3,10,3,03138,,3,2,No inventariada,,4,4,9,7,0,1,0,1,0,1,0,1,2,0,0,0,0,0,0,0,0,0,0,0,0,0,0,0,0,0,0,0,0,0,0,0,1,4,,0,0,0,0,0,0,0,0,0,0,0,0,1,1,1,1,1,,,18,998,998
100256,2024,10,1,17,3,03139,,3,2,No inventariada,,4,4,9,7,0,0,1,1,0,0,1,1,1,0,0,0,0,0,0,0,0,0,0,0,0,0,0,0,0,0,0,0,0,0,0,0,1,1,,0,0,0,0,0,0,0,0,1,0,0,0,0,6,1,1,1,,,1,4,998
100257,2024,11,2,19,3,03139,,3,2,No inventariada,,4,4,9,2,0,0,1,1,0,0,1,1,2,0,0,0,0,0,0,0,0,0,0,0,0,0,0,0,0,0,0,0,0,0,0,0,1,2,,0,0,0,1,0,0,0,0,1,0,0,0,0,6,1,4,1,,,1,998,998
100258,2024,12,2,21,3,03139,,3,2,No inventariada,,4,4,9,2,0,0,1,1,0,0,1,1,2,0,0,0,0,0,0,0,0,0,0,0,0,0,0,0,0,0,0,0,0,0,0,0,1,2,,0,0,0,0,1,0,0,0,0,0,0,0,0,6,1,4,1,,,9,998,998
100259,2024,12,1,16,3,03139,,3,2,No inventariada,,4,4,9,7,0,0,2,2,0,0,2,2,1,0,0,0,0,0,0,0,0,0,0,0,0,0,0,0,0,0,0,0,0,0,0,0,2,,,999,999,999,999,999,999,999,999,999,999,999,999,999,6,1,1,1,,,6,1,998
100260,2024,10,3,19,3,03139,0,3,2,No inventariada,,4,4,9,10,0,0,1,1,0,0,1,1,1,0,0,0,0,0,0,0,0,0,0,0,0,0,0,0,0,0,0,0,0,0,0,0,2,,,1,0,0,0,0,0,0,0,0,0,0,0,0,6,1,2,1,,,1,998,998
100261,2024,10,6,16,3,03140,,1,1,A-33,83.1,2,1,3,4,0,1,0,1,0,1,0,1,2,0,0,0,0,0,0,0,0,0,0,0,0,0,0,0,0,0,0,0,0,0,0,0,2,,,999,999,999,999,999,999,999,999,999,999,999,999,999,2,1,1,1,,,1,998,2
100262,2024,9,1,9,3,03903,,2,2,CV-945,1.9,1,2,6,4,0,0,1,1,0,0,1,1,2,0,0,0,0,0,0,0,0,0,0,0,0,0,0,0,0,0,0,0,0,0,0,0,2,,,999,999,999,999,999,999,999,999,999,999,999,999,999,999,1,1,1,,,1,1,1
100263,2024,10,1,10,3,03903,,3,2,No inventariada,,4,4,9,7,0,0,1,1,0,0,1,1,1,0,0,0,0,0,0,0,0,0,0,0,0,0,0,0,0,0,0,0,0,0,0,0,2,,,999,999,999,999,999,999,999,999,999,999,999,999,999,3,1,1,1,,,1,4,998
100264,2024,12,4,20,3,03903,,1,1,CV-945,6.3,3,2,6,2,0,0,1,1,0,0,1,1,2,0,0,0,0,0,0,0,0,0,0,0,0,0,0,0,0,0,0,0,0,0,0,0,1,4,A-7,0,0,0,0,1,0,0,0,0,0,0,0,0,1,1,6,1,,,18,998,2
100265,2024,2,2,11,4,04003,,3,2,No inventariada,,4,4,9,7,0,0,1,1,0,0,1,1,1,0,0,0,0,0,0,0,0,0,0,0,0,0,0,0,0,0,0,0,0,0,0,0,1,4,,0,0,0,0,0,0,1,0,1,0,0,0,0,2,1,1,1,,,1,3,998
100266,2024,12,1,19,4,04013,,3,2,No inventariada,,4,4,9,2,0,0,1,1,0,0,1,1,2,0,0,0,0,0,0,0,0,0,0,0,0,0,0,0,0,0,0,0,0,0,0,0,1,1,,0,0,0,0,1,0,0,0,0,0,0,0,0,1,1,4,1,,,1,998,998
100267,2024,12,6,10,4,04013,,3,2,No inventariada,,4,4,9,10,0,1,0,1,0,1,0,1,1,0,0,0,0,0,0,0,0,0,0,0,0,0,0,0,0,0,0,0,0,0,0,0,1,4,,1,0,0,0,0,0,0,0,0,0,0,0,0,999,8,1,1,,,1,998,998
100268,2024,12,2,13,4,04013,,3,2,No inventariada,,4,1,14,10,0,0,1,1,0,0,1,1,2,0,0,0,0,0,0,0,0,0,0,0,0,0,0,0,0,0,0,0,0,0,0,0,2,,,999,999,999,999,999,999,999,999,999,999,999,999,999,2,1,1,1,,,18,998,998
100269,2024,12,6,14,4,04013,,3,2,No inventariada,,4,4,9,7,0,0,1,1,0,0,1,1,1,0,0,0,0,0,0,0,0,0,0,0,0,0,0,0,0,0,0,0,0,0,0,0,1,2,,0,0,0,1,0,0,0,0,0,0,0,0,0,3,1,1,1,,,1,4,998
100270,2024,12,5,13,4,04013,,3,2,No inventariada,,4,4,9,7,0,0,1,1,0,0,1,1,1,0,0,0,0,0,0,0,0,0,0,0,0,0,0,0,0,0,0,0,0,0,0,0,2,,,999,999,999,999,999,999,999,999,999,999,999,999,999,1,1,1,1,,,1,4,998
100271,2024,12,6,16,4,04013,,3,2,No inventariada,,4,4,9,18,0,0,1,1,0,0,1,1,2,0,0,0,0,0,0,0,0,0,0,0,0,0,0,0,0,0,0,0,0,0,0,0,2,,,999,999,999,999,999,999,999,999,999,999,999,999,999,2,1,1,1,,,1,998,998
100272,2024,10,4,14,4,04013,,3,2,No inventariada,,4,4,9,10,0,0,1,1,0,0,1,1,1,0,0,0,0,0,0,0,0,0,0,0,0,0,0,0,0,0,0,0,0,0,0,0,1,4,,0,0,0,0,1,0,1,0,0,0,0,0,0,3,1,1,1,,,1,998,998
100273,2024,11,1,14,4,04053,,3,2,No inventariada,,4,4,9,18,0,0,1,1,0,0,1,1,1,0,0,0,0,0,0,0,0,0,0,0,0,0,0,0,0,0,0,0,0,0,0,0,2,,,999,999,999,999,999,999,999,999,999,999,999,999,999,2,3,1,1,,,1,998,998
100274,2024,12,1,12,4,04053,,3,2,No inventariada,,4,4,9,4,0,0,2,2,0,0,2,2,2,0,0,0,0,0,0,0,0,0,0,0,0,0,0,0,0,0,0,0,0,0,0,0,1,2,,1,0,0,0,0,0,0,0,0,0,0,0,0,2,1,1,1,,,1,998,998
100275,2024,12,4,12,4,04053,,3,2,No inventariada,,4,4,9,7,0,0,1,1,0,0,1,1,1,0,0,0,0,0,0,0,0,0,0,0,0,0,0,0,0,0,0,0,0,0,0,0,2,,,999,999,999,999,999,999,999,999,999,999,999,999,999,1,1,1,1,,,1,3,998
100276,2024,8,7,0,4,04066,,3,2,No inventariada,,4,4,9,7,0,0,1,1,0,0,1,1,1,0,0,0,0,0,0,0,0,0,0,0,0,0,0,0,0,0,0,0,0,0,0,0,1,2,,0,0,0,0,0,0,0,0,1,0,0,0,0,1,1,4,1,,,1,4,998
100277,2024,9,3,17,4,04066,,3,2,No inventariada,,4,4,9,7,0,0,1,1,0,0,1,1,2,0,0,0,0,0,0,0,0,0,0,0,0,0,0,0,0,0,0,0,0,0,0,0,2,,,999,999,999,999,999,999,999,999,999,999,999,999,999,1,1,1,1,,,1,998,998
100278,2024,8,5,21,4,04066,,3,2,No inventariada,,4,4,7,7,0,0,1,1,0,0,1,1,1,0,0,0,0,0,0,0,0,0,0,0,0,0,0,0,0,0,0,0,0,0,0,0,2,,,999,999,999,999,999,999,999,999,999,999,999,999,999,1,1,4,1,,,1,4,998
100279,2024,6,4,10,4,04066,,3,2,No inventariada,,4,4,9,10,0,0,1,1,0,0,1,1,1,0,0,0,0,0,0,0,0,0,0,0,0,0,0,0,0,0,0,0,0,0,0,0,1,1,,1,0,0,0,0,0,0,0,0,1,0,0,0,1,1,1,1,,,1,998,998
100280,2024,10,3,16,4,04066,,3,2,No inventariada,,4,4,9,2,0,0,1,1,0,0,1,1,2,0,0,0,0,0,0,0,0,0,0,0,0,0,0,0,0,0,0,0,0,0,0,0,1,4,,1,0,0,0,1,0,1,0,0,0,0,0,0,999,1,1,1,,,1,998,998
100281,2024,10,3,9,4,04066,,3,2,No inventariada,,4,4,9,7,0,0,1,1,0,0,1,1,1,0,0,0,0,0,0,0,0,0,0,0,0,0,0,0,0,0,0,0,0,0,0,0,1,2,,1,0,0,0,0,0,0,0,1,0,0,0,0,1,1,1,1,,,6,4,998
100282,2024,10,2,18,4,04066,,3,2,No inventariada,,4,4,9,2,0,0,1,1,0,0,1,1,2,0,0,0,0,0,0,0,0,0,0,0,0,0,0,0,0,0,0,0,0,0,0,0,1,4,,1,0,0,0,1,0,1,0,0,0,0,0,0,1,1,1,1,,,1,998,998
100283,2024,11,7,6,4,04066,,3,2,No inventariada,,4,4,9,2,0,0,1,1,0,0,1,1,2,0,0,0,0,0,0,0,0,0,0,0,0,0,0,0,0,0,0,0,0,0,0,0,1,2,,1,0,0,0,0,0,0,0,0,0,0,0,0,1,1,4,1,,,1,998,998
100284,2024,11,1,18,4,04066,,3,2,No inventariada,,4,4,9,2,0,0,1,1,0,0,1,1,2,0,0,0,0,0,0,0,0,0,0,0,0,0,0,0,0,0,0,0,0,0,0,0,1,1,,1,0,0,0,1,0,0,0,1,0,0,0,0,1,1,1,1,,,1,998,998
100285,2024,10,2,16,4,04066,,3,2,No inventariada,,4,4,9,1,0,0,1,1,0,0,1,1,2,0,0,0,0,0,0,0,0,0,0,0,0,0,0,0,0,0,0,0,0,0,0,0,2,,,999,999,999,999,999,999,999,999,999,999,999,999,999,1,1,1,1,,,1,998,998
100286,2024,12,6,20,4,04066,,3,2,No inventariada,,4,4,9,7,0,0,1,1,0,0,1,1,1,0,0,0,0,0,0,0,0,0,0,0,0,0,0,0,0,0,0,0,0,0,0,0,1,2,,1,0,0,0,0,0,0,0,1,0,0,0,0,1,1,4,1,,,1,4,998
100287,2024,12,3,13,4,04066,,3,2,No inventariada,,4,4,9,2,0,0,1,1,0,0,1,1,2,0,0,0,0,0,0,0,0,0,0,0,0,0,0,0,0,0,0,0,0,0,0,0,1,2,,0,0,0,1,0,0,0,0,0,0,0,0,0,1,1,1,1,,,2,998,998
100288,2024,10,4,20,4,04075,,3,2,No inventariada,,4,4,9,2,0,1,1,2,0,1,1,2,2,0,0,0,0,0,0,0,0,0,0,0,0,0,0,0,0,0,0,0,0,0,0,0,1,1,,0,0,0,0,0,0,0,0,0,0,1,0,0,999,1,4,1,,,1,998,998
100289,2024,10,3,19,4,04079,,3,2,No inventariada,,4,4,9,2,0,0,1,1,0,0,1,1,2,0,0,0,0,0,0,0,0,0,0,0,0,0,0,0,0,0,0,0,0,0,0,0,1,2,,1,0,0,0,0,0,0,0,0,0,0,0,0,999,1,2,1,,,1,998,998
100290,2024,10,1,21,4,04079,,3,2,No inventariada,,4,4,9,2,0,0,1,1,0,0,1,1,2,0,0,0,0,0,0,0,0,0,0,0,0,0,0,0,0,0,0,0,0,0,0,0,1,2,,1,0,0,0,0,0,0,0,0,0,0,0,0,999,3,4,3,,,1,998,998
100291,2024,11,4,21,4,04079,,3,2,No inventariada,,4,4,9,2,0,0,2,2,0,0,2,2,2,0,0,0,0,0,0,0,0,0,0,0,0,0,0,0,0,0,0,0,0,0,0,0,1,1,,0,0,0,1,0,1,0,0,0,0,0,0,0,999,1,4,1,,,1,998,998
100292,2024,11,3,10,4,04079,,3,2,No inventariada,,4,4,9,2,0,0,2,2,0,0,2,2,2,0,0,0,0,0,0,0,0,0,0,0,0,0,0,0,0,0,0,0,0,0,0,0,1,1,,0,0,0,1,0,1,0,0,0,0,0,0,0,999,1,1,1,,,1,998,998
100293,2024,11,3,17,4,04079,,3,2,No inventariada,,4,3,9,2,0,0,1,1,0,0,1,1,2,0,0,0,0,0,0,0,0,0,0,0,0,0,0,0,0,0,0,0,0,0,0,0,1,4,,0,0,0,0,1,0,1,0,0,0,0,0,0,999,1,1,1,,,1,998,998
100294,2024,12,2,9,4,04079,,3,2,No inventariada,,4,4,9,2,0,0,1,1,0,0,1,1,2,0,0,0,0,0,0,0,0,0,0,0,0,0,0,0,0,0,0,0,0,0,0,0,1,4,,0,0,0,0,1,0,1,0,0,0,0,0,0,999,1,2,1,,,1,998,998
100295,2024,12,3,12,4,04079,,3,2,No inventariada,,4,4,9,2,0,0,1,1,0,0,1,1,2,0,0,0,0,0,0,0,0,0,0,0,0,0,0,0,0,0,0,0,0,0,0,0,1,1,,0,0,0,0,1,0,1,0,0,0,0,0,0,999,1,1,1,,,1,998,998
100296,2024,12,1,13,4,04079,,3,2,No inventariada,,4,4,9,2,0,0,1,1,0,0,1,1,2,0,0,0,0,0,0,0,0,0,0,0,0,0,0,0,0,0,0,0,0,0,0,0,1,1,,0,0,0,1,0,1,0,0,0,0,0,0,0,999,1,1,1,,,1,998,998
100297,2024,12,5,15,4,04079,,3,2,No inventariada,,4,4,9,4,0,0,3,3,0,0,3,3,3,0,0,0,0,0,0,0,0,0,0,0,0,0,0,0,0,0,0,0,0,0,0,0,2,,,999,999,999,999,999,999,999,999,999,999,999,999,999,999,1,1,1,,,1,998,998
100298,2024,12,2,15,4,04079,,3,2,No inventariada,,4,4,9,4,0,0,1,1,0,0,1,1,2,0,0,0,0,0,0,0,0,0,0,0,0,0,0,0,0,0,0,0,0,0,0,0,1,4,,1,0,0,0,0,0,0,0,0,0,0,0,0,999,1,1,1,,,1,998,998
100299,2024,11,5,22,4,04079,,3,2,No inventariada,,4,4,9,2,0,0,2,2,0,0,2,2,2,0,0,0,0,0,0,0,0,0,0,0,0,0,0,0,0,0,0,0,0,0,0,0,1,4,,0,0,0,0,1,0,1,0,0,0,0,0,0,999,1,4,1,,,1,998,998
100300,2024,12,7,20,4,04079,,3,2,No inventariada,,4,4,9,2,0,0,2,2,0,0,2,2,2,0,0,0,0,0,0,0,0,0,0,0,0,0,0,0,0,0,0,0,0,0,0,0,1,4,,1,0,0,0,0,0,0,0,0,0,0,0,0,999,1,4,1,,,1,998,998
100301,2024,12,1,0,4,04079,,3,2,No inventariada,,4,4,9,19,0,0,1,1,0,0,1,1,1,0,0,0,0,0,0,0,0,0,0,0,0,0,0,0,0,0,0,0,0,0,0,0,2,,,999,999,999,999,999,999,999,999,999,999,999,999,999,999,1,4,1,,,1,998,998
100302,2024,12,4,19,4,04079,,3,2,No inventariada,,4,4,9,2,0,0,2,2,0,0,2,2,2,0,0,0,0,0,0,0,0,0,0,0,0,0,0,0,0,0,0,0,0,0,0,0,1,1,,0,0,0,1,0,1,0,0,0,0,0,0,0,999,1,4,1,,,1,998,998
100303,2024,12,6,14,4,04100,,3,2,No inventariada,,4,4,9,2,0,0,3,3,0,0,3,3,2,0,0,0,0,0,0,0,0,0,0,0,0,0,0,0,0,0,0,0,0,0,0,0,2,,,999,999,999,999,999,999,999,999,999,999,999,999,999,1,1,1,1,,,1,998,998
100304,2024,10,5,11,4,04902,,3,2,No inventariada,,4,4,9,2,0,0,1,1,0,0,1,1,2,0,0,0,0,0,0,0,0,0,0,0,0,0,0,0,0,0,0,0,0,0,0,0,1,1,,0,0,0,1,0,0,0,0,0,0,0,0,0,999,1,1,1,1,,1,998,998
100305,2024,10,7,13,4,04902,,3,2,No inventariada,,4,4,9,7,0,0,1,1,0,0,1,1,2,0,0,0,0,0,0,0,0,0,0,0,0,0,0,0,0,0,0,0,0,0,0,0,1,4,,0,0,0,0,0,0,1,0,0,0,0,0,0,999,1,1,1,,,1,998,998
100306,2024,10,2,9,4,04902,,3,2,No inventariada,,4,4,9,1,0,0,1,1,0,0,1,1,2,0,0,0,0,0,0,0,0,0,0,0,0,0,0,0,0,0,0,0,0,0,0,0,1,4,,0,0,0,0,0,0,1,0,0,0,0,0,0,999,1,1,1,,,1,998,998
100307,2024,10,3,7,4,04902,,3,2,No inventariada,,4,4,9,2,0,0,1,1,0,0,1,1,2,0,0,0,0,0,0,0,0,0,0,0,0,0,0,0,0,0,0,0,0,0,0,0,1,4,,0,0,0,0,0,0,0,1,0,0,0,0,0,999,1,2,1,,,18,998,998
100308,2024,10,5,18,4,04902,,3,2,No inventariada,,4,4,9,1,0,0,1,1,0,0,1,1,2,0,0,0,0,0,0,0,0,0,0,0,0,0,0,0,0,0,0,0,0,0,0,0,2,,,999,999,999,999,999,999,999,999,999,999,999,999,999,999,1,1,1,,,18,998,998
100309,2024,10,1,10,4,04902,,3,2,No inventariada,,4,4,9,1,0,0,1,1,0,0,1,1,2,0,0,0,0,0,0,0,0,0,0,0,0,0,0,0,0,0,0,0,0,0,0,0,1,1,,1,0,0,0,0,0,0,0,0,0,0,0,0,999,8,1,1,,,18,998,998
100310,2024,10,6,10,4,04902,,3,2,No inventariada,,4,4,9,2,0,0,1,1,0,0,1,1,2,0,0,0,0,0,0,0,0,0,0,0,0,0,0,0,0,0,0,0,0,0,0,0,1,1,,0,0,0,0,1,0,1,0,0,0,0,0,0,999,1,1,1,,,18,998,998
100311,2024,10,1,14,4,04902,,3,2,No inventariada,,4,4,9,2,0,0,3,3,0,0,3,3,2,0,0,0,0,0,0,0,0,0,0,0,0,0,0,0,0,0,0,0,0,0,0,0,1,1,,1,0,0,0,0,0,0,0,0,0,0,0,0,999,1,1,1,,,1,998,998
100312,2024,10,1,15,4,04902,,3,2,No inventariada,,4,4,9,7,0,0,1,1,0,0,1,1,1,0,0,0,0,0,0,0,0,0,0,0,0,0,0,0,0,0,0,0,0,0,0,0,2,,,0,0,0,0,0,0,0,0,1,0,0,0,0,999,1,1,1,,,1,1,998